[2026-03-26 22:09:10] local.ERROR: SQLSTATE[HY000] [2002] No se puede establecer una conexión ya que el equipo de destino denegó expresamente dicha conexión (Connection: mysql, Host: 127.0.0.1, Port: 3306, Database: dwes_tarea5, SQL: select exists (select 1 from information_schema.tables where table_schema = schema() and table_name = 'migrations' and table_type in ('BASE TABLE', 'SYSTEM VERSIONED')) as `exists`) {"exception":"[object] (Illuminate\\Database\\QueryException(code: 2002): SQLSTATE[HY000] [2002] No se puede establecer una conexión ya que el equipo de destino denegó expresamente dicha conexión (Connection: mysql, Host: 127.0.0.1, Port: 3306, Database: dwes_tarea5, SQL: select exists (select 1 from information_schema.tables where table_schema = schema() and table_name = 'migrations' and table_type in ('BASE TABLE', 'SYSTEM VERSIONED')) as `exists`) at C:/Users/aleja/dwes05-te-2526-avillastrigo/vendor/laravel/framework/src/Illuminate/Database/Connection.php:841)
[stacktrace]
#0 C:/Users/aleja/dwes05-te-2526-avillastrigo/vendor/laravel/framework/src/Illuminate/Database/Connection.php(797): Illuminate/Database/Connection->runQueryCallback('select exists (...', Array, Object(Closure))
#1 C:/Users/aleja/dwes05-te-2526-avillastrigo/vendor/laravel/framework/src/Illuminate/Database/Connection.php(412): Illuminate/Database/Connection->run('select exists (...', Array, Object(Closure))
#2 C:/Users/aleja/dwes05-te-2526-avillastrigo/vendor/laravel/framework/src/Illuminate/Database/Connection.php(357): Illuminate/Database/Connection->select('select exists (...', Array, true)
#3 C:/Users/aleja/dwes05-te-2526-avillastrigo/vendor/laravel/framework/src/Illuminate/Database/Connection.php(374): Illuminate/Database/Connection->selectOne('select exists (...', Array, true)
#4 C:/Users/aleja/dwes05-te-2526-avillastrigo/vendor/laravel/framework/src/Illuminate/Database/Schema/Builder.php(176): Illuminate/Database/Connection->scalar('select exists (...')
#5 C:/Users/aleja/dwes05-te-2526-avillastrigo/vendor/laravel/framework/src/Illuminate/Database/Migrations/DatabaseMigrationRepository.php(185): Illuminate/Database/Schema/Builder->hasTable('migrations')
#6 C:/Users/aleja/dwes05-te-2526-avillastrigo/vendor/laravel/framework/src/Illuminate/Database/Migrations/Migrator.php(758): Illuminate/Database/Migrations/DatabaseMigrationRepository->repositoryExists()
#7 C:/Users/aleja/dwes05-te-2526-avillastrigo/vendor/laravel/framework/src/Illuminate/Database/Console/Migrations/MigrateCommand.php(166): Illuminate/Database/Migrations/Migrator->repositoryExists()
#8 C:/Users/aleja/dwes05-te-2526-avillastrigo/vendor/laravel/framework/src/Illuminate/Support/helpers.php(328): Illuminate/Database/Console/Migrations/MigrateCommand->{closure:Illuminate/Database/Console/Migrations/MigrateCommand::repositoryExists():166}(1)
#9 C:/Users/aleja/dwes05-te-2526-avillastrigo/vendor/laravel/framework/src/Illuminate/Database/Console/Migrations/MigrateCommand.php(166): retry(1, Object(Closure), 0, Object(Closure))
#10 C:/Users/aleja/dwes05-te-2526-avillastrigo/vendor/laravel/framework/src/Illuminate/Database/Console/Migrations/MigrateCommand.php(142): Illuminate/Database/Console/Migrations/MigrateCommand->repositoryExists()
#11 C:/Users/aleja/dwes05-te-2526-avillastrigo/vendor/laravel/framework/src/Illuminate/Database/Console/Migrations/MigrateCommand.php(112): Illuminate/Database/Console/Migrations/MigrateCommand->prepareDatabase()
#12 C:/Users/aleja/dwes05-te-2526-avillastrigo/vendor/laravel/framework/src/Illuminate/Database/Migrations/Migrator.php(671): Illuminate/Database/Console/Migrations/MigrateCommand->{closure:Illuminate/Database/Console/Migrations/MigrateCommand::runMigrations():111}()
#13 C:/Users/aleja/dwes05-te-2526-avillastrigo/vendor/laravel/framework/src/Illuminate/Database/Console/Migrations/MigrateCommand.php(111): Illuminate/Database/Migrations/Migrator->usingConnection(NULL, Object(Closure))
#14 C:/Users/aleja/dwes05-te-2526-avillastrigo/vendor/laravel/framework/src/Illuminate/Database/Console/Migrations/MigrateCommand.php(90): Illuminate/Database/Console/Migrations/MigrateCommand->runMigrations()
#15 C:/Users/aleja/dwes05-te-2526-avillastrigo/vendor/laravel/framework/src/Illuminate/Container/BoundMethod.php(36): Illuminate/Database/Console/Migrations/MigrateCommand->handle()
#16 C:/Users/aleja/dwes05-te-2526-avillastrigo/vendor/laravel/framework/src/Illuminate/Container/Util.php(43): Illuminate/Container/BoundMethod::{closure:Illuminate/Container/BoundMethod::call():35}()
#17 C:/Users/aleja/dwes05-te-2526-avillastrigo/vendor/laravel/framework/src/Illuminate/Container/BoundMethod.php(96): Illuminate/Container/Util::unwrapIfClosure(Object(Closure))
#18 C:/Users/aleja/dwes05-te-2526-avillastrigo/vendor/laravel/framework/src/Illuminate/Container/BoundMethod.php(35): Illuminate/Container/BoundMethod::callBoundMethod(Object(Illuminate/Foundation/Application), Array, Object(Closure))
#19 C:/Users/aleja/dwes05-te-2526-avillastrigo/vendor/laravel/framework/src/Illuminate/Container/Container.php(799): Illuminate/Container/BoundMethod::call(Object(Illuminate/Foundation/Application), Array, Array, NULL)
#20 C:/Users/aleja/dwes05-te-2526-avillastrigo/vendor/laravel/framework/src/Illuminate/Console/Command.php(280): Illuminate/Container/Container->call(Array)
#21 C:/Users/aleja/dwes05-te-2526-avillastrigo/vendor/symfony/console/Command/Command.php(291): Illuminate/Console/Command->execute(Object(Symfony/Component/Console/Input/ArgvInput), Object(Illuminate/Console/OutputStyle))
#22 C:/Users/aleja/dwes05-te-2526-avillastrigo/vendor/laravel/framework/src/Illuminate/Console/Command.php(249): Symfony/Component/Console/Command/Command->run(Object(Symfony/Component/Console/Input/ArgvInput), Object(Illuminate/Console/OutputStyle))
#23 C:/Users/aleja/dwes05-te-2526-avillastrigo/vendor/symfony/console/Application.php(1107): Illuminate/Console/Command->run(Object(Symfony/Component/Console/Input/ArgvInput), Object(Symfony/Component/Console/Output/ConsoleOutput))
#24 C:/Users/aleja/dwes05-te-2526-avillastrigo/vendor/symfony/console/Application.php(356): Symfony/Component/Console/Application->doRunCommand(Object(Illuminate/Database/Console/Migrations/MigrateCommand), Object(Symfony/Component/Console/Input/ArgvInput), Object(Symfony/Component/Console/Output/ConsoleOutput))
#25 C:/Users/aleja/dwes05-te-2526-avillastrigo/vendor/symfony/console/Application.php(195): Symfony/Component/Console/Application->doRun(Object(Symfony/Component/Console/Input/ArgvInput), Object(Symfony/Component/Console/Output/ConsoleOutput))
#26 C:/Users/aleja/dwes05-te-2526-avillastrigo/vendor/laravel/framework/src/Illuminate/Foundation/Console/Kernel.php(198): Symfony/Component/Console/Application->run(Object(Symfony/Component/Console/Input/ArgvInput), Object(Symfony/Component/Console/Output/ConsoleOutput))
#27 C:/Users/aleja/dwes05-te-2526-avillastrigo/vendor/laravel/framework/src/Illuminate/Foundation/Application.php(1235): Illuminate/Foundation/Console/Kernel->handle(Object(Symfony/Component/Console/Input/ArgvInput), Object(Symfony/Component/Console/Output/ConsoleOutput))
#28 C:/Users/aleja/dwes05-te-2526-avillastrigo/artisan(16): Illuminate/Foundation/Application->handleCommand(Object(Symfony/Component/Console/Input/ArgvInput))
#29 {main}

[previous exception] [object] (PDOException(code: 2002): SQLSTATE[HY000] [2002] No se puede establecer una conexión ya que el equipo de destino denegó expresamente dicha conexión at C:/Users/aleja/dwes05-te-2526-avillastrigo/vendor/laravel/framework/src/Illuminate/Database/Connectors/Connector.php:67)
[stacktrace]
#0 C:/Users/aleja/dwes05-te-2526-avillastrigo/vendor/laravel/framework/src/Illuminate/Database/Connectors/Connector.php(67): PDO::connect('mysql:host=127....', 'root', Object(SensitiveParameterValue), Array)
#1 C:/Users/aleja/dwes05-te-2526-avillastrigo/vendor/laravel/framework/src/Illuminate/Database/Connectors/Connector.php(44): Illuminate/Database/Connectors/Connector->createPdoConnection('mysql:host=127....', 'root', Object(SensitiveParameterValue), Array)
#2 C:/Users/aleja/dwes05-te-2526-avillastrigo/vendor/laravel/framework/src/Illuminate/Database/Connectors/MySqlConnector.php(24): Illuminate/Database/Connectors/Connector->createConnection('mysql:host=127....', Array, Array)
#3 C:/Users/aleja/dwes05-te-2526-avillastrigo/vendor/laravel/framework/src/Illuminate/Database/Connectors/ConnectionFactory.php(186): Illuminate/Database/Connectors/MySqlConnector->connect(Array)
#4 [internal function]: Illuminate/Database/Connectors/ConnectionFactory->{closure:Illuminate/Database/Connectors/ConnectionFactory::createPdoResolverWithHosts():181}()
#5 C:/Users/aleja/dwes05-te-2526-avillastrigo/vendor/laravel/framework/src/Illuminate/Database/Connection.php(1279): call_user_func(Object(Closure))
#6 C:/Users/aleja/dwes05-te-2526-avillastrigo/vendor/laravel/framework/src/Illuminate/Database/Connection.php(1317): Illuminate/Database/Connection->getPdo()
#7 C:/Users/aleja/dwes05-te-2526-avillastrigo/vendor/laravel/framework/src/Illuminate/Database/Connection.php(528): Illuminate/Database/Connection->getReadPdo()
#8 C:/Users/aleja/dwes05-te-2526-avillastrigo/vendor/laravel/framework/src/Illuminate/Database/Connection.php(421): Illuminate/Database/Connection->getPdoForSelect(true)
#9 C:/Users/aleja/dwes05-te-2526-avillastrigo/vendor/laravel/framework/src/Illuminate/Database/Connection.php(830): Illuminate/Database/Connection->{closure:Illuminate/Database/Connection::select():412}('select exists (...', Array)
#10 C:/Users/aleja/dwes05-te-2526-avillastrigo/vendor/laravel/framework/src/Illuminate/Database/Connection.php(797): Illuminate/Database/Connection->runQueryCallback('select exists (...', Array, Object(Closure))
#11 C:/Users/aleja/dwes05-te-2526-avillastrigo/vendor/laravel/framework/src/Illuminate/Database/Connection.php(412): Illuminate/Database/Connection->run('select exists (...', Array, Object(Closure))
#12 C:/Users/aleja/dwes05-te-2526-avillastrigo/vendor/laravel/framework/src/Illuminate/Database/Connection.php(357): Illuminate/Database/Connection->select('select exists (...', Array, true)
#13 C:/Users/aleja/dwes05-te-2526-avillastrigo/vendor/laravel/framework/src/Illuminate/Database/Connection.php(374): Illuminate/Database/Connection->selectOne('select exists (...', Array, true)
#14 C:/Users/aleja/dwes05-te-2526-avillastrigo/vendor/laravel/framework/src/Illuminate/Database/Schema/Builder.php(176): Illuminate/Database/Connection->scalar('select exists (...')
#15 C:/Users/aleja/dwes05-te-2526-avillastrigo/vendor/laravel/framework/src/Illuminate/Database/Migrations/DatabaseMigrationRepository.php(185): Illuminate/Database/Schema/Builder->hasTable('migrations')
#16 C:/Users/aleja/dwes05-te-2526-avillastrigo/vendor/laravel/framework/src/Illuminate/Database/Migrations/Migrator.php(758): Illuminate/Database/Migrations/DatabaseMigrationRepository->repositoryExists()
#17 C:/Users/aleja/dwes05-te-2526-avillastrigo/vendor/laravel/framework/src/Illuminate/Database/Console/Migrations/MigrateCommand.php(166): Illuminate/Database/Migrations/Migrator->repositoryExists()
#18 C:/Users/aleja/dwes05-te-2526-avillastrigo/vendor/laravel/framework/src/Illuminate/Support/helpers.php(328): Illuminate/Database/Console/Migrations/MigrateCommand->{closure:Illuminate/Database/Console/Migrations/MigrateCommand::repositoryExists():166}(1)
#19 C:/Users/aleja/dwes05-te-2526-avillastrigo/vendor/laravel/framework/src/Illuminate/Database/Console/Migrations/MigrateCommand.php(166): retry(1, Object(Closure), 0, Object(Closure))
#20 C:/Users/aleja/dwes05-te-2526-avillastrigo/vendor/laravel/framework/src/Illuminate/Database/Console/Migrations/MigrateCommand.php(142): Illuminate/Database/Console/Migrations/MigrateCommand->repositoryExists()
#21 C:/Users/aleja/dwes05-te-2526-avillastrigo/vendor/laravel/framework/src/Illuminate/Database/Console/Migrations/MigrateCommand.php(112): Illuminate/Database/Console/Migrations/MigrateCommand->prepareDatabase()
#22 C:/Users/aleja/dwes05-te-2526-avillastrigo/vendor/laravel/framework/src/Illuminate/Database/Migrations/Migrator.php(671): Illuminate/Database/Console/Migrations/MigrateCommand->{closure:Illuminate/Database/Console/Migrations/MigrateCommand::runMigrations():111}()
#23 C:/Users/aleja/dwes05-te-2526-avillastrigo/vendor/laravel/framework/src/Illuminate/Database/Console/Migrations/MigrateCommand.php(111): Illuminate/Database/Migrations/Migrator->usingConnection(NULL, Object(Closure))
#24 C:/Users/aleja/dwes05-te-2526-avillastrigo/vendor/laravel/framework/src/Illuminate/Database/Console/Migrations/MigrateCommand.php(90): Illuminate/Database/Console/Migrations/MigrateCommand->runMigrations()
#25 C:/Users/aleja/dwes05-te-2526-avillastrigo/vendor/laravel/framework/src/Illuminate/Container/BoundMethod.php(36): Illuminate/Database/Console/Migrations/MigrateCommand->handle()
#26 C:/Users/aleja/dwes05-te-2526-avillastrigo/vendor/laravel/framework/src/Illuminate/Container/Util.php(43): Illuminate/Container/BoundMethod::{closure:Illuminate/Container/BoundMethod::call():35}()
#27 C:/Users/aleja/dwes05-te-2526-avillastrigo/vendor/laravel/framework/src/Illuminate/Container/BoundMethod.php(96): Illuminate/Container/Util::unwrapIfClosure(Object(Closure))
#28 C:/Users/aleja/dwes05-te-2526-avillastrigo/vendor/laravel/framework/src/Illuminate/Container/BoundMethod.php(35): Illuminate/Container/BoundMethod::callBoundMethod(Object(Illuminate/Foundation/Application), Array, Object(Closure))
#29 C:/Users/aleja/dwes05-te-2526-avillastrigo/vendor/laravel/framework/src/Illuminate/Container/Container.php(799): Illuminate/Container/BoundMethod::call(Object(Illuminate/Foundation/Application), Array, Array, NULL)
#30 C:/Users/aleja/dwes05-te-2526-avillastrigo/vendor/laravel/framework/src/Illuminate/Console/Command.php(280): Illuminate/Container/Container->call(Array)
#31 C:/Users/aleja/dwes05-te-2526-avillastrigo/vendor/symfony/console/Command/Command.php(291): Illuminate/Console/Command->execute(Object(Symfony/Component/Console/Input/ArgvInput), Object(Illuminate/Console/OutputStyle))
#32 C:/Users/aleja/dwes05-te-2526-avillastrigo/vendor/laravel/framework/src/Illuminate/Console/Command.php(249): Symfony/Component/Console/Command/Command->run(Object(Symfony/Component/Console/Input/ArgvInput), Object(Illuminate/Console/OutputStyle))
#33 C:/Users/aleja/dwes05-te-2526-avillastrigo/vendor/symfony/console/Application.php(1107): Illuminate/Console/Command->run(Object(Symfony/Component/Console/Input/ArgvInput), Object(Symfony/Component/Console/Output/ConsoleOutput))
#34 C:/Users/aleja/dwes05-te-2526-avillastrigo/vendor/symfony/console/Application.php(356): Symfony/Component/Console/Application->doRunCommand(Object(Illuminate/Database/Console/Migrations/MigrateCommand), Object(Symfony/Component/Console/Input/ArgvInput), Object(Symfony/Component/Console/Output/ConsoleOutput))
#35 C:/Users/aleja/dwes05-te-2526-avillastrigo/vendor/symfony/console/Application.php(195): Symfony/Component/Console/Application->doRun(Object(Symfony/Component/Console/Input/ArgvInput), Object(Symfony/Component/Console/Output/ConsoleOutput))
#36 C:/Users/aleja/dwes05-te-2526-avillastrigo/vendor/laravel/framework/src/Illuminate/Foundation/Console/Kernel.php(198): Symfony/Component/Console/Application->run(Object(Symfony/Component/Console/Input/ArgvInput), Object(Symfony/Component/Console/Output/ConsoleOutput))
#37 C:/Users/aleja/dwes05-te-2526-avillastrigo/vendor/laravel/framework/src/Illuminate/Foundation/Application.php(1235): Illuminate/Foundation/Console/Kernel->handle(Object(Symfony/Component/Console/Input/ArgvInput), Object(Symfony/Component/Console/Output/ConsoleOutput))
#38 C:/Users/aleja/dwes05-te-2526-avillastrigo/artisan(16): Illuminate/Foundation/Application->handleCommand(Object(Symfony/Component/Console/Input/ArgvInput))
#39 {main}
"} 
[2026-03-27 11:25:54] local.ERROR: SQLSTATE[HY000] [2002] No se puede establecer una conexión ya que el equipo de destino denegó expresamente dicha conexión (Connection: mysql, Host: 127.0.0.1, Port: 3306, Database: dwes_tarea5, SQL: select exists (select 1 from information_schema.tables where table_schema = schema() and table_name = 'migrations' and table_type in ('BASE TABLE', 'SYSTEM VERSIONED')) as `exists`) {"exception":"[object] (Illuminate\\Database\\QueryException(code: 2002): SQLSTATE[HY000] [2002] No se puede establecer una conexión ya que el equipo de destino denegó expresamente dicha conexión (Connection: mysql, Host: 127.0.0.1, Port: 3306, Database: dwes_tarea5, SQL: select exists (select 1 from information_schema.tables where table_schema = schema() and table_name = 'migrations' and table_type in ('BASE TABLE', 'SYSTEM VERSIONED')) as `exists`) at C:/Users/aleja/OneDrive/Escritorio/dwes05-te-2526-avillastrigo/vendor/laravel/framework/src/Illuminate/Database/Connection.php:841)
[stacktrace]
#0 C:/Users/aleja/OneDrive/Escritorio/dwes05-te-2526-avillastrigo/vendor/laravel/framework/src/Illuminate/Database/Connection.php(797): Illuminate/Database/Connection->runQueryCallback('select exists (...', Array, Object(Closure))
#1 C:/Users/aleja/OneDrive/Escritorio/dwes05-te-2526-avillastrigo/vendor/laravel/framework/src/Illuminate/Database/Connection.php(412): Illuminate/Database/Connection->run('select exists (...', Array, Object(Closure))
#2 C:/Users/aleja/OneDrive/Escritorio/dwes05-te-2526-avillastrigo/vendor/laravel/framework/src/Illuminate/Database/Connection.php(357): Illuminate/Database/Connection->select('select exists (...', Array, true)
#3 C:/Users/aleja/OneDrive/Escritorio/dwes05-te-2526-avillastrigo/vendor/laravel/framework/src/Illuminate/Database/Connection.php(374): Illuminate/Database/Connection->selectOne('select exists (...', Array, true)
#4 C:/Users/aleja/OneDrive/Escritorio/dwes05-te-2526-avillastrigo/vendor/laravel/framework/src/Illuminate/Database/Schema/Builder.php(176): Illuminate/Database/Connection->scalar('select exists (...')
#5 C:/Users/aleja/OneDrive/Escritorio/dwes05-te-2526-avillastrigo/vendor/laravel/framework/src/Illuminate/Database/Migrations/DatabaseMigrationRepository.php(185): Illuminate/Database/Schema/Builder->hasTable('migrations')
#6 C:/Users/aleja/OneDrive/Escritorio/dwes05-te-2526-avillastrigo/vendor/laravel/framework/src/Illuminate/Database/Migrations/Migrator.php(758): Illuminate/Database/Migrations/DatabaseMigrationRepository->repositoryExists()
#7 C:/Users/aleja/OneDrive/Escritorio/dwes05-te-2526-avillastrigo/vendor/laravel/framework/src/Illuminate/Database/Console/Migrations/MigrateCommand.php(166): Illuminate/Database/Migrations/Migrator->repositoryExists()
#8 C:/Users/aleja/OneDrive/Escritorio/dwes05-te-2526-avillastrigo/vendor/laravel/framework/src/Illuminate/Support/helpers.php(328): Illuminate/Database/Console/Migrations/MigrateCommand->{closure:Illuminate/Database/Console/Migrations/MigrateCommand::repositoryExists():166}(1)
#9 C:/Users/aleja/OneDrive/Escritorio/dwes05-te-2526-avillastrigo/vendor/laravel/framework/src/Illuminate/Database/Console/Migrations/MigrateCommand.php(166): retry(1, Object(Closure), 0, Object(Closure))
#10 C:/Users/aleja/OneDrive/Escritorio/dwes05-te-2526-avillastrigo/vendor/laravel/framework/src/Illuminate/Database/Console/Migrations/MigrateCommand.php(142): Illuminate/Database/Console/Migrations/MigrateCommand->repositoryExists()
#11 C:/Users/aleja/OneDrive/Escritorio/dwes05-te-2526-avillastrigo/vendor/laravel/framework/src/Illuminate/Database/Console/Migrations/MigrateCommand.php(112): Illuminate/Database/Console/Migrations/MigrateCommand->prepareDatabase()
#12 C:/Users/aleja/OneDrive/Escritorio/dwes05-te-2526-avillastrigo/vendor/laravel/framework/src/Illuminate/Database/Migrations/Migrator.php(671): Illuminate/Database/Console/Migrations/MigrateCommand->{closure:Illuminate/Database/Console/Migrations/MigrateCommand::runMigrations():111}()
#13 C:/Users/aleja/OneDrive/Escritorio/dwes05-te-2526-avillastrigo/vendor/laravel/framework/src/Illuminate/Database/Console/Migrations/MigrateCommand.php(111): Illuminate/Database/Migrations/Migrator->usingConnection(NULL, Object(Closure))
#14 C:/Users/aleja/OneDrive/Escritorio/dwes05-te-2526-avillastrigo/vendor/laravel/framework/src/Illuminate/Database/Console/Migrations/MigrateCommand.php(90): Illuminate/Database/Console/Migrations/MigrateCommand->runMigrations()
#15 C:/Users/aleja/OneDrive/Escritorio/dwes05-te-2526-avillastrigo/vendor/laravel/framework/src/Illuminate/Container/BoundMethod.php(36): Illuminate/Database/Console/Migrations/MigrateCommand->handle()
#16 C:/Users/aleja/OneDrive/Escritorio/dwes05-te-2526-avillastrigo/vendor/laravel/framework/src/Illuminate/Container/Util.php(43): Illuminate/Container/BoundMethod::{closure:Illuminate/Container/BoundMethod::call():35}()
#17 C:/Users/aleja/OneDrive/Escritorio/dwes05-te-2526-avillastrigo/vendor/laravel/framework/src/Illuminate/Container/BoundMethod.php(96): Illuminate/Container/Util::unwrapIfClosure(Object(Closure))
#18 C:/Users/aleja/OneDrive/Escritorio/dwes05-te-2526-avillastrigo/vendor/laravel/framework/src/Illuminate/Container/BoundMethod.php(35): Illuminate/Container/BoundMethod::callBoundMethod(Object(Illuminate/Foundation/Application), Array, Object(Closure))
#19 C:/Users/aleja/OneDrive/Escritorio/dwes05-te-2526-avillastrigo/vendor/laravel/framework/src/Illuminate/Container/Container.php(799): Illuminate/Container/BoundMethod::call(Object(Illuminate/Foundation/Application), Array, Array, NULL)
#20 C:/Users/aleja/OneDrive/Escritorio/dwes05-te-2526-avillastrigo/vendor/laravel/framework/src/Illuminate/Console/Command.php(280): Illuminate/Container/Container->call(Array)
#21 C:/Users/aleja/OneDrive/Escritorio/dwes05-te-2526-avillastrigo/vendor/symfony/console/Command/Command.php(291): Illuminate/Console/Command->execute(Object(Symfony/Component/Console/Input/ArrayInput), Object(Illuminate/Console/OutputStyle))
#22 C:/Users/aleja/OneDrive/Escritorio/dwes05-te-2526-avillastrigo/vendor/laravel/framework/src/Illuminate/Console/Command.php(249): Symfony/Component/Console/Command/Command->run(Object(Symfony/Component/Console/Input/ArrayInput), Object(Illuminate/Console/OutputStyle))
#23 C:/Users/aleja/OneDrive/Escritorio/dwes05-te-2526-avillastrigo/vendor/laravel/framework/src/Illuminate/Console/Concerns/CallsCommands.php(68): Illuminate/Console/Command->run(Object(Symfony/Component/Console/Input/ArrayInput), Object(Illuminate/Console/OutputStyle))
#24 C:/Users/aleja/OneDrive/Escritorio/dwes05-te-2526-avillastrigo/vendor/laravel/framework/src/Illuminate/Console/Concerns/CallsCommands.php(29): Illuminate/Console/Command->runCommand('migrate', Array, Object(Illuminate/Console/OutputStyle))
#25 C:/Users/aleja/OneDrive/Escritorio/dwes05-te-2526-avillastrigo/vendor/laravel/framework/src/Illuminate/Foundation/Console/ApiInstallCommand.php(80): Illuminate/Console/Command->call('migrate')
#26 C:/Users/aleja/OneDrive/Escritorio/dwes05-te-2526-avillastrigo/vendor/laravel/framework/src/Illuminate/Container/BoundMethod.php(36): Illuminate/Foundation/Console/ApiInstallCommand->handle()
#27 C:/Users/aleja/OneDrive/Escritorio/dwes05-te-2526-avillastrigo/vendor/laravel/framework/src/Illuminate/Container/Util.php(43): Illuminate/Container/BoundMethod::{closure:Illuminate/Container/BoundMethod::call():35}()
#28 C:/Users/aleja/OneDrive/Escritorio/dwes05-te-2526-avillastrigo/vendor/laravel/framework/src/Illuminate/Container/BoundMethod.php(96): Illuminate/Container/Util::unwrapIfClosure(Object(Closure))
#29 C:/Users/aleja/OneDrive/Escritorio/dwes05-te-2526-avillastrigo/vendor/laravel/framework/src/Illuminate/Container/BoundMethod.php(35): Illuminate/Container/BoundMethod::callBoundMethod(Object(Illuminate/Foundation/Application), Array, Object(Closure))
#30 C:/Users/aleja/OneDrive/Escritorio/dwes05-te-2526-avillastrigo/vendor/laravel/framework/src/Illuminate/Container/Container.php(799): Illuminate/Container/BoundMethod::call(Object(Illuminate/Foundation/Application), Array, Array, NULL)
#31 C:/Users/aleja/OneDrive/Escritorio/dwes05-te-2526-avillastrigo/vendor/laravel/framework/src/Illuminate/Console/Command.php(280): Illuminate/Container/Container->call(Array)
#32 C:/Users/aleja/OneDrive/Escritorio/dwes05-te-2526-avillastrigo/vendor/symfony/console/Command/Command.php(291): Illuminate/Console/Command->execute(Object(Symfony/Component/Console/Input/ArgvInput), Object(Illuminate/Console/OutputStyle))
#33 C:/Users/aleja/OneDrive/Escritorio/dwes05-te-2526-avillastrigo/vendor/laravel/framework/src/Illuminate/Console/Command.php(249): Symfony/Component/Console/Command/Command->run(Object(Symfony/Component/Console/Input/ArgvInput), Object(Illuminate/Console/OutputStyle))
#34 C:/Users/aleja/OneDrive/Escritorio/dwes05-te-2526-avillastrigo/vendor/symfony/console/Application.php(1107): Illuminate/Console/Command->run(Object(Symfony/Component/Console/Input/ArgvInput), Object(Symfony/Component/Console/Output/ConsoleOutput))
#35 C:/Users/aleja/OneDrive/Escritorio/dwes05-te-2526-avillastrigo/vendor/symfony/console/Application.php(356): Symfony/Component/Console/Application->doRunCommand(Object(Illuminate/Foundation/Console/ApiInstallCommand), Object(Symfony/Component/Console/Input/ArgvInput), Object(Symfony/Component/Console/Output/ConsoleOutput))
#36 C:/Users/aleja/OneDrive/Escritorio/dwes05-te-2526-avillastrigo/vendor/symfony/console/Application.php(195): Symfony/Component/Console/Application->doRun(Object(Symfony/Component/Console/Input/ArgvInput), Object(Symfony/Component/Console/Output/ConsoleOutput))
#37 C:/Users/aleja/OneDrive/Escritorio/dwes05-te-2526-avillastrigo/vendor/laravel/framework/src/Illuminate/Foundation/Console/Kernel.php(198): Symfony/Component/Console/Application->run(Object(Symfony/Component/Console/Input/ArgvInput), Object(Symfony/Component/Console/Output/ConsoleOutput))
#38 C:/Users/aleja/OneDrive/Escritorio/dwes05-te-2526-avillastrigo/vendor/laravel/framework/src/Illuminate/Foundation/Application.php(1235): Illuminate/Foundation/Console/Kernel->handle(Object(Symfony/Component/Console/Input/ArgvInput), Object(Symfony/Component/Console/Output/ConsoleOutput))
#39 C:/Users/aleja/OneDrive/Escritorio/dwes05-te-2526-avillastrigo/artisan(16): Illuminate/Foundation/Application->handleCommand(Object(Symfony/Component/Console/Input/ArgvInput))
#40 {main}

[previous exception] [object] (PDOException(code: 2002): SQLSTATE[HY000] [2002] No se puede establecer una conexión ya que el equipo de destino denegó expresamente dicha conexión at C:/Users/aleja/OneDrive/Escritorio/dwes05-te-2526-avillastrigo/vendor/laravel/framework/src/Illuminate/Database/Connectors/Connector.php:67)
[stacktrace]
#0 C:/Users/aleja/OneDrive/Escritorio/dwes05-te-2526-avillastrigo/vendor/laravel/framework/src/Illuminate/Database/Connectors/Connector.php(67): PDO::connect('mysql:host=127....', 'root', Object(SensitiveParameterValue), Array)
#1 C:/Users/aleja/OneDrive/Escritorio/dwes05-te-2526-avillastrigo/vendor/laravel/framework/src/Illuminate/Database/Connectors/Connector.php(44): Illuminate/Database/Connectors/Connector->createPdoConnection('mysql:host=127....', 'root', Object(SensitiveParameterValue), Array)
#2 C:/Users/aleja/OneDrive/Escritorio/dwes05-te-2526-avillastrigo/vendor/laravel/framework/src/Illuminate/Database/Connectors/MySqlConnector.php(24): Illuminate/Database/Connectors/Connector->createConnection('mysql:host=127....', Array, Array)
#3 C:/Users/aleja/OneDrive/Escritorio/dwes05-te-2526-avillastrigo/vendor/laravel/framework/src/Illuminate/Database/Connectors/ConnectionFactory.php(186): Illuminate/Database/Connectors/MySqlConnector->connect(Array)
#4 [internal function]: Illuminate/Database/Connectors/ConnectionFactory->{closure:Illuminate/Database/Connectors/ConnectionFactory::createPdoResolverWithHosts():181}()
#5 C:/Users/aleja/OneDrive/Escritorio/dwes05-te-2526-avillastrigo/vendor/laravel/framework/src/Illuminate/Database/Connection.php(1279): call_user_func(Object(Closure))
#6 C:/Users/aleja/OneDrive/Escritorio/dwes05-te-2526-avillastrigo/vendor/laravel/framework/src/Illuminate/Database/Connection.php(1317): Illuminate/Database/Connection->getPdo()
#7 C:/Users/aleja/OneDrive/Escritorio/dwes05-te-2526-avillastrigo/vendor/laravel/framework/src/Illuminate/Database/Connection.php(528): Illuminate/Database/Connection->getReadPdo()
#8 C:/Users/aleja/OneDrive/Escritorio/dwes05-te-2526-avillastrigo/vendor/laravel/framework/src/Illuminate/Database/Connection.php(421): Illuminate/Database/Connection->getPdoForSelect(true)
#9 C:/Users/aleja/OneDrive/Escritorio/dwes05-te-2526-avillastrigo/vendor/laravel/framework/src/Illuminate/Database/Connection.php(830): Illuminate/Database/Connection->{closure:Illuminate/Database/Connection::select():412}('select exists (...', Array)
#10 C:/Users/aleja/OneDrive/Escritorio/dwes05-te-2526-avillastrigo/vendor/laravel/framework/src/Illuminate/Database/Connection.php(797): Illuminate/Database/Connection->runQueryCallback('select exists (...', Array, Object(Closure))
#11 C:/Users/aleja/OneDrive/Escritorio/dwes05-te-2526-avillastrigo/vendor/laravel/framework/src/Illuminate/Database/Connection.php(412): Illuminate/Database/Connection->run('select exists (...', Array, Object(Closure))
#12 C:/Users/aleja/OneDrive/Escritorio/dwes05-te-2526-avillastrigo/vendor/laravel/framework/src/Illuminate/Database/Connection.php(357): Illuminate/Database/Connection->select('select exists (...', Array, true)
#13 C:/Users/aleja/OneDrive/Escritorio/dwes05-te-2526-avillastrigo/vendor/laravel/framework/src/Illuminate/Database/Connection.php(374): Illuminate/Database/Connection->selectOne('select exists (...', Array, true)
#14 C:/Users/aleja/OneDrive/Escritorio/dwes05-te-2526-avillastrigo/vendor/laravel/framework/src/Illuminate/Database/Schema/Builder.php(176): Illuminate/Database/Connection->scalar('select exists (...')
#15 C:/Users/aleja/OneDrive/Escritorio/dwes05-te-2526-avillastrigo/vendor/laravel/framework/src/Illuminate/Database/Migrations/DatabaseMigrationRepository.php(185): Illuminate/Database/Schema/Builder->hasTable('migrations')
#16 C:/Users/aleja/OneDrive/Escritorio/dwes05-te-2526-avillastrigo/vendor/laravel/framework/src/Illuminate/Database/Migrations/Migrator.php(758): Illuminate/Database/Migrations/DatabaseMigrationRepository->repositoryExists()
#17 C:/Users/aleja/OneDrive/Escritorio/dwes05-te-2526-avillastrigo/vendor/laravel/framework/src/Illuminate/Database/Console/Migrations/MigrateCommand.php(166): Illuminate/Database/Migrations/Migrator->repositoryExists()
#18 C:/Users/aleja/OneDrive/Escritorio/dwes05-te-2526-avillastrigo/vendor/laravel/framework/src/Illuminate/Support/helpers.php(328): Illuminate/Database/Console/Migrations/MigrateCommand->{closure:Illuminate/Database/Console/Migrations/MigrateCommand::repositoryExists():166}(1)
#19 C:/Users/aleja/OneDrive/Escritorio/dwes05-te-2526-avillastrigo/vendor/laravel/framework/src/Illuminate/Database/Console/Migrations/MigrateCommand.php(166): retry(1, Object(Closure), 0, Object(Closure))
#20 C:/Users/aleja/OneDrive/Escritorio/dwes05-te-2526-avillastrigo/vendor/laravel/framework/src/Illuminate/Database/Console/Migrations/MigrateCommand.php(142): Illuminate/Database/Console/Migrations/MigrateCommand->repositoryExists()
#21 C:/Users/aleja/OneDrive/Escritorio/dwes05-te-2526-avillastrigo/vendor/laravel/framework/src/Illuminate/Database/Console/Migrations/MigrateCommand.php(112): Illuminate/Database/Console/Migrations/MigrateCommand->prepareDatabase()
#22 C:/Users/aleja/OneDrive/Escritorio/dwes05-te-2526-avillastrigo/vendor/laravel/framework/src/Illuminate/Database/Migrations/Migrator.php(671): Illuminate/Database/Console/Migrations/MigrateCommand->{closure:Illuminate/Database/Console/Migrations/MigrateCommand::runMigrations():111}()
#23 C:/Users/aleja/OneDrive/Escritorio/dwes05-te-2526-avillastrigo/vendor/laravel/framework/src/Illuminate/Database/Console/Migrations/MigrateCommand.php(111): Illuminate/Database/Migrations/Migrator->usingConnection(NULL, Object(Closure))
#24 C:/Users/aleja/OneDrive/Escritorio/dwes05-te-2526-avillastrigo/vendor/laravel/framework/src/Illuminate/Database/Console/Migrations/MigrateCommand.php(90): Illuminate/Database/Console/Migrations/MigrateCommand->runMigrations()
#25 C:/Users/aleja/OneDrive/Escritorio/dwes05-te-2526-avillastrigo/vendor/laravel/framework/src/Illuminate/Container/BoundMethod.php(36): Illuminate/Database/Console/Migrations/MigrateCommand->handle()
#26 C:/Users/aleja/OneDrive/Escritorio/dwes05-te-2526-avillastrigo/vendor/laravel/framework/src/Illuminate/Container/Util.php(43): Illuminate/Container/BoundMethod::{closure:Illuminate/Container/BoundMethod::call():35}()
#27 C:/Users/aleja/OneDrive/Escritorio/dwes05-te-2526-avillastrigo/vendor/laravel/framework/src/Illuminate/Container/BoundMethod.php(96): Illuminate/Container/Util::unwrapIfClosure(Object(Closure))
#28 C:/Users/aleja/OneDrive/Escritorio/dwes05-te-2526-avillastrigo/vendor/laravel/framework/src/Illuminate/Container/BoundMethod.php(35): Illuminate/Container/BoundMethod::callBoundMethod(Object(Illuminate/Foundation/Application), Array, Object(Closure))
#29 C:/Users/aleja/OneDrive/Escritorio/dwes05-te-2526-avillastrigo/vendor/laravel/framework/src/Illuminate/Container/Container.php(799): Illuminate/Container/BoundMethod::call(Object(Illuminate/Foundation/Application), Array, Array, NULL)
#30 C:/Users/aleja/OneDrive/Escritorio/dwes05-te-2526-avillastrigo/vendor/laravel/framework/src/Illuminate/Console/Command.php(280): Illuminate/Container/Container->call(Array)
#31 C:/Users/aleja/OneDrive/Escritorio/dwes05-te-2526-avillastrigo/vendor/symfony/console/Command/Command.php(291): Illuminate/Console/Command->execute(Object(Symfony/Component/Console/Input/ArrayInput), Object(Illuminate/Console/OutputStyle))
#32 C:/Users/aleja/OneDrive/Escritorio/dwes05-te-2526-avillastrigo/vendor/laravel/framework/src/Illuminate/Console/Command.php(249): Symfony/Component/Console/Command/Command->run(Object(Symfony/Component/Console/Input/ArrayInput), Object(Illuminate/Console/OutputStyle))
#33 C:/Users/aleja/OneDrive/Escritorio/dwes05-te-2526-avillastrigo/vendor/laravel/framework/src/Illuminate/Console/Concerns/CallsCommands.php(68): Illuminate/Console/Command->run(Object(Symfony/Component/Console/Input/ArrayInput), Object(Illuminate/Console/OutputStyle))
#34 C:/Users/aleja/OneDrive/Escritorio/dwes05-te-2526-avillastrigo/vendor/laravel/framework/src/Illuminate/Console/Concerns/CallsCommands.php(29): Illuminate/Console/Command->runCommand('migrate', Array, Object(Illuminate/Console/OutputStyle))
#35 C:/Users/aleja/OneDrive/Escritorio/dwes05-te-2526-avillastrigo/vendor/laravel/framework/src/Illuminate/Foundation/Console/ApiInstallCommand.php(80): Illuminate/Console/Command->call('migrate')
#36 C:/Users/aleja/OneDrive/Escritorio/dwes05-te-2526-avillastrigo/vendor/laravel/framework/src/Illuminate/Container/BoundMethod.php(36): Illuminate/Foundation/Console/ApiInstallCommand->handle()
#37 C:/Users/aleja/OneDrive/Escritorio/dwes05-te-2526-avillastrigo/vendor/laravel/framework/src/Illuminate/Container/Util.php(43): Illuminate/Container/BoundMethod::{closure:Illuminate/Container/BoundMethod::call():35}()
#38 C:/Users/aleja/OneDrive/Escritorio/dwes05-te-2526-avillastrigo/vendor/laravel/framework/src/Illuminate/Container/BoundMethod.php(96): Illuminate/Container/Util::unwrapIfClosure(Object(Closure))
#39 C:/Users/aleja/OneDrive/Escritorio/dwes05-te-2526-avillastrigo/vendor/laravel/framework/src/Illuminate/Container/BoundMethod.php(35): Illuminate/Container/BoundMethod::callBoundMethod(Object(Illuminate/Foundation/Application), Array, Object(Closure))
#40 C:/Users/aleja/OneDrive/Escritorio/dwes05-te-2526-avillastrigo/vendor/laravel/framework/src/Illuminate/Container/Container.php(799): Illuminate/Container/BoundMethod::call(Object(Illuminate/Foundation/Application), Array, Array, NULL)
#41 C:/Users/aleja/OneDrive/Escritorio/dwes05-te-2526-avillastrigo/vendor/laravel/framework/src/Illuminate/Console/Command.php(280): Illuminate/Container/Container->call(Array)
#42 C:/Users/aleja/OneDrive/Escritorio/dwes05-te-2526-avillastrigo/vendor/symfony/console/Command/Command.php(291): Illuminate/Console/Command->execute(Object(Symfony/Component/Console/Input/ArgvInput), Object(Illuminate/Console/OutputStyle))
#43 C:/Users/aleja/OneDrive/Escritorio/dwes05-te-2526-avillastrigo/vendor/laravel/framework/src/Illuminate/Console/Command.php(249): Symfony/Component/Console/Command/Command->run(Object(Symfony/Component/Console/Input/ArgvInput), Object(Illuminate/Console/OutputStyle))
#44 C:/Users/aleja/OneDrive/Escritorio/dwes05-te-2526-avillastrigo/vendor/symfony/console/Application.php(1107): Illuminate/Console/Command->run(Object(Symfony/Component/Console/Input/ArgvInput), Object(Symfony/Component/Console/Output/ConsoleOutput))
#45 C:/Users/aleja/OneDrive/Escritorio/dwes05-te-2526-avillastrigo/vendor/symfony/console/Application.php(356): Symfony/Component/Console/Application->doRunCommand(Object(Illuminate/Foundation/Console/ApiInstallCommand), Object(Symfony/Component/Console/Input/ArgvInput), Object(Symfony/Component/Console/Output/ConsoleOutput))
#46 C:/Users/aleja/OneDrive/Escritorio/dwes05-te-2526-avillastrigo/vendor/symfony/console/Application.php(195): Symfony/Component/Console/Application->doRun(Object(Symfony/Component/Console/Input/ArgvInput), Object(Symfony/Component/Console/Output/ConsoleOutput))
#47 C:/Users/aleja/OneDrive/Escritorio/dwes05-te-2526-avillastrigo/vendor/laravel/framework/src/Illuminate/Foundation/Console/Kernel.php(198): Symfony/Component/Console/Application->run(Object(Symfony/Component/Console/Input/ArgvInput), Object(Symfony/Component/Console/Output/ConsoleOutput))
#48 C:/Users/aleja/OneDrive/Escritorio/dwes05-te-2526-avillastrigo/vendor/laravel/framework/src/Illuminate/Foundation/Application.php(1235): Illuminate/Foundation/Console/Kernel->handle(Object(Symfony/Component/Console/Input/ArgvInput), Object(Symfony/Component/Console/Output/ConsoleOutput))
#49 C:/Users/aleja/OneDrive/Escritorio/dwes05-te-2526-avillastrigo/artisan(16): Illuminate/Foundation/Application->handleCommand(Object(Symfony/Component/Console/Input/ArgvInput))
#50 {main}
"} 
[2026-03-27 11:30:39] local.ERROR: Add [nombre] to fillable property to allow mass assignment on [App\Models\GymClass]. {"exception":"[object] (Illuminate\\Database\\Eloquent\\MassAssignmentException(code: 0): Add [nombre] to fillable property to allow mass assignment on [App\\Models\\GymClass]. at C:/Users/aleja/OneDrive/Escritorio/dwes05-te-2526-avillastrigo/vendor/laravel/framework/src/Illuminate/Database/Eloquent/Model.php:684)
[stacktrace]
#0 C:/Users/aleja/OneDrive/Escritorio/dwes05-te-2526-avillastrigo/vendor/laravel/framework/src/Illuminate/Database/Eloquent/Model.php(773): Illuminate/Database/Eloquent/Model->fill(Array)
#1 C:/Users/aleja/OneDrive/Escritorio/dwes05-te-2526-avillastrigo/vendor/laravel/framework/src/Illuminate/Database/Eloquent/Builder.php(1754): Illuminate/Database/Eloquent/Model->newInstance(Array)
#2 C:/Users/aleja/OneDrive/Escritorio/dwes05-te-2526-avillastrigo/vendor/laravel/framework/src/Illuminate/Database/Eloquent/Builder.php(1223): Illuminate/Database/Eloquent/Builder->newModelInstance(Array)
#3 C:/Users/aleja/OneDrive/Escritorio/dwes05-te-2526-avillastrigo/vendor/laravel/framework/src/Illuminate/Support/Traits/ForwardsCalls.php(23): Illuminate/Database/Eloquent/Builder->create(Array)
#4 C:/Users/aleja/OneDrive/Escritorio/dwes05-te-2526-avillastrigo/vendor/laravel/framework/src/Illuminate/Database/Eloquent/Model.php(2723): Illuminate/Database/Eloquent/Model->forwardCallTo(Object(Illuminate/Database/Eloquent/Builder), 'create', Array)
#5 C:/Users/aleja/OneDrive/Escritorio/dwes05-te-2526-avillastrigo/vendor/laravel/framework/src/Illuminate/Database/Eloquent/Model.php(2739): Illuminate/Database/Eloquent/Model->__call('create', Array)
#6 C:/Users/aleja/OneDrive/Escritorio/dwes05-te-2526-avillastrigo/app/Http/Controllers/GymClassController.php(40): Illuminate/Database/Eloquent/Model::__callStatic('create', Array)
#7 C:/Users/aleja/OneDrive/Escritorio/dwes05-te-2526-avillastrigo/vendor/laravel/framework/src/Illuminate/Routing/ControllerDispatcher.php(46): App/Http/Controllers/GymClassController->store(Object(Illuminate/Http/Request))
#8 C:/Users/aleja/OneDrive/Escritorio/dwes05-te-2526-avillastrigo/vendor/laravel/framework/src/Illuminate/Routing/Route.php(269): Illuminate/Routing/ControllerDispatcher->dispatch(Object(Illuminate/Routing/Route), Object(App/Http/Controllers/GymClassController), 'store')
#9 C:/Users/aleja/OneDrive/Escritorio/dwes05-te-2526-avillastrigo/vendor/laravel/framework/src/Illuminate/Routing/Route.php(215): Illuminate/Routing/Route->runController()
#10 C:/Users/aleja/OneDrive/Escritorio/dwes05-te-2526-avillastrigo/vendor/laravel/framework/src/Illuminate/Routing/Router.php(822): Illuminate/Routing/Route->run()
#11 C:/Users/aleja/OneDrive/Escritorio/dwes05-te-2526-avillastrigo/vendor/laravel/framework/src/Illuminate/Pipeline/Pipeline.php(180): Illuminate/Routing/Router->{closure:Illuminate/Routing/Router::runRouteWithinStack():821}(Object(Illuminate/Http/Request))
#12 C:/Users/aleja/OneDrive/Escritorio/dwes05-te-2526-avillastrigo/vendor/laravel/framework/src/Illuminate/Routing/Middleware/SubstituteBindings.php(52): Illuminate/Pipeline/Pipeline->{closure:Illuminate/Pipeline/Pipeline::prepareDestination():178}(Object(Illuminate/Http/Request))
#13 C:/Users/aleja/OneDrive/Escritorio/dwes05-te-2526-avillastrigo/vendor/laravel/framework/src/Illuminate/Pipeline/Pipeline.php(219): Illuminate/Routing/Middleware/SubstituteBindings->handle(Object(Illuminate/Http/Request), Object(Closure))
#14 C:/Users/aleja/OneDrive/Escritorio/dwes05-te-2526-avillastrigo/vendor/laravel/framework/src/Illuminate/Pipeline/Pipeline.php(137): Illuminate/Pipeline/Pipeline->{closure:{closure:Illuminate/Pipeline/Pipeline::carry():194}:195}(Object(Illuminate/Http/Request))
#15 C:/Users/aleja/OneDrive/Escritorio/dwes05-te-2526-avillastrigo/vendor/laravel/framework/src/Illuminate/Routing/Router.php(821): Illuminate/Pipeline/Pipeline->then(Object(Closure))
#16 C:/Users/aleja/OneDrive/Escritorio/dwes05-te-2526-avillastrigo/vendor/laravel/framework/src/Illuminate/Routing/Router.php(800): Illuminate/Routing/Router->runRouteWithinStack(Object(Illuminate/Routing/Route), Object(Illuminate/Http/Request))
#17 C:/Users/aleja/OneDrive/Escritorio/dwes05-te-2526-avillastrigo/vendor/laravel/framework/src/Illuminate/Routing/Router.php(764): Illuminate/Routing/Router->runRoute(Object(Illuminate/Http/Request), Object(Illuminate/Routing/Route))
#18 C:/Users/aleja/OneDrive/Escritorio/dwes05-te-2526-avillastrigo/vendor/laravel/framework/src/Illuminate/Routing/Router.php(753): Illuminate/Routing/Router->dispatchToRoute(Object(Illuminate/Http/Request))
#19 C:/Users/aleja/OneDrive/Escritorio/dwes05-te-2526-avillastrigo/vendor/laravel/framework/src/Illuminate/Foundation/Http/Kernel.php(200): Illuminate/Routing/Router->dispatch(Object(Illuminate/Http/Request))
#20 C:/Users/aleja/OneDrive/Escritorio/dwes05-te-2526-avillastrigo/vendor/laravel/framework/src/Illuminate/Pipeline/Pipeline.php(180): Illuminate/Foundation/Http/Kernel->{closure:Illuminate/Foundation/Http/Kernel::dispatchToRouter():197}(Object(Illuminate/Http/Request))
#21 C:/Users/aleja/OneDrive/Escritorio/dwes05-te-2526-avillastrigo/vendor/laravel/framework/src/Illuminate/Foundation/Http/Middleware/TransformsRequest.php(21): Illuminate/Pipeline/Pipeline->{closure:Illuminate/Pipeline/Pipeline::prepareDestination():178}(Object(Illuminate/Http/Request))
#22 C:/Users/aleja/OneDrive/Escritorio/dwes05-te-2526-avillastrigo/vendor/laravel/framework/src/Illuminate/Foundation/Http/Middleware/ConvertEmptyStringsToNull.php(31): Illuminate/Foundation/Http/Middleware/TransformsRequest->handle(Object(Illuminate/Http/Request), Object(Closure))
#23 C:/Users/aleja/OneDrive/Escritorio/dwes05-te-2526-avillastrigo/vendor/laravel/framework/src/Illuminate/Pipeline/Pipeline.php(219): Illuminate/Foundation/Http/Middleware/ConvertEmptyStringsToNull->handle(Object(Illuminate/Http/Request), Object(Closure))
#24 C:/Users/aleja/OneDrive/Escritorio/dwes05-te-2526-avillastrigo/vendor/laravel/framework/src/Illuminate/Foundation/Http/Middleware/TransformsRequest.php(21): Illuminate/Pipeline/Pipeline->{closure:{closure:Illuminate/Pipeline/Pipeline::carry():194}:195}(Object(Illuminate/Http/Request))
#25 C:/Users/aleja/OneDrive/Escritorio/dwes05-te-2526-avillastrigo/vendor/laravel/framework/src/Illuminate/Foundation/Http/Middleware/TrimStrings.php(51): Illuminate/Foundation/Http/Middleware/TransformsRequest->handle(Object(Illuminate/Http/Request), Object(Closure))
#26 C:/Users/aleja/OneDrive/Escritorio/dwes05-te-2526-avillastrigo/vendor/laravel/framework/src/Illuminate/Pipeline/Pipeline.php(219): Illuminate/Foundation/Http/Middleware/TrimStrings->handle(Object(Illuminate/Http/Request), Object(Closure))
#27 C:/Users/aleja/OneDrive/Escritorio/dwes05-te-2526-avillastrigo/vendor/laravel/framework/src/Illuminate/Http/Middleware/ValidatePostSize.php(27): Illuminate/Pipeline/Pipeline->{closure:{closure:Illuminate/Pipeline/Pipeline::carry():194}:195}(Object(Illuminate/Http/Request))
#28 C:/Users/aleja/OneDrive/Escritorio/dwes05-te-2526-avillastrigo/vendor/laravel/framework/src/Illuminate/Pipeline/Pipeline.php(219): Illuminate/Http/Middleware/ValidatePostSize->handle(Object(Illuminate/Http/Request), Object(Closure))
#29 C:/Users/aleja/OneDrive/Escritorio/dwes05-te-2526-avillastrigo/vendor/laravel/framework/src/Illuminate/Foundation/Http/Middleware/PreventRequestsDuringMaintenance.php(109): Illuminate/Pipeline/Pipeline->{closure:{closure:Illuminate/Pipeline/Pipeline::carry():194}:195}(Object(Illuminate/Http/Request))
#30 C:/Users/aleja/OneDrive/Escritorio/dwes05-te-2526-avillastrigo/vendor/laravel/framework/src/Illuminate/Pipeline/Pipeline.php(219): Illuminate/Foundation/Http/Middleware/PreventRequestsDuringMaintenance->handle(Object(Illuminate/Http/Request), Object(Closure))
#31 C:/Users/aleja/OneDrive/Escritorio/dwes05-te-2526-avillastrigo/vendor/laravel/framework/src/Illuminate/Http/Middleware/HandleCors.php(74): Illuminate/Pipeline/Pipeline->{closure:{closure:Illuminate/Pipeline/Pipeline::carry():194}:195}(Object(Illuminate/Http/Request))
#32 C:/Users/aleja/OneDrive/Escritorio/dwes05-te-2526-avillastrigo/vendor/laravel/framework/src/Illuminate/Pipeline/Pipeline.php(219): Illuminate/Http/Middleware/HandleCors->handle(Object(Illuminate/Http/Request), Object(Closure))
#33 C:/Users/aleja/OneDrive/Escritorio/dwes05-te-2526-avillastrigo/vendor/laravel/framework/src/Illuminate/Http/Middleware/TrustProxies.php(58): Illuminate/Pipeline/Pipeline->{closure:{closure:Illuminate/Pipeline/Pipeline::carry():194}:195}(Object(Illuminate/Http/Request))
#34 C:/Users/aleja/OneDrive/Escritorio/dwes05-te-2526-avillastrigo/vendor/laravel/framework/src/Illuminate/Pipeline/Pipeline.php(219): Illuminate/Http/Middleware/TrustProxies->handle(Object(Illuminate/Http/Request), Object(Closure))
#35 C:/Users/aleja/OneDrive/Escritorio/dwes05-te-2526-avillastrigo/vendor/laravel/framework/src/Illuminate/Foundation/Http/Middleware/InvokeDeferredCallbacks.php(22): Illuminate/Pipeline/Pipeline->{closure:{closure:Illuminate/Pipeline/Pipeline::carry():194}:195}(Object(Illuminate/Http/Request))
#36 C:/Users/aleja/OneDrive/Escritorio/dwes05-te-2526-avillastrigo/vendor/laravel/framework/src/Illuminate/Pipeline/Pipeline.php(219): Illuminate/Foundation/Http/Middleware/InvokeDeferredCallbacks->handle(Object(Illuminate/Http/Request), Object(Closure))
#37 C:/Users/aleja/OneDrive/Escritorio/dwes05-te-2526-avillastrigo/vendor/laravel/framework/src/Illuminate/Http/Middleware/ValidatePathEncoding.php(28): Illuminate/Pipeline/Pipeline->{closure:{closure:Illuminate/Pipeline/Pipeline::carry():194}:195}(Object(Illuminate/Http/Request))
#38 C:/Users/aleja/OneDrive/Escritorio/dwes05-te-2526-avillastrigo/vendor/laravel/framework/src/Illuminate/Pipeline/Pipeline.php(219): Illuminate/Http/Middleware/ValidatePathEncoding->handle(Object(Illuminate/Http/Request), Object(Closure))
#39 C:/Users/aleja/OneDrive/Escritorio/dwes05-te-2526-avillastrigo/vendor/laravel/framework/src/Illuminate/Pipeline/Pipeline.php(137): Illuminate/Pipeline/Pipeline->{closure:{closure:Illuminate/Pipeline/Pipeline::carry():194}:195}(Object(Illuminate/Http/Request))
#40 C:/Users/aleja/OneDrive/Escritorio/dwes05-te-2526-avillastrigo/vendor/laravel/framework/src/Illuminate/Foundation/Http/Kernel.php(175): Illuminate/Pipeline/Pipeline->then(Object(Closure))
#41 C:/Users/aleja/OneDrive/Escritorio/dwes05-te-2526-avillastrigo/vendor/laravel/framework/src/Illuminate/Foundation/Http/Kernel.php(144): Illuminate/Foundation/Http/Kernel->sendRequestThroughRouter(Object(Illuminate/Http/Request))
#42 C:/Users/aleja/OneDrive/Escritorio/dwes05-te-2526-avillastrigo/vendor/laravel/framework/src/Illuminate/Foundation/Application.php(1220): Illuminate/Foundation/Http/Kernel->handle(Object(Illuminate/Http/Request))
#43 C:/Users/aleja/OneDrive/Escritorio/dwes05-te-2526-avillastrigo/public/index.php(20): Illuminate/Foundation/Application->handleRequest(Object(Illuminate/Http/Request))
#44 C:/Users/aleja/OneDrive/Escritorio/dwes05-te-2526-avillastrigo/vendor/laravel/framework/src/Illuminate/Foundation/resources/server.php(23): require_once('C://Users//aleja//...')
#45 {main}
"} 
[2026-03-27 11:31:17] local.ERROR: Add [nombre] to fillable property to allow mass assignment on [App\Models\GymClass]. {"exception":"[object] (Illuminate\\Database\\Eloquent\\MassAssignmentException(code: 0): Add [nombre] to fillable property to allow mass assignment on [App\\Models\\GymClass]. at C:/Users/aleja/OneDrive/Escritorio/dwes05-te-2526-avillastrigo/vendor/laravel/framework/src/Illuminate/Database/Eloquent/Model.php:684)
[stacktrace]
#0 C:/Users/aleja/OneDrive/Escritorio/dwes05-te-2526-avillastrigo/vendor/laravel/framework/src/Illuminate/Database/Eloquent/Model.php(773): Illuminate/Database/Eloquent/Model->fill(Array)
#1 C:/Users/aleja/OneDrive/Escritorio/dwes05-te-2526-avillastrigo/vendor/laravel/framework/src/Illuminate/Database/Eloquent/Builder.php(1754): Illuminate/Database/Eloquent/Model->newInstance(Array)
#2 C:/Users/aleja/OneDrive/Escritorio/dwes05-te-2526-avillastrigo/vendor/laravel/framework/src/Illuminate/Database/Eloquent/Builder.php(1223): Illuminate/Database/Eloquent/Builder->newModelInstance(Array)
#3 C:/Users/aleja/OneDrive/Escritorio/dwes05-te-2526-avillastrigo/vendor/laravel/framework/src/Illuminate/Support/Traits/ForwardsCalls.php(23): Illuminate/Database/Eloquent/Builder->create(Array)
#4 C:/Users/aleja/OneDrive/Escritorio/dwes05-te-2526-avillastrigo/vendor/laravel/framework/src/Illuminate/Database/Eloquent/Model.php(2723): Illuminate/Database/Eloquent/Model->forwardCallTo(Object(Illuminate/Database/Eloquent/Builder), 'create', Array)
#5 C:/Users/aleja/OneDrive/Escritorio/dwes05-te-2526-avillastrigo/vendor/laravel/framework/src/Illuminate/Database/Eloquent/Model.php(2739): Illuminate/Database/Eloquent/Model->__call('create', Array)
#6 C:/Users/aleja/OneDrive/Escritorio/dwes05-te-2526-avillastrigo/app/Http/Controllers/GymClassController.php(40): Illuminate/Database/Eloquent/Model::__callStatic('create', Array)
#7 C:/Users/aleja/OneDrive/Escritorio/dwes05-te-2526-avillastrigo/vendor/laravel/framework/src/Illuminate/Routing/ControllerDispatcher.php(46): App/Http/Controllers/GymClassController->store(Object(Illuminate/Http/Request))
#8 C:/Users/aleja/OneDrive/Escritorio/dwes05-te-2526-avillastrigo/vendor/laravel/framework/src/Illuminate/Routing/Route.php(269): Illuminate/Routing/ControllerDispatcher->dispatch(Object(Illuminate/Routing/Route), Object(App/Http/Controllers/GymClassController), 'store')
#9 C:/Users/aleja/OneDrive/Escritorio/dwes05-te-2526-avillastrigo/vendor/laravel/framework/src/Illuminate/Routing/Route.php(215): Illuminate/Routing/Route->runController()
#10 C:/Users/aleja/OneDrive/Escritorio/dwes05-te-2526-avillastrigo/vendor/laravel/framework/src/Illuminate/Routing/Router.php(822): Illuminate/Routing/Route->run()
#11 C:/Users/aleja/OneDrive/Escritorio/dwes05-te-2526-avillastrigo/vendor/laravel/framework/src/Illuminate/Pipeline/Pipeline.php(180): Illuminate/Routing/Router->{closure:Illuminate/Routing/Router::runRouteWithinStack():821}(Object(Illuminate/Http/Request))
#12 C:/Users/aleja/OneDrive/Escritorio/dwes05-te-2526-avillastrigo/vendor/laravel/framework/src/Illuminate/Routing/Middleware/SubstituteBindings.php(52): Illuminate/Pipeline/Pipeline->{closure:Illuminate/Pipeline/Pipeline::prepareDestination():178}(Object(Illuminate/Http/Request))
#13 C:/Users/aleja/OneDrive/Escritorio/dwes05-te-2526-avillastrigo/vendor/laravel/framework/src/Illuminate/Pipeline/Pipeline.php(219): Illuminate/Routing/Middleware/SubstituteBindings->handle(Object(Illuminate/Http/Request), Object(Closure))
#14 C:/Users/aleja/OneDrive/Escritorio/dwes05-te-2526-avillastrigo/vendor/laravel/framework/src/Illuminate/Pipeline/Pipeline.php(137): Illuminate/Pipeline/Pipeline->{closure:{closure:Illuminate/Pipeline/Pipeline::carry():194}:195}(Object(Illuminate/Http/Request))
#15 C:/Users/aleja/OneDrive/Escritorio/dwes05-te-2526-avillastrigo/vendor/laravel/framework/src/Illuminate/Routing/Router.php(821): Illuminate/Pipeline/Pipeline->then(Object(Closure))
#16 C:/Users/aleja/OneDrive/Escritorio/dwes05-te-2526-avillastrigo/vendor/laravel/framework/src/Illuminate/Routing/Router.php(800): Illuminate/Routing/Router->runRouteWithinStack(Object(Illuminate/Routing/Route), Object(Illuminate/Http/Request))
#17 C:/Users/aleja/OneDrive/Escritorio/dwes05-te-2526-avillastrigo/vendor/laravel/framework/src/Illuminate/Routing/Router.php(764): Illuminate/Routing/Router->runRoute(Object(Illuminate/Http/Request), Object(Illuminate/Routing/Route))
#18 C:/Users/aleja/OneDrive/Escritorio/dwes05-te-2526-avillastrigo/vendor/laravel/framework/src/Illuminate/Routing/Router.php(753): Illuminate/Routing/Router->dispatchToRoute(Object(Illuminate/Http/Request))
#19 C:/Users/aleja/OneDrive/Escritorio/dwes05-te-2526-avillastrigo/vendor/laravel/framework/src/Illuminate/Foundation/Http/Kernel.php(200): Illuminate/Routing/Router->dispatch(Object(Illuminate/Http/Request))
#20 C:/Users/aleja/OneDrive/Escritorio/dwes05-te-2526-avillastrigo/vendor/laravel/framework/src/Illuminate/Pipeline/Pipeline.php(180): Illuminate/Foundation/Http/Kernel->{closure:Illuminate/Foundation/Http/Kernel::dispatchToRouter():197}(Object(Illuminate/Http/Request))
#21 C:/Users/aleja/OneDrive/Escritorio/dwes05-te-2526-avillastrigo/vendor/laravel/framework/src/Illuminate/Foundation/Http/Middleware/TransformsRequest.php(21): Illuminate/Pipeline/Pipeline->{closure:Illuminate/Pipeline/Pipeline::prepareDestination():178}(Object(Illuminate/Http/Request))
#22 C:/Users/aleja/OneDrive/Escritorio/dwes05-te-2526-avillastrigo/vendor/laravel/framework/src/Illuminate/Foundation/Http/Middleware/ConvertEmptyStringsToNull.php(31): Illuminate/Foundation/Http/Middleware/TransformsRequest->handle(Object(Illuminate/Http/Request), Object(Closure))
#23 C:/Users/aleja/OneDrive/Escritorio/dwes05-te-2526-avillastrigo/vendor/laravel/framework/src/Illuminate/Pipeline/Pipeline.php(219): Illuminate/Foundation/Http/Middleware/ConvertEmptyStringsToNull->handle(Object(Illuminate/Http/Request), Object(Closure))
#24 C:/Users/aleja/OneDrive/Escritorio/dwes05-te-2526-avillastrigo/vendor/laravel/framework/src/Illuminate/Foundation/Http/Middleware/TransformsRequest.php(21): Illuminate/Pipeline/Pipeline->{closure:{closure:Illuminate/Pipeline/Pipeline::carry():194}:195}(Object(Illuminate/Http/Request))
#25 C:/Users/aleja/OneDrive/Escritorio/dwes05-te-2526-avillastrigo/vendor/laravel/framework/src/Illuminate/Foundation/Http/Middleware/TrimStrings.php(51): Illuminate/Foundation/Http/Middleware/TransformsRequest->handle(Object(Illuminate/Http/Request), Object(Closure))
#26 C:/Users/aleja/OneDrive/Escritorio/dwes05-te-2526-avillastrigo/vendor/laravel/framework/src/Illuminate/Pipeline/Pipeline.php(219): Illuminate/Foundation/Http/Middleware/TrimStrings->handle(Object(Illuminate/Http/Request), Object(Closure))
#27 C:/Users/aleja/OneDrive/Escritorio/dwes05-te-2526-avillastrigo/vendor/laravel/framework/src/Illuminate/Http/Middleware/ValidatePostSize.php(27): Illuminate/Pipeline/Pipeline->{closure:{closure:Illuminate/Pipeline/Pipeline::carry():194}:195}(Object(Illuminate/Http/Request))
#28 C:/Users/aleja/OneDrive/Escritorio/dwes05-te-2526-avillastrigo/vendor/laravel/framework/src/Illuminate/Pipeline/Pipeline.php(219): Illuminate/Http/Middleware/ValidatePostSize->handle(Object(Illuminate/Http/Request), Object(Closure))
#29 C:/Users/aleja/OneDrive/Escritorio/dwes05-te-2526-avillastrigo/vendor/laravel/framework/src/Illuminate/Foundation/Http/Middleware/PreventRequestsDuringMaintenance.php(109): Illuminate/Pipeline/Pipeline->{closure:{closure:Illuminate/Pipeline/Pipeline::carry():194}:195}(Object(Illuminate/Http/Request))
#30 C:/Users/aleja/OneDrive/Escritorio/dwes05-te-2526-avillastrigo/vendor/laravel/framework/src/Illuminate/Pipeline/Pipeline.php(219): Illuminate/Foundation/Http/Middleware/PreventRequestsDuringMaintenance->handle(Object(Illuminate/Http/Request), Object(Closure))
#31 C:/Users/aleja/OneDrive/Escritorio/dwes05-te-2526-avillastrigo/vendor/laravel/framework/src/Illuminate/Http/Middleware/HandleCors.php(74): Illuminate/Pipeline/Pipeline->{closure:{closure:Illuminate/Pipeline/Pipeline::carry():194}:195}(Object(Illuminate/Http/Request))
#32 C:/Users/aleja/OneDrive/Escritorio/dwes05-te-2526-avillastrigo/vendor/laravel/framework/src/Illuminate/Pipeline/Pipeline.php(219): Illuminate/Http/Middleware/HandleCors->handle(Object(Illuminate/Http/Request), Object(Closure))
#33 C:/Users/aleja/OneDrive/Escritorio/dwes05-te-2526-avillastrigo/vendor/laravel/framework/src/Illuminate/Http/Middleware/TrustProxies.php(58): Illuminate/Pipeline/Pipeline->{closure:{closure:Illuminate/Pipeline/Pipeline::carry():194}:195}(Object(Illuminate/Http/Request))
#34 C:/Users/aleja/OneDrive/Escritorio/dwes05-te-2526-avillastrigo/vendor/laravel/framework/src/Illuminate/Pipeline/Pipeline.php(219): Illuminate/Http/Middleware/TrustProxies->handle(Object(Illuminate/Http/Request), Object(Closure))
#35 C:/Users/aleja/OneDrive/Escritorio/dwes05-te-2526-avillastrigo/vendor/laravel/framework/src/Illuminate/Foundation/Http/Middleware/InvokeDeferredCallbacks.php(22): Illuminate/Pipeline/Pipeline->{closure:{closure:Illuminate/Pipeline/Pipeline::carry():194}:195}(Object(Illuminate/Http/Request))
#36 C:/Users/aleja/OneDrive/Escritorio/dwes05-te-2526-avillastrigo/vendor/laravel/framework/src/Illuminate/Pipeline/Pipeline.php(219): Illuminate/Foundation/Http/Middleware/InvokeDeferredCallbacks->handle(Object(Illuminate/Http/Request), Object(Closure))
#37 C:/Users/aleja/OneDrive/Escritorio/dwes05-te-2526-avillastrigo/vendor/laravel/framework/src/Illuminate/Http/Middleware/ValidatePathEncoding.php(28): Illuminate/Pipeline/Pipeline->{closure:{closure:Illuminate/Pipeline/Pipeline::carry():194}:195}(Object(Illuminate/Http/Request))
#38 C:/Users/aleja/OneDrive/Escritorio/dwes05-te-2526-avillastrigo/vendor/laravel/framework/src/Illuminate/Pipeline/Pipeline.php(219): Illuminate/Http/Middleware/ValidatePathEncoding->handle(Object(Illuminate/Http/Request), Object(Closure))
#39 C:/Users/aleja/OneDrive/Escritorio/dwes05-te-2526-avillastrigo/vendor/laravel/framework/src/Illuminate/Pipeline/Pipeline.php(137): Illuminate/Pipeline/Pipeline->{closure:{closure:Illuminate/Pipeline/Pipeline::carry():194}:195}(Object(Illuminate/Http/Request))
#40 C:/Users/aleja/OneDrive/Escritorio/dwes05-te-2526-avillastrigo/vendor/laravel/framework/src/Illuminate/Foundation/Http/Kernel.php(175): Illuminate/Pipeline/Pipeline->then(Object(Closure))
#41 C:/Users/aleja/OneDrive/Escritorio/dwes05-te-2526-avillastrigo/vendor/laravel/framework/src/Illuminate/Foundation/Http/Kernel.php(144): Illuminate/Foundation/Http/Kernel->sendRequestThroughRouter(Object(Illuminate/Http/Request))
#42 C:/Users/aleja/OneDrive/Escritorio/dwes05-te-2526-avillastrigo/vendor/laravel/framework/src/Illuminate/Foundation/Application.php(1220): Illuminate/Foundation/Http/Kernel->handle(Object(Illuminate/Http/Request))
#43 C:/Users/aleja/OneDrive/Escritorio/dwes05-te-2526-avillastrigo/public/index.php(20): Illuminate/Foundation/Application->handleRequest(Object(Illuminate/Http/Request))
#44 C:/Users/aleja/OneDrive/Escritorio/dwes05-te-2526-avillastrigo/vendor/laravel/framework/src/Illuminate/Foundation/resources/server.php(23): require_once('C://Users//aleja//...')
#45 {main}
"} 
[2026-03-27 12:00:25] local.ERROR: SQLSTATE[22007]: Invalid datetime format: 1292 Incorrect date value: '17 de Febrero' for column `dwes_tarea5`.`reservations`.`fecha` at row 1 (Connection: mysql, Host: 127.0.0.1, Port: 3306, Database: dwes_tarea5, SQL: insert into `reservations` (`usuario`, `gym_class_id`, `fecha`, `updated_at`, `created_at`) values (Marcos, 3, 17 de Febrero, 2026-03-27 12:00:25, 2026-03-27 12:00:25)) {"exception":"[object] (Illuminate\\Database\\QueryException(code: 22007): SQLSTATE[22007]: Invalid datetime format: 1292 Incorrect date value: '17 de Febrero' for column `dwes_tarea5`.`reservations`.`fecha` at row 1 (Connection: mysql, Host: 127.0.0.1, Port: 3306, Database: dwes_tarea5, SQL: insert into `reservations` (`usuario`, `gym_class_id`, `fecha`, `updated_at`, `created_at`) values (Marcos, 3, 17 de Febrero, 2026-03-27 12:00:25, 2026-03-27 12:00:25)) at C:/Users/aleja/OneDrive/Escritorio/dwes05-te-2526-avillastrigo/vendor/laravel/framework/src/Illuminate/Database/Connection.php:841)
[stacktrace]
#0 C:/Users/aleja/OneDrive/Escritorio/dwes05-te-2526-avillastrigo/vendor/laravel/framework/src/Illuminate/Database/Connection.php(797): Illuminate/Database/Connection->runQueryCallback('insert into `re...', Array, Object(Closure))
#1 C:/Users/aleja/OneDrive/Escritorio/dwes05-te-2526-avillastrigo/vendor/laravel/framework/src/Illuminate/Database/MySqlConnection.php(42): Illuminate/Database/Connection->run('insert into `re...', Array, Object(Closure))
#2 C:/Users/aleja/OneDrive/Escritorio/dwes05-te-2526-avillastrigo/vendor/laravel/framework/src/Illuminate/Database/Query/Processors/MySqlProcessor.php(35): Illuminate/Database/MySqlConnection->insert('insert into `re...', Array, 'id')
#3 C:/Users/aleja/OneDrive/Escritorio/dwes05-te-2526-avillastrigo/vendor/laravel/framework/src/Illuminate/Database/Query/Builder.php(4246): Illuminate/Database/Query/Processors/MySqlProcessor->processInsertGetId(Object(Illuminate/Database/Query/Builder), 'insert into `re...', Array, 'id')
#4 C:/Users/aleja/OneDrive/Escritorio/dwes05-te-2526-avillastrigo/vendor/laravel/framework/src/Illuminate/Database/Eloquent/Builder.php(2242): Illuminate/Database/Query/Builder->insertGetId(Array, 'id')
#5 C:/Users/aleja/OneDrive/Escritorio/dwes05-te-2526-avillastrigo/vendor/laravel/framework/src/Illuminate/Database/Eloquent/Model.php(1580): Illuminate/Database/Eloquent/Builder->__call('insertGetId', Array)
#6 C:/Users/aleja/OneDrive/Escritorio/dwes05-te-2526-avillastrigo/vendor/laravel/framework/src/Illuminate/Database/Eloquent/Model.php(1496): Illuminate/Database/Eloquent/Model->insertAndSetId(Object(Illuminate/Database/Eloquent/Builder), Array)
#7 C:/Users/aleja/OneDrive/Escritorio/dwes05-te-2526-avillastrigo/vendor/laravel/framework/src/Illuminate/Database/Eloquent/Model.php(1300): Illuminate/Database/Eloquent/Model->performInsert(Object(Illuminate/Database/Eloquent/Builder))
#8 C:/Users/aleja/OneDrive/Escritorio/dwes05-te-2526-avillastrigo/vendor/laravel/framework/src/Illuminate/Database/Eloquent/Builder.php(1224): Illuminate/Database/Eloquent/Model->save()
#9 C:/Users/aleja/OneDrive/Escritorio/dwes05-te-2526-avillastrigo/vendor/laravel/framework/src/Illuminate/Support/helpers.php(393): Illuminate/Database/Eloquent/Builder->{closure:Illuminate/Database/Eloquent/Builder::create():1223}(Object(App/Models/Reservation))
#10 C:/Users/aleja/OneDrive/Escritorio/dwes05-te-2526-avillastrigo/vendor/laravel/framework/src/Illuminate/Database/Eloquent/Builder.php(1223): tap(Object(App/Models/Reservation), Object(Closure))
#11 C:/Users/aleja/OneDrive/Escritorio/dwes05-te-2526-avillastrigo/vendor/laravel/framework/src/Illuminate/Support/Traits/ForwardsCalls.php(23): Illuminate/Database/Eloquent/Builder->create(Array)
#12 C:/Users/aleja/OneDrive/Escritorio/dwes05-te-2526-avillastrigo/vendor/laravel/framework/src/Illuminate/Database/Eloquent/Model.php(2723): Illuminate/Database/Eloquent/Model->forwardCallTo(Object(Illuminate/Database/Eloquent/Builder), 'create', Array)
#13 C:/Users/aleja/OneDrive/Escritorio/dwes05-te-2526-avillastrigo/vendor/laravel/framework/src/Illuminate/Database/Eloquent/Model.php(2739): Illuminate/Database/Eloquent/Model->__call('create', Array)
#14 C:/Users/aleja/OneDrive/Escritorio/dwes05-te-2526-avillastrigo/app/Http/Controllers/ReservationController.php(39): Illuminate/Database/Eloquent/Model::__callStatic('create', Array)
#15 C:/Users/aleja/OneDrive/Escritorio/dwes05-te-2526-avillastrigo/vendor/laravel/framework/src/Illuminate/Routing/ControllerDispatcher.php(46): App/Http/Controllers/ReservationController->store(Object(Illuminate/Http/Request))
#16 C:/Users/aleja/OneDrive/Escritorio/dwes05-te-2526-avillastrigo/vendor/laravel/framework/src/Illuminate/Routing/Route.php(269): Illuminate/Routing/ControllerDispatcher->dispatch(Object(Illuminate/Routing/Route), Object(App/Http/Controllers/ReservationController), 'store')
#17 C:/Users/aleja/OneDrive/Escritorio/dwes05-te-2526-avillastrigo/vendor/laravel/framework/src/Illuminate/Routing/Route.php(215): Illuminate/Routing/Route->runController()
#18 C:/Users/aleja/OneDrive/Escritorio/dwes05-te-2526-avillastrigo/vendor/laravel/framework/src/Illuminate/Routing/Router.php(822): Illuminate/Routing/Route->run()
#19 C:/Users/aleja/OneDrive/Escritorio/dwes05-te-2526-avillastrigo/vendor/laravel/framework/src/Illuminate/Pipeline/Pipeline.php(180): Illuminate/Routing/Router->{closure:Illuminate/Routing/Router::runRouteWithinStack():821}(Object(Illuminate/Http/Request))
#20 C:/Users/aleja/OneDrive/Escritorio/dwes05-te-2526-avillastrigo/vendor/laravel/framework/src/Illuminate/Routing/Middleware/SubstituteBindings.php(52): Illuminate/Pipeline/Pipeline->{closure:Illuminate/Pipeline/Pipeline::prepareDestination():178}(Object(Illuminate/Http/Request))
#21 C:/Users/aleja/OneDrive/Escritorio/dwes05-te-2526-avillastrigo/vendor/laravel/framework/src/Illuminate/Pipeline/Pipeline.php(219): Illuminate/Routing/Middleware/SubstituteBindings->handle(Object(Illuminate/Http/Request), Object(Closure))
#22 C:/Users/aleja/OneDrive/Escritorio/dwes05-te-2526-avillastrigo/vendor/laravel/framework/src/Illuminate/Pipeline/Pipeline.php(137): Illuminate/Pipeline/Pipeline->{closure:{closure:Illuminate/Pipeline/Pipeline::carry():194}:195}(Object(Illuminate/Http/Request))
#23 C:/Users/aleja/OneDrive/Escritorio/dwes05-te-2526-avillastrigo/vendor/laravel/framework/src/Illuminate/Routing/Router.php(821): Illuminate/Pipeline/Pipeline->then(Object(Closure))
#24 C:/Users/aleja/OneDrive/Escritorio/dwes05-te-2526-avillastrigo/vendor/laravel/framework/src/Illuminate/Routing/Router.php(800): Illuminate/Routing/Router->runRouteWithinStack(Object(Illuminate/Routing/Route), Object(Illuminate/Http/Request))
#25 C:/Users/aleja/OneDrive/Escritorio/dwes05-te-2526-avillastrigo/vendor/laravel/framework/src/Illuminate/Routing/Router.php(764): Illuminate/Routing/Router->runRoute(Object(Illuminate/Http/Request), Object(Illuminate/Routing/Route))
#26 C:/Users/aleja/OneDrive/Escritorio/dwes05-te-2526-avillastrigo/vendor/laravel/framework/src/Illuminate/Routing/Router.php(753): Illuminate/Routing/Router->dispatchToRoute(Object(Illuminate/Http/Request))
#27 C:/Users/aleja/OneDrive/Escritorio/dwes05-te-2526-avillastrigo/vendor/laravel/framework/src/Illuminate/Foundation/Http/Kernel.php(200): Illuminate/Routing/Router->dispatch(Object(Illuminate/Http/Request))
#28 C:/Users/aleja/OneDrive/Escritorio/dwes05-te-2526-avillastrigo/vendor/laravel/framework/src/Illuminate/Pipeline/Pipeline.php(180): Illuminate/Foundation/Http/Kernel->{closure:Illuminate/Foundation/Http/Kernel::dispatchToRouter():197}(Object(Illuminate/Http/Request))
#29 C:/Users/aleja/OneDrive/Escritorio/dwes05-te-2526-avillastrigo/vendor/laravel/framework/src/Illuminate/Foundation/Http/Middleware/TransformsRequest.php(21): Illuminate/Pipeline/Pipeline->{closure:Illuminate/Pipeline/Pipeline::prepareDestination():178}(Object(Illuminate/Http/Request))
#30 C:/Users/aleja/OneDrive/Escritorio/dwes05-te-2526-avillastrigo/vendor/laravel/framework/src/Illuminate/Foundation/Http/Middleware/ConvertEmptyStringsToNull.php(31): Illuminate/Foundation/Http/Middleware/TransformsRequest->handle(Object(Illuminate/Http/Request), Object(Closure))
#31 C:/Users/aleja/OneDrive/Escritorio/dwes05-te-2526-avillastrigo/vendor/laravel/framework/src/Illuminate/Pipeline/Pipeline.php(219): Illuminate/Foundation/Http/Middleware/ConvertEmptyStringsToNull->handle(Object(Illuminate/Http/Request), Object(Closure))
#32 C:/Users/aleja/OneDrive/Escritorio/dwes05-te-2526-avillastrigo/vendor/laravel/framework/src/Illuminate/Foundation/Http/Middleware/TransformsRequest.php(21): Illuminate/Pipeline/Pipeline->{closure:{closure:Illuminate/Pipeline/Pipeline::carry():194}:195}(Object(Illuminate/Http/Request))
#33 C:/Users/aleja/OneDrive/Escritorio/dwes05-te-2526-avillastrigo/vendor/laravel/framework/src/Illuminate/Foundation/Http/Middleware/TrimStrings.php(51): Illuminate/Foundation/Http/Middleware/TransformsRequest->handle(Object(Illuminate/Http/Request), Object(Closure))
#34 C:/Users/aleja/OneDrive/Escritorio/dwes05-te-2526-avillastrigo/vendor/laravel/framework/src/Illuminate/Pipeline/Pipeline.php(219): Illuminate/Foundation/Http/Middleware/TrimStrings->handle(Object(Illuminate/Http/Request), Object(Closure))
#35 C:/Users/aleja/OneDrive/Escritorio/dwes05-te-2526-avillastrigo/vendor/laravel/framework/src/Illuminate/Http/Middleware/ValidatePostSize.php(27): Illuminate/Pipeline/Pipeline->{closure:{closure:Illuminate/Pipeline/Pipeline::carry():194}:195}(Object(Illuminate/Http/Request))
#36 C:/Users/aleja/OneDrive/Escritorio/dwes05-te-2526-avillastrigo/vendor/laravel/framework/src/Illuminate/Pipeline/Pipeline.php(219): Illuminate/Http/Middleware/ValidatePostSize->handle(Object(Illuminate/Http/Request), Object(Closure))
#37 C:/Users/aleja/OneDrive/Escritorio/dwes05-te-2526-avillastrigo/vendor/laravel/framework/src/Illuminate/Foundation/Http/Middleware/PreventRequestsDuringMaintenance.php(109): Illuminate/Pipeline/Pipeline->{closure:{closure:Illuminate/Pipeline/Pipeline::carry():194}:195}(Object(Illuminate/Http/Request))
#38 C:/Users/aleja/OneDrive/Escritorio/dwes05-te-2526-avillastrigo/vendor/laravel/framework/src/Illuminate/Pipeline/Pipeline.php(219): Illuminate/Foundation/Http/Middleware/PreventRequestsDuringMaintenance->handle(Object(Illuminate/Http/Request), Object(Closure))
#39 C:/Users/aleja/OneDrive/Escritorio/dwes05-te-2526-avillastrigo/vendor/laravel/framework/src/Illuminate/Http/Middleware/HandleCors.php(74): Illuminate/Pipeline/Pipeline->{closure:{closure:Illuminate/Pipeline/Pipeline::carry():194}:195}(Object(Illuminate/Http/Request))
#40 C:/Users/aleja/OneDrive/Escritorio/dwes05-te-2526-avillastrigo/vendor/laravel/framework/src/Illuminate/Pipeline/Pipeline.php(219): Illuminate/Http/Middleware/HandleCors->handle(Object(Illuminate/Http/Request), Object(Closure))
#41 C:/Users/aleja/OneDrive/Escritorio/dwes05-te-2526-avillastrigo/vendor/laravel/framework/src/Illuminate/Http/Middleware/TrustProxies.php(58): Illuminate/Pipeline/Pipeline->{closure:{closure:Illuminate/Pipeline/Pipeline::carry():194}:195}(Object(Illuminate/Http/Request))
#42 C:/Users/aleja/OneDrive/Escritorio/dwes05-te-2526-avillastrigo/vendor/laravel/framework/src/Illuminate/Pipeline/Pipeline.php(219): Illuminate/Http/Middleware/TrustProxies->handle(Object(Illuminate/Http/Request), Object(Closure))
#43 C:/Users/aleja/OneDrive/Escritorio/dwes05-te-2526-avillastrigo/vendor/laravel/framework/src/Illuminate/Foundation/Http/Middleware/InvokeDeferredCallbacks.php(22): Illuminate/Pipeline/Pipeline->{closure:{closure:Illuminate/Pipeline/Pipeline::carry():194}:195}(Object(Illuminate/Http/Request))
#44 C:/Users/aleja/OneDrive/Escritorio/dwes05-te-2526-avillastrigo/vendor/laravel/framework/src/Illuminate/Pipeline/Pipeline.php(219): Illuminate/Foundation/Http/Middleware/InvokeDeferredCallbacks->handle(Object(Illuminate/Http/Request), Object(Closure))
#45 C:/Users/aleja/OneDrive/Escritorio/dwes05-te-2526-avillastrigo/vendor/laravel/framework/src/Illuminate/Http/Middleware/ValidatePathEncoding.php(28): Illuminate/Pipeline/Pipeline->{closure:{closure:Illuminate/Pipeline/Pipeline::carry():194}:195}(Object(Illuminate/Http/Request))
#46 C:/Users/aleja/OneDrive/Escritorio/dwes05-te-2526-avillastrigo/vendor/laravel/framework/src/Illuminate/Pipeline/Pipeline.php(219): Illuminate/Http/Middleware/ValidatePathEncoding->handle(Object(Illuminate/Http/Request), Object(Closure))
#47 C:/Users/aleja/OneDrive/Escritorio/dwes05-te-2526-avillastrigo/vendor/laravel/framework/src/Illuminate/Pipeline/Pipeline.php(137): Illuminate/Pipeline/Pipeline->{closure:{closure:Illuminate/Pipeline/Pipeline::carry():194}:195}(Object(Illuminate/Http/Request))
#48 C:/Users/aleja/OneDrive/Escritorio/dwes05-te-2526-avillastrigo/vendor/laravel/framework/src/Illuminate/Foundation/Http/Kernel.php(175): Illuminate/Pipeline/Pipeline->then(Object(Closure))
#49 C:/Users/aleja/OneDrive/Escritorio/dwes05-te-2526-avillastrigo/vendor/laravel/framework/src/Illuminate/Foundation/Http/Kernel.php(144): Illuminate/Foundation/Http/Kernel->sendRequestThroughRouter(Object(Illuminate/Http/Request))
#50 C:/Users/aleja/OneDrive/Escritorio/dwes05-te-2526-avillastrigo/vendor/laravel/framework/src/Illuminate/Foundation/Application.php(1220): Illuminate/Foundation/Http/Kernel->handle(Object(Illuminate/Http/Request))
#51 C:/Users/aleja/OneDrive/Escritorio/dwes05-te-2526-avillastrigo/public/index.php(20): Illuminate/Foundation/Application->handleRequest(Object(Illuminate/Http/Request))
#52 C:/Users/aleja/OneDrive/Escritorio/dwes05-te-2526-avillastrigo/vendor/laravel/framework/src/Illuminate/Foundation/resources/server.php(23): require_once('C://Users//aleja//...')
#53 {main}

[previous exception] [object] (PDOException(code: 22007): SQLSTATE[22007]: Invalid datetime format: 1292 Incorrect date value: '17 de Febrero' for column `dwes_tarea5`.`reservations`.`fecha` at row 1 at C:/Users/aleja/OneDrive/Escritorio/dwes05-te-2526-avillastrigo/vendor/laravel/framework/src/Illuminate/Database/MySqlConnection.php:53)
[stacktrace]
#0 C:/Users/aleja/OneDrive/Escritorio/dwes05-te-2526-avillastrigo/vendor/laravel/framework/src/Illuminate/Database/MySqlConnection.php(53): PDOStatement->execute()
#1 C:/Users/aleja/OneDrive/Escritorio/dwes05-te-2526-avillastrigo/vendor/laravel/framework/src/Illuminate/Database/Connection.php(830): Illuminate/Database/MySqlConnection->{closure:Illuminate/Database/MySqlConnection::insert():42}('insert into `re...', Array)
#2 C:/Users/aleja/OneDrive/Escritorio/dwes05-te-2526-avillastrigo/vendor/laravel/framework/src/Illuminate/Database/Connection.php(797): Illuminate/Database/Connection->runQueryCallback('insert into `re...', Array, Object(Closure))
#3 C:/Users/aleja/OneDrive/Escritorio/dwes05-te-2526-avillastrigo/vendor/laravel/framework/src/Illuminate/Database/MySqlConnection.php(42): Illuminate/Database/Connection->run('insert into `re...', Array, Object(Closure))
#4 C:/Users/aleja/OneDrive/Escritorio/dwes05-te-2526-avillastrigo/vendor/laravel/framework/src/Illuminate/Database/Query/Processors/MySqlProcessor.php(35): Illuminate/Database/MySqlConnection->insert('insert into `re...', Array, 'id')
#5 C:/Users/aleja/OneDrive/Escritorio/dwes05-te-2526-avillastrigo/vendor/laravel/framework/src/Illuminate/Database/Query/Builder.php(4246): Illuminate/Database/Query/Processors/MySqlProcessor->processInsertGetId(Object(Illuminate/Database/Query/Builder), 'insert into `re...', Array, 'id')
#6 C:/Users/aleja/OneDrive/Escritorio/dwes05-te-2526-avillastrigo/vendor/laravel/framework/src/Illuminate/Database/Eloquent/Builder.php(2242): Illuminate/Database/Query/Builder->insertGetId(Array, 'id')
#7 C:/Users/aleja/OneDrive/Escritorio/dwes05-te-2526-avillastrigo/vendor/laravel/framework/src/Illuminate/Database/Eloquent/Model.php(1580): Illuminate/Database/Eloquent/Builder->__call('insertGetId', Array)
#8 C:/Users/aleja/OneDrive/Escritorio/dwes05-te-2526-avillastrigo/vendor/laravel/framework/src/Illuminate/Database/Eloquent/Model.php(1496): Illuminate/Database/Eloquent/Model->insertAndSetId(Object(Illuminate/Database/Eloquent/Builder), Array)
#9 C:/Users/aleja/OneDrive/Escritorio/dwes05-te-2526-avillastrigo/vendor/laravel/framework/src/Illuminate/Database/Eloquent/Model.php(1300): Illuminate/Database/Eloquent/Model->performInsert(Object(Illuminate/Database/Eloquent/Builder))
#10 C:/Users/aleja/OneDrive/Escritorio/dwes05-te-2526-avillastrigo/vendor/laravel/framework/src/Illuminate/Database/Eloquent/Builder.php(1224): Illuminate/Database/Eloquent/Model->save()
#11 C:/Users/aleja/OneDrive/Escritorio/dwes05-te-2526-avillastrigo/vendor/laravel/framework/src/Illuminate/Support/helpers.php(393): Illuminate/Database/Eloquent/Builder->{closure:Illuminate/Database/Eloquent/Builder::create():1223}(Object(App/Models/Reservation))
#12 C:/Users/aleja/OneDrive/Escritorio/dwes05-te-2526-avillastrigo/vendor/laravel/framework/src/Illuminate/Database/Eloquent/Builder.php(1223): tap(Object(App/Models/Reservation), Object(Closure))
#13 C:/Users/aleja/OneDrive/Escritorio/dwes05-te-2526-avillastrigo/vendor/laravel/framework/src/Illuminate/Support/Traits/ForwardsCalls.php(23): Illuminate/Database/Eloquent/Builder->create(Array)
#14 C:/Users/aleja/OneDrive/Escritorio/dwes05-te-2526-avillastrigo/vendor/laravel/framework/src/Illuminate/Database/Eloquent/Model.php(2723): Illuminate/Database/Eloquent/Model->forwardCallTo(Object(Illuminate/Database/Eloquent/Builder), 'create', Array)
#15 C:/Users/aleja/OneDrive/Escritorio/dwes05-te-2526-avillastrigo/vendor/laravel/framework/src/Illuminate/Database/Eloquent/Model.php(2739): Illuminate/Database/Eloquent/Model->__call('create', Array)
#16 C:/Users/aleja/OneDrive/Escritorio/dwes05-te-2526-avillastrigo/app/Http/Controllers/ReservationController.php(39): Illuminate/Database/Eloquent/Model::__callStatic('create', Array)
#17 C:/Users/aleja/OneDrive/Escritorio/dwes05-te-2526-avillastrigo/vendor/laravel/framework/src/Illuminate/Routing/ControllerDispatcher.php(46): App/Http/Controllers/ReservationController->store(Object(Illuminate/Http/Request))
#18 C:/Users/aleja/OneDrive/Escritorio/dwes05-te-2526-avillastrigo/vendor/laravel/framework/src/Illuminate/Routing/Route.php(269): Illuminate/Routing/ControllerDispatcher->dispatch(Object(Illuminate/Routing/Route), Object(App/Http/Controllers/ReservationController), 'store')
#19 C:/Users/aleja/OneDrive/Escritorio/dwes05-te-2526-avillastrigo/vendor/laravel/framework/src/Illuminate/Routing/Route.php(215): Illuminate/Routing/Route->runController()
#20 C:/Users/aleja/OneDrive/Escritorio/dwes05-te-2526-avillastrigo/vendor/laravel/framework/src/Illuminate/Routing/Router.php(822): Illuminate/Routing/Route->run()
#21 C:/Users/aleja/OneDrive/Escritorio/dwes05-te-2526-avillastrigo/vendor/laravel/framework/src/Illuminate/Pipeline/Pipeline.php(180): Illuminate/Routing/Router->{closure:Illuminate/Routing/Router::runRouteWithinStack():821}(Object(Illuminate/Http/Request))
#22 C:/Users/aleja/OneDrive/Escritorio/dwes05-te-2526-avillastrigo/vendor/laravel/framework/src/Illuminate/Routing/Middleware/SubstituteBindings.php(52): Illuminate/Pipeline/Pipeline->{closure:Illuminate/Pipeline/Pipeline::prepareDestination():178}(Object(Illuminate/Http/Request))
#23 C:/Users/aleja/OneDrive/Escritorio/dwes05-te-2526-avillastrigo/vendor/laravel/framework/src/Illuminate/Pipeline/Pipeline.php(219): Illuminate/Routing/Middleware/SubstituteBindings->handle(Object(Illuminate/Http/Request), Object(Closure))
#24 C:/Users/aleja/OneDrive/Escritorio/dwes05-te-2526-avillastrigo/vendor/laravel/framework/src/Illuminate/Pipeline/Pipeline.php(137): Illuminate/Pipeline/Pipeline->{closure:{closure:Illuminate/Pipeline/Pipeline::carry():194}:195}(Object(Illuminate/Http/Request))
#25 C:/Users/aleja/OneDrive/Escritorio/dwes05-te-2526-avillastrigo/vendor/laravel/framework/src/Illuminate/Routing/Router.php(821): Illuminate/Pipeline/Pipeline->then(Object(Closure))
#26 C:/Users/aleja/OneDrive/Escritorio/dwes05-te-2526-avillastrigo/vendor/laravel/framework/src/Illuminate/Routing/Router.php(800): Illuminate/Routing/Router->runRouteWithinStack(Object(Illuminate/Routing/Route), Object(Illuminate/Http/Request))
#27 C:/Users/aleja/OneDrive/Escritorio/dwes05-te-2526-avillastrigo/vendor/laravel/framework/src/Illuminate/Routing/Router.php(764): Illuminate/Routing/Router->runRoute(Object(Illuminate/Http/Request), Object(Illuminate/Routing/Route))
#28 C:/Users/aleja/OneDrive/Escritorio/dwes05-te-2526-avillastrigo/vendor/laravel/framework/src/Illuminate/Routing/Router.php(753): Illuminate/Routing/Router->dispatchToRoute(Object(Illuminate/Http/Request))
#29 C:/Users/aleja/OneDrive/Escritorio/dwes05-te-2526-avillastrigo/vendor/laravel/framework/src/Illuminate/Foundation/Http/Kernel.php(200): Illuminate/Routing/Router->dispatch(Object(Illuminate/Http/Request))
#30 C:/Users/aleja/OneDrive/Escritorio/dwes05-te-2526-avillastrigo/vendor/laravel/framework/src/Illuminate/Pipeline/Pipeline.php(180): Illuminate/Foundation/Http/Kernel->{closure:Illuminate/Foundation/Http/Kernel::dispatchToRouter():197}(Object(Illuminate/Http/Request))
#31 C:/Users/aleja/OneDrive/Escritorio/dwes05-te-2526-avillastrigo/vendor/laravel/framework/src/Illuminate/Foundation/Http/Middleware/TransformsRequest.php(21): Illuminate/Pipeline/Pipeline->{closure:Illuminate/Pipeline/Pipeline::prepareDestination():178}(Object(Illuminate/Http/Request))
#32 C:/Users/aleja/OneDrive/Escritorio/dwes05-te-2526-avillastrigo/vendor/laravel/framework/src/Illuminate/Foundation/Http/Middleware/ConvertEmptyStringsToNull.php(31): Illuminate/Foundation/Http/Middleware/TransformsRequest->handle(Object(Illuminate/Http/Request), Object(Closure))
#33 C:/Users/aleja/OneDrive/Escritorio/dwes05-te-2526-avillastrigo/vendor/laravel/framework/src/Illuminate/Pipeline/Pipeline.php(219): Illuminate/Foundation/Http/Middleware/ConvertEmptyStringsToNull->handle(Object(Illuminate/Http/Request), Object(Closure))
#34 C:/Users/aleja/OneDrive/Escritorio/dwes05-te-2526-avillastrigo/vendor/laravel/framework/src/Illuminate/Foundation/Http/Middleware/TransformsRequest.php(21): Illuminate/Pipeline/Pipeline->{closure:{closure:Illuminate/Pipeline/Pipeline::carry():194}:195}(Object(Illuminate/Http/Request))
#35 C:/Users/aleja/OneDrive/Escritorio/dwes05-te-2526-avillastrigo/vendor/laravel/framework/src/Illuminate/Foundation/Http/Middleware/TrimStrings.php(51): Illuminate/Foundation/Http/Middleware/TransformsRequest->handle(Object(Illuminate/Http/Request), Object(Closure))
#36 C:/Users/aleja/OneDrive/Escritorio/dwes05-te-2526-avillastrigo/vendor/laravel/framework/src/Illuminate/Pipeline/Pipeline.php(219): Illuminate/Foundation/Http/Middleware/TrimStrings->handle(Object(Illuminate/Http/Request), Object(Closure))
#37 C:/Users/aleja/OneDrive/Escritorio/dwes05-te-2526-avillastrigo/vendor/laravel/framework/src/Illuminate/Http/Middleware/ValidatePostSize.php(27): Illuminate/Pipeline/Pipeline->{closure:{closure:Illuminate/Pipeline/Pipeline::carry():194}:195}(Object(Illuminate/Http/Request))
#38 C:/Users/aleja/OneDrive/Escritorio/dwes05-te-2526-avillastrigo/vendor/laravel/framework/src/Illuminate/Pipeline/Pipeline.php(219): Illuminate/Http/Middleware/ValidatePostSize->handle(Object(Illuminate/Http/Request), Object(Closure))
#39 C:/Users/aleja/OneDrive/Escritorio/dwes05-te-2526-avillastrigo/vendor/laravel/framework/src/Illuminate/Foundation/Http/Middleware/PreventRequestsDuringMaintenance.php(109): Illuminate/Pipeline/Pipeline->{closure:{closure:Illuminate/Pipeline/Pipeline::carry():194}:195}(Object(Illuminate/Http/Request))
#40 C:/Users/aleja/OneDrive/Escritorio/dwes05-te-2526-avillastrigo/vendor/laravel/framework/src/Illuminate/Pipeline/Pipeline.php(219): Illuminate/Foundation/Http/Middleware/PreventRequestsDuringMaintenance->handle(Object(Illuminate/Http/Request), Object(Closure))
#41 C:/Users/aleja/OneDrive/Escritorio/dwes05-te-2526-avillastrigo/vendor/laravel/framework/src/Illuminate/Http/Middleware/HandleCors.php(74): Illuminate/Pipeline/Pipeline->{closure:{closure:Illuminate/Pipeline/Pipeline::carry():194}:195}(Object(Illuminate/Http/Request))
#42 C:/Users/aleja/OneDrive/Escritorio/dwes05-te-2526-avillastrigo/vendor/laravel/framework/src/Illuminate/Pipeline/Pipeline.php(219): Illuminate/Http/Middleware/HandleCors->handle(Object(Illuminate/Http/Request), Object(Closure))
#43 C:/Users/aleja/OneDrive/Escritorio/dwes05-te-2526-avillastrigo/vendor/laravel/framework/src/Illuminate/Http/Middleware/TrustProxies.php(58): Illuminate/Pipeline/Pipeline->{closure:{closure:Illuminate/Pipeline/Pipeline::carry():194}:195}(Object(Illuminate/Http/Request))
#44 C:/Users/aleja/OneDrive/Escritorio/dwes05-te-2526-avillastrigo/vendor/laravel/framework/src/Illuminate/Pipeline/Pipeline.php(219): Illuminate/Http/Middleware/TrustProxies->handle(Object(Illuminate/Http/Request), Object(Closure))
#45 C:/Users/aleja/OneDrive/Escritorio/dwes05-te-2526-avillastrigo/vendor/laravel/framework/src/Illuminate/Foundation/Http/Middleware/InvokeDeferredCallbacks.php(22): Illuminate/Pipeline/Pipeline->{closure:{closure:Illuminate/Pipeline/Pipeline::carry():194}:195}(Object(Illuminate/Http/Request))
#46 C:/Users/aleja/OneDrive/Escritorio/dwes05-te-2526-avillastrigo/vendor/laravel/framework/src/Illuminate/Pipeline/Pipeline.php(219): Illuminate/Foundation/Http/Middleware/InvokeDeferredCallbacks->handle(Object(Illuminate/Http/Request), Object(Closure))
#47 C:/Users/aleja/OneDrive/Escritorio/dwes05-te-2526-avillastrigo/vendor/laravel/framework/src/Illuminate/Http/Middleware/ValidatePathEncoding.php(28): Illuminate/Pipeline/Pipeline->{closure:{closure:Illuminate/Pipeline/Pipeline::carry():194}:195}(Object(Illuminate/Http/Request))
#48 C:/Users/aleja/OneDrive/Escritorio/dwes05-te-2526-avillastrigo/vendor/laravel/framework/src/Illuminate/Pipeline/Pipeline.php(219): Illuminate/Http/Middleware/ValidatePathEncoding->handle(Object(Illuminate/Http/Request), Object(Closure))
#49 C:/Users/aleja/OneDrive/Escritorio/dwes05-te-2526-avillastrigo/vendor/laravel/framework/src/Illuminate/Pipeline/Pipeline.php(137): Illuminate/Pipeline/Pipeline->{closure:{closure:Illuminate/Pipeline/Pipeline::carry():194}:195}(Object(Illuminate/Http/Request))
#50 C:/Users/aleja/OneDrive/Escritorio/dwes05-te-2526-avillastrigo/vendor/laravel/framework/src/Illuminate/Foundation/Http/Kernel.php(175): Illuminate/Pipeline/Pipeline->then(Object(Closure))
#51 C:/Users/aleja/OneDrive/Escritorio/dwes05-te-2526-avillastrigo/vendor/laravel/framework/src/Illuminate/Foundation/Http/Kernel.php(144): Illuminate/Foundation/Http/Kernel->sendRequestThroughRouter(Object(Illuminate/Http/Request))
#52 C:/Users/aleja/OneDrive/Escritorio/dwes05-te-2526-avillastrigo/vendor/laravel/framework/src/Illuminate/Foundation/Application.php(1220): Illuminate/Foundation/Http/Kernel->handle(Object(Illuminate/Http/Request))
#53 C:/Users/aleja/OneDrive/Escritorio/dwes05-te-2526-avillastrigo/public/index.php(20): Illuminate/Foundation/Application->handleRequest(Object(Illuminate/Http/Request))
#54 C:/Users/aleja/OneDrive/Escritorio/dwes05-te-2526-avillastrigo/vendor/laravel/framework/src/Illuminate/Foundation/resources/server.php(23): require_once('C://Users//aleja//...')
#55 {main}
"} 
[2026-03-27 12:00:46] local.ERROR: SQLSTATE[22007]: Invalid datetime format: 1292 Incorrect date value: '17 de Febrero' for column `dwes_tarea5`.`reservations`.`fecha` at row 1 (Connection: mysql, Host: 127.0.0.1, Port: 3306, Database: dwes_tarea5, SQL: insert into `reservations` (`usuario`, `gym_class_id`, `fecha`, `updated_at`, `created_at`) values (Marcos, 3, 17 de Febrero, 2026-03-27 12:00:46, 2026-03-27 12:00:46)) {"exception":"[object] (Illuminate\\Database\\QueryException(code: 22007): SQLSTATE[22007]: Invalid datetime format: 1292 Incorrect date value: '17 de Febrero' for column `dwes_tarea5`.`reservations`.`fecha` at row 1 (Connection: mysql, Host: 127.0.0.1, Port: 3306, Database: dwes_tarea5, SQL: insert into `reservations` (`usuario`, `gym_class_id`, `fecha`, `updated_at`, `created_at`) values (Marcos, 3, 17 de Febrero, 2026-03-27 12:00:46, 2026-03-27 12:00:46)) at C:/Users/aleja/OneDrive/Escritorio/dwes05-te-2526-avillastrigo/vendor/laravel/framework/src/Illuminate/Database/Connection.php:841)
[stacktrace]
#0 C:/Users/aleja/OneDrive/Escritorio/dwes05-te-2526-avillastrigo/vendor/laravel/framework/src/Illuminate/Database/Connection.php(797): Illuminate/Database/Connection->runQueryCallback('insert into `re...', Array, Object(Closure))
#1 C:/Users/aleja/OneDrive/Escritorio/dwes05-te-2526-avillastrigo/vendor/laravel/framework/src/Illuminate/Database/MySqlConnection.php(42): Illuminate/Database/Connection->run('insert into `re...', Array, Object(Closure))
#2 C:/Users/aleja/OneDrive/Escritorio/dwes05-te-2526-avillastrigo/vendor/laravel/framework/src/Illuminate/Database/Query/Processors/MySqlProcessor.php(35): Illuminate/Database/MySqlConnection->insert('insert into `re...', Array, 'id')
#3 C:/Users/aleja/OneDrive/Escritorio/dwes05-te-2526-avillastrigo/vendor/laravel/framework/src/Illuminate/Database/Query/Builder.php(4246): Illuminate/Database/Query/Processors/MySqlProcessor->processInsertGetId(Object(Illuminate/Database/Query/Builder), 'insert into `re...', Array, 'id')
#4 C:/Users/aleja/OneDrive/Escritorio/dwes05-te-2526-avillastrigo/vendor/laravel/framework/src/Illuminate/Database/Eloquent/Builder.php(2242): Illuminate/Database/Query/Builder->insertGetId(Array, 'id')
#5 C:/Users/aleja/OneDrive/Escritorio/dwes05-te-2526-avillastrigo/vendor/laravel/framework/src/Illuminate/Database/Eloquent/Model.php(1580): Illuminate/Database/Eloquent/Builder->__call('insertGetId', Array)
#6 C:/Users/aleja/OneDrive/Escritorio/dwes05-te-2526-avillastrigo/vendor/laravel/framework/src/Illuminate/Database/Eloquent/Model.php(1496): Illuminate/Database/Eloquent/Model->insertAndSetId(Object(Illuminate/Database/Eloquent/Builder), Array)
#7 C:/Users/aleja/OneDrive/Escritorio/dwes05-te-2526-avillastrigo/vendor/laravel/framework/src/Illuminate/Database/Eloquent/Model.php(1300): Illuminate/Database/Eloquent/Model->performInsert(Object(Illuminate/Database/Eloquent/Builder))
#8 C:/Users/aleja/OneDrive/Escritorio/dwes05-te-2526-avillastrigo/vendor/laravel/framework/src/Illuminate/Database/Eloquent/Builder.php(1224): Illuminate/Database/Eloquent/Model->save()
#9 C:/Users/aleja/OneDrive/Escritorio/dwes05-te-2526-avillastrigo/vendor/laravel/framework/src/Illuminate/Support/helpers.php(393): Illuminate/Database/Eloquent/Builder->{closure:Illuminate/Database/Eloquent/Builder::create():1223}(Object(App/Models/Reservation))
#10 C:/Users/aleja/OneDrive/Escritorio/dwes05-te-2526-avillastrigo/vendor/laravel/framework/src/Illuminate/Database/Eloquent/Builder.php(1223): tap(Object(App/Models/Reservation), Object(Closure))
#11 C:/Users/aleja/OneDrive/Escritorio/dwes05-te-2526-avillastrigo/vendor/laravel/framework/src/Illuminate/Support/Traits/ForwardsCalls.php(23): Illuminate/Database/Eloquent/Builder->create(Array)
#12 C:/Users/aleja/OneDrive/Escritorio/dwes05-te-2526-avillastrigo/vendor/laravel/framework/src/Illuminate/Database/Eloquent/Model.php(2723): Illuminate/Database/Eloquent/Model->forwardCallTo(Object(Illuminate/Database/Eloquent/Builder), 'create', Array)
#13 C:/Users/aleja/OneDrive/Escritorio/dwes05-te-2526-avillastrigo/vendor/laravel/framework/src/Illuminate/Database/Eloquent/Model.php(2739): Illuminate/Database/Eloquent/Model->__call('create', Array)
#14 C:/Users/aleja/OneDrive/Escritorio/dwes05-te-2526-avillastrigo/app/Http/Controllers/ReservationController.php(39): Illuminate/Database/Eloquent/Model::__callStatic('create', Array)
#15 C:/Users/aleja/OneDrive/Escritorio/dwes05-te-2526-avillastrigo/vendor/laravel/framework/src/Illuminate/Routing/ControllerDispatcher.php(46): App/Http/Controllers/ReservationController->store(Object(Illuminate/Http/Request))
#16 C:/Users/aleja/OneDrive/Escritorio/dwes05-te-2526-avillastrigo/vendor/laravel/framework/src/Illuminate/Routing/Route.php(269): Illuminate/Routing/ControllerDispatcher->dispatch(Object(Illuminate/Routing/Route), Object(App/Http/Controllers/ReservationController), 'store')
#17 C:/Users/aleja/OneDrive/Escritorio/dwes05-te-2526-avillastrigo/vendor/laravel/framework/src/Illuminate/Routing/Route.php(215): Illuminate/Routing/Route->runController()
#18 C:/Users/aleja/OneDrive/Escritorio/dwes05-te-2526-avillastrigo/vendor/laravel/framework/src/Illuminate/Routing/Router.php(822): Illuminate/Routing/Route->run()
#19 C:/Users/aleja/OneDrive/Escritorio/dwes05-te-2526-avillastrigo/vendor/laravel/framework/src/Illuminate/Pipeline/Pipeline.php(180): Illuminate/Routing/Router->{closure:Illuminate/Routing/Router::runRouteWithinStack():821}(Object(Illuminate/Http/Request))
#20 C:/Users/aleja/OneDrive/Escritorio/dwes05-te-2526-avillastrigo/vendor/laravel/framework/src/Illuminate/Routing/Middleware/SubstituteBindings.php(52): Illuminate/Pipeline/Pipeline->{closure:Illuminate/Pipeline/Pipeline::prepareDestination():178}(Object(Illuminate/Http/Request))
#21 C:/Users/aleja/OneDrive/Escritorio/dwes05-te-2526-avillastrigo/vendor/laravel/framework/src/Illuminate/Pipeline/Pipeline.php(219): Illuminate/Routing/Middleware/SubstituteBindings->handle(Object(Illuminate/Http/Request), Object(Closure))
#22 C:/Users/aleja/OneDrive/Escritorio/dwes05-te-2526-avillastrigo/vendor/laravel/framework/src/Illuminate/Pipeline/Pipeline.php(137): Illuminate/Pipeline/Pipeline->{closure:{closure:Illuminate/Pipeline/Pipeline::carry():194}:195}(Object(Illuminate/Http/Request))
#23 C:/Users/aleja/OneDrive/Escritorio/dwes05-te-2526-avillastrigo/vendor/laravel/framework/src/Illuminate/Routing/Router.php(821): Illuminate/Pipeline/Pipeline->then(Object(Closure))
#24 C:/Users/aleja/OneDrive/Escritorio/dwes05-te-2526-avillastrigo/vendor/laravel/framework/src/Illuminate/Routing/Router.php(800): Illuminate/Routing/Router->runRouteWithinStack(Object(Illuminate/Routing/Route), Object(Illuminate/Http/Request))
#25 C:/Users/aleja/OneDrive/Escritorio/dwes05-te-2526-avillastrigo/vendor/laravel/framework/src/Illuminate/Routing/Router.php(764): Illuminate/Routing/Router->runRoute(Object(Illuminate/Http/Request), Object(Illuminate/Routing/Route))
#26 C:/Users/aleja/OneDrive/Escritorio/dwes05-te-2526-avillastrigo/vendor/laravel/framework/src/Illuminate/Routing/Router.php(753): Illuminate/Routing/Router->dispatchToRoute(Object(Illuminate/Http/Request))
#27 C:/Users/aleja/OneDrive/Escritorio/dwes05-te-2526-avillastrigo/vendor/laravel/framework/src/Illuminate/Foundation/Http/Kernel.php(200): Illuminate/Routing/Router->dispatch(Object(Illuminate/Http/Request))
#28 C:/Users/aleja/OneDrive/Escritorio/dwes05-te-2526-avillastrigo/vendor/laravel/framework/src/Illuminate/Pipeline/Pipeline.php(180): Illuminate/Foundation/Http/Kernel->{closure:Illuminate/Foundation/Http/Kernel::dispatchToRouter():197}(Object(Illuminate/Http/Request))
#29 C:/Users/aleja/OneDrive/Escritorio/dwes05-te-2526-avillastrigo/vendor/laravel/framework/src/Illuminate/Foundation/Http/Middleware/TransformsRequest.php(21): Illuminate/Pipeline/Pipeline->{closure:Illuminate/Pipeline/Pipeline::prepareDestination():178}(Object(Illuminate/Http/Request))
#30 C:/Users/aleja/OneDrive/Escritorio/dwes05-te-2526-avillastrigo/vendor/laravel/framework/src/Illuminate/Foundation/Http/Middleware/ConvertEmptyStringsToNull.php(31): Illuminate/Foundation/Http/Middleware/TransformsRequest->handle(Object(Illuminate/Http/Request), Object(Closure))
#31 C:/Users/aleja/OneDrive/Escritorio/dwes05-te-2526-avillastrigo/vendor/laravel/framework/src/Illuminate/Pipeline/Pipeline.php(219): Illuminate/Foundation/Http/Middleware/ConvertEmptyStringsToNull->handle(Object(Illuminate/Http/Request), Object(Closure))
#32 C:/Users/aleja/OneDrive/Escritorio/dwes05-te-2526-avillastrigo/vendor/laravel/framework/src/Illuminate/Foundation/Http/Middleware/TransformsRequest.php(21): Illuminate/Pipeline/Pipeline->{closure:{closure:Illuminate/Pipeline/Pipeline::carry():194}:195}(Object(Illuminate/Http/Request))
#33 C:/Users/aleja/OneDrive/Escritorio/dwes05-te-2526-avillastrigo/vendor/laravel/framework/src/Illuminate/Foundation/Http/Middleware/TrimStrings.php(51): Illuminate/Foundation/Http/Middleware/TransformsRequest->handle(Object(Illuminate/Http/Request), Object(Closure))
#34 C:/Users/aleja/OneDrive/Escritorio/dwes05-te-2526-avillastrigo/vendor/laravel/framework/src/Illuminate/Pipeline/Pipeline.php(219): Illuminate/Foundation/Http/Middleware/TrimStrings->handle(Object(Illuminate/Http/Request), Object(Closure))
#35 C:/Users/aleja/OneDrive/Escritorio/dwes05-te-2526-avillastrigo/vendor/laravel/framework/src/Illuminate/Http/Middleware/ValidatePostSize.php(27): Illuminate/Pipeline/Pipeline->{closure:{closure:Illuminate/Pipeline/Pipeline::carry():194}:195}(Object(Illuminate/Http/Request))
#36 C:/Users/aleja/OneDrive/Escritorio/dwes05-te-2526-avillastrigo/vendor/laravel/framework/src/Illuminate/Pipeline/Pipeline.php(219): Illuminate/Http/Middleware/ValidatePostSize->handle(Object(Illuminate/Http/Request), Object(Closure))
#37 C:/Users/aleja/OneDrive/Escritorio/dwes05-te-2526-avillastrigo/vendor/laravel/framework/src/Illuminate/Foundation/Http/Middleware/PreventRequestsDuringMaintenance.php(109): Illuminate/Pipeline/Pipeline->{closure:{closure:Illuminate/Pipeline/Pipeline::carry():194}:195}(Object(Illuminate/Http/Request))
#38 C:/Users/aleja/OneDrive/Escritorio/dwes05-te-2526-avillastrigo/vendor/laravel/framework/src/Illuminate/Pipeline/Pipeline.php(219): Illuminate/Foundation/Http/Middleware/PreventRequestsDuringMaintenance->handle(Object(Illuminate/Http/Request), Object(Closure))
#39 C:/Users/aleja/OneDrive/Escritorio/dwes05-te-2526-avillastrigo/vendor/laravel/framework/src/Illuminate/Http/Middleware/HandleCors.php(74): Illuminate/Pipeline/Pipeline->{closure:{closure:Illuminate/Pipeline/Pipeline::carry():194}:195}(Object(Illuminate/Http/Request))
#40 C:/Users/aleja/OneDrive/Escritorio/dwes05-te-2526-avillastrigo/vendor/laravel/framework/src/Illuminate/Pipeline/Pipeline.php(219): Illuminate/Http/Middleware/HandleCors->handle(Object(Illuminate/Http/Request), Object(Closure))
#41 C:/Users/aleja/OneDrive/Escritorio/dwes05-te-2526-avillastrigo/vendor/laravel/framework/src/Illuminate/Http/Middleware/TrustProxies.php(58): Illuminate/Pipeline/Pipeline->{closure:{closure:Illuminate/Pipeline/Pipeline::carry():194}:195}(Object(Illuminate/Http/Request))
#42 C:/Users/aleja/OneDrive/Escritorio/dwes05-te-2526-avillastrigo/vendor/laravel/framework/src/Illuminate/Pipeline/Pipeline.php(219): Illuminate/Http/Middleware/TrustProxies->handle(Object(Illuminate/Http/Request), Object(Closure))
#43 C:/Users/aleja/OneDrive/Escritorio/dwes05-te-2526-avillastrigo/vendor/laravel/framework/src/Illuminate/Foundation/Http/Middleware/InvokeDeferredCallbacks.php(22): Illuminate/Pipeline/Pipeline->{closure:{closure:Illuminate/Pipeline/Pipeline::carry():194}:195}(Object(Illuminate/Http/Request))
#44 C:/Users/aleja/OneDrive/Escritorio/dwes05-te-2526-avillastrigo/vendor/laravel/framework/src/Illuminate/Pipeline/Pipeline.php(219): Illuminate/Foundation/Http/Middleware/InvokeDeferredCallbacks->handle(Object(Illuminate/Http/Request), Object(Closure))
#45 C:/Users/aleja/OneDrive/Escritorio/dwes05-te-2526-avillastrigo/vendor/laravel/framework/src/Illuminate/Http/Middleware/ValidatePathEncoding.php(28): Illuminate/Pipeline/Pipeline->{closure:{closure:Illuminate/Pipeline/Pipeline::carry():194}:195}(Object(Illuminate/Http/Request))
#46 C:/Users/aleja/OneDrive/Escritorio/dwes05-te-2526-avillastrigo/vendor/laravel/framework/src/Illuminate/Pipeline/Pipeline.php(219): Illuminate/Http/Middleware/ValidatePathEncoding->handle(Object(Illuminate/Http/Request), Object(Closure))
#47 C:/Users/aleja/OneDrive/Escritorio/dwes05-te-2526-avillastrigo/vendor/laravel/framework/src/Illuminate/Pipeline/Pipeline.php(137): Illuminate/Pipeline/Pipeline->{closure:{closure:Illuminate/Pipeline/Pipeline::carry():194}:195}(Object(Illuminate/Http/Request))
#48 C:/Users/aleja/OneDrive/Escritorio/dwes05-te-2526-avillastrigo/vendor/laravel/framework/src/Illuminate/Foundation/Http/Kernel.php(175): Illuminate/Pipeline/Pipeline->then(Object(Closure))
#49 C:/Users/aleja/OneDrive/Escritorio/dwes05-te-2526-avillastrigo/vendor/laravel/framework/src/Illuminate/Foundation/Http/Kernel.php(144): Illuminate/Foundation/Http/Kernel->sendRequestThroughRouter(Object(Illuminate/Http/Request))
#50 C:/Users/aleja/OneDrive/Escritorio/dwes05-te-2526-avillastrigo/vendor/laravel/framework/src/Illuminate/Foundation/Application.php(1220): Illuminate/Foundation/Http/Kernel->handle(Object(Illuminate/Http/Request))
#51 C:/Users/aleja/OneDrive/Escritorio/dwes05-te-2526-avillastrigo/public/index.php(20): Illuminate/Foundation/Application->handleRequest(Object(Illuminate/Http/Request))
#52 C:/Users/aleja/OneDrive/Escritorio/dwes05-te-2526-avillastrigo/vendor/laravel/framework/src/Illuminate/Foundation/resources/server.php(23): require_once('C://Users//aleja//...')
#53 {main}

[previous exception] [object] (PDOException(code: 22007): SQLSTATE[22007]: Invalid datetime format: 1292 Incorrect date value: '17 de Febrero' for column `dwes_tarea5`.`reservations`.`fecha` at row 1 at C:/Users/aleja/OneDrive/Escritorio/dwes05-te-2526-avillastrigo/vendor/laravel/framework/src/Illuminate/Database/MySqlConnection.php:53)
[stacktrace]
#0 C:/Users/aleja/OneDrive/Escritorio/dwes05-te-2526-avillastrigo/vendor/laravel/framework/src/Illuminate/Database/MySqlConnection.php(53): PDOStatement->execute()
#1 C:/Users/aleja/OneDrive/Escritorio/dwes05-te-2526-avillastrigo/vendor/laravel/framework/src/Illuminate/Database/Connection.php(830): Illuminate/Database/MySqlConnection->{closure:Illuminate/Database/MySqlConnection::insert():42}('insert into `re...', Array)
#2 C:/Users/aleja/OneDrive/Escritorio/dwes05-te-2526-avillastrigo/vendor/laravel/framework/src/Illuminate/Database/Connection.php(797): Illuminate/Database/Connection->runQueryCallback('insert into `re...', Array, Object(Closure))
#3 C:/Users/aleja/OneDrive/Escritorio/dwes05-te-2526-avillastrigo/vendor/laravel/framework/src/Illuminate/Database/MySqlConnection.php(42): Illuminate/Database/Connection->run('insert into `re...', Array, Object(Closure))
#4 C:/Users/aleja/OneDrive/Escritorio/dwes05-te-2526-avillastrigo/vendor/laravel/framework/src/Illuminate/Database/Query/Processors/MySqlProcessor.php(35): Illuminate/Database/MySqlConnection->insert('insert into `re...', Array, 'id')
#5 C:/Users/aleja/OneDrive/Escritorio/dwes05-te-2526-avillastrigo/vendor/laravel/framework/src/Illuminate/Database/Query/Builder.php(4246): Illuminate/Database/Query/Processors/MySqlProcessor->processInsertGetId(Object(Illuminate/Database/Query/Builder), 'insert into `re...', Array, 'id')
#6 C:/Users/aleja/OneDrive/Escritorio/dwes05-te-2526-avillastrigo/vendor/laravel/framework/src/Illuminate/Database/Eloquent/Builder.php(2242): Illuminate/Database/Query/Builder->insertGetId(Array, 'id')
#7 C:/Users/aleja/OneDrive/Escritorio/dwes05-te-2526-avillastrigo/vendor/laravel/framework/src/Illuminate/Database/Eloquent/Model.php(1580): Illuminate/Database/Eloquent/Builder->__call('insertGetId', Array)
#8 C:/Users/aleja/OneDrive/Escritorio/dwes05-te-2526-avillastrigo/vendor/laravel/framework/src/Illuminate/Database/Eloquent/Model.php(1496): Illuminate/Database/Eloquent/Model->insertAndSetId(Object(Illuminate/Database/Eloquent/Builder), Array)
#9 C:/Users/aleja/OneDrive/Escritorio/dwes05-te-2526-avillastrigo/vendor/laravel/framework/src/Illuminate/Database/Eloquent/Model.php(1300): Illuminate/Database/Eloquent/Model->performInsert(Object(Illuminate/Database/Eloquent/Builder))
#10 C:/Users/aleja/OneDrive/Escritorio/dwes05-te-2526-avillastrigo/vendor/laravel/framework/src/Illuminate/Database/Eloquent/Builder.php(1224): Illuminate/Database/Eloquent/Model->save()
#11 C:/Users/aleja/OneDrive/Escritorio/dwes05-te-2526-avillastrigo/vendor/laravel/framework/src/Illuminate/Support/helpers.php(393): Illuminate/Database/Eloquent/Builder->{closure:Illuminate/Database/Eloquent/Builder::create():1223}(Object(App/Models/Reservation))
#12 C:/Users/aleja/OneDrive/Escritorio/dwes05-te-2526-avillastrigo/vendor/laravel/framework/src/Illuminate/Database/Eloquent/Builder.php(1223): tap(Object(App/Models/Reservation), Object(Closure))
#13 C:/Users/aleja/OneDrive/Escritorio/dwes05-te-2526-avillastrigo/vendor/laravel/framework/src/Illuminate/Support/Traits/ForwardsCalls.php(23): Illuminate/Database/Eloquent/Builder->create(Array)
#14 C:/Users/aleja/OneDrive/Escritorio/dwes05-te-2526-avillastrigo/vendor/laravel/framework/src/Illuminate/Database/Eloquent/Model.php(2723): Illuminate/Database/Eloquent/Model->forwardCallTo(Object(Illuminate/Database/Eloquent/Builder), 'create', Array)
#15 C:/Users/aleja/OneDrive/Escritorio/dwes05-te-2526-avillastrigo/vendor/laravel/framework/src/Illuminate/Database/Eloquent/Model.php(2739): Illuminate/Database/Eloquent/Model->__call('create', Array)
#16 C:/Users/aleja/OneDrive/Escritorio/dwes05-te-2526-avillastrigo/app/Http/Controllers/ReservationController.php(39): Illuminate/Database/Eloquent/Model::__callStatic('create', Array)
#17 C:/Users/aleja/OneDrive/Escritorio/dwes05-te-2526-avillastrigo/vendor/laravel/framework/src/Illuminate/Routing/ControllerDispatcher.php(46): App/Http/Controllers/ReservationController->store(Object(Illuminate/Http/Request))
#18 C:/Users/aleja/OneDrive/Escritorio/dwes05-te-2526-avillastrigo/vendor/laravel/framework/src/Illuminate/Routing/Route.php(269): Illuminate/Routing/ControllerDispatcher->dispatch(Object(Illuminate/Routing/Route), Object(App/Http/Controllers/ReservationController), 'store')
#19 C:/Users/aleja/OneDrive/Escritorio/dwes05-te-2526-avillastrigo/vendor/laravel/framework/src/Illuminate/Routing/Route.php(215): Illuminate/Routing/Route->runController()
#20 C:/Users/aleja/OneDrive/Escritorio/dwes05-te-2526-avillastrigo/vendor/laravel/framework/src/Illuminate/Routing/Router.php(822): Illuminate/Routing/Route->run()
#21 C:/Users/aleja/OneDrive/Escritorio/dwes05-te-2526-avillastrigo/vendor/laravel/framework/src/Illuminate/Pipeline/Pipeline.php(180): Illuminate/Routing/Router->{closure:Illuminate/Routing/Router::runRouteWithinStack():821}(Object(Illuminate/Http/Request))
#22 C:/Users/aleja/OneDrive/Escritorio/dwes05-te-2526-avillastrigo/vendor/laravel/framework/src/Illuminate/Routing/Middleware/SubstituteBindings.php(52): Illuminate/Pipeline/Pipeline->{closure:Illuminate/Pipeline/Pipeline::prepareDestination():178}(Object(Illuminate/Http/Request))
#23 C:/Users/aleja/OneDrive/Escritorio/dwes05-te-2526-avillastrigo/vendor/laravel/framework/src/Illuminate/Pipeline/Pipeline.php(219): Illuminate/Routing/Middleware/SubstituteBindings->handle(Object(Illuminate/Http/Request), Object(Closure))
#24 C:/Users/aleja/OneDrive/Escritorio/dwes05-te-2526-avillastrigo/vendor/laravel/framework/src/Illuminate/Pipeline/Pipeline.php(137): Illuminate/Pipeline/Pipeline->{closure:{closure:Illuminate/Pipeline/Pipeline::carry():194}:195}(Object(Illuminate/Http/Request))
#25 C:/Users/aleja/OneDrive/Escritorio/dwes05-te-2526-avillastrigo/vendor/laravel/framework/src/Illuminate/Routing/Router.php(821): Illuminate/Pipeline/Pipeline->then(Object(Closure))
#26 C:/Users/aleja/OneDrive/Escritorio/dwes05-te-2526-avillastrigo/vendor/laravel/framework/src/Illuminate/Routing/Router.php(800): Illuminate/Routing/Router->runRouteWithinStack(Object(Illuminate/Routing/Route), Object(Illuminate/Http/Request))
#27 C:/Users/aleja/OneDrive/Escritorio/dwes05-te-2526-avillastrigo/vendor/laravel/framework/src/Illuminate/Routing/Router.php(764): Illuminate/Routing/Router->runRoute(Object(Illuminate/Http/Request), Object(Illuminate/Routing/Route))
#28 C:/Users/aleja/OneDrive/Escritorio/dwes05-te-2526-avillastrigo/vendor/laravel/framework/src/Illuminate/Routing/Router.php(753): Illuminate/Routing/Router->dispatchToRoute(Object(Illuminate/Http/Request))
#29 C:/Users/aleja/OneDrive/Escritorio/dwes05-te-2526-avillastrigo/vendor/laravel/framework/src/Illuminate/Foundation/Http/Kernel.php(200): Illuminate/Routing/Router->dispatch(Object(Illuminate/Http/Request))
#30 C:/Users/aleja/OneDrive/Escritorio/dwes05-te-2526-avillastrigo/vendor/laravel/framework/src/Illuminate/Pipeline/Pipeline.php(180): Illuminate/Foundation/Http/Kernel->{closure:Illuminate/Foundation/Http/Kernel::dispatchToRouter():197}(Object(Illuminate/Http/Request))
#31 C:/Users/aleja/OneDrive/Escritorio/dwes05-te-2526-avillastrigo/vendor/laravel/framework/src/Illuminate/Foundation/Http/Middleware/TransformsRequest.php(21): Illuminate/Pipeline/Pipeline->{closure:Illuminate/Pipeline/Pipeline::prepareDestination():178}(Object(Illuminate/Http/Request))
#32 C:/Users/aleja/OneDrive/Escritorio/dwes05-te-2526-avillastrigo/vendor/laravel/framework/src/Illuminate/Foundation/Http/Middleware/ConvertEmptyStringsToNull.php(31): Illuminate/Foundation/Http/Middleware/TransformsRequest->handle(Object(Illuminate/Http/Request), Object(Closure))
#33 C:/Users/aleja/OneDrive/Escritorio/dwes05-te-2526-avillastrigo/vendor/laravel/framework/src/Illuminate/Pipeline/Pipeline.php(219): Illuminate/Foundation/Http/Middleware/ConvertEmptyStringsToNull->handle(Object(Illuminate/Http/Request), Object(Closure))
#34 C:/Users/aleja/OneDrive/Escritorio/dwes05-te-2526-avillastrigo/vendor/laravel/framework/src/Illuminate/Foundation/Http/Middleware/TransformsRequest.php(21): Illuminate/Pipeline/Pipeline->{closure:{closure:Illuminate/Pipeline/Pipeline::carry():194}:195}(Object(Illuminate/Http/Request))
#35 C:/Users/aleja/OneDrive/Escritorio/dwes05-te-2526-avillastrigo/vendor/laravel/framework/src/Illuminate/Foundation/Http/Middleware/TrimStrings.php(51): Illuminate/Foundation/Http/Middleware/TransformsRequest->handle(Object(Illuminate/Http/Request), Object(Closure))
#36 C:/Users/aleja/OneDrive/Escritorio/dwes05-te-2526-avillastrigo/vendor/laravel/framework/src/Illuminate/Pipeline/Pipeline.php(219): Illuminate/Foundation/Http/Middleware/TrimStrings->handle(Object(Illuminate/Http/Request), Object(Closure))
#37 C:/Users/aleja/OneDrive/Escritorio/dwes05-te-2526-avillastrigo/vendor/laravel/framework/src/Illuminate/Http/Middleware/ValidatePostSize.php(27): Illuminate/Pipeline/Pipeline->{closure:{closure:Illuminate/Pipeline/Pipeline::carry():194}:195}(Object(Illuminate/Http/Request))
#38 C:/Users/aleja/OneDrive/Escritorio/dwes05-te-2526-avillastrigo/vendor/laravel/framework/src/Illuminate/Pipeline/Pipeline.php(219): Illuminate/Http/Middleware/ValidatePostSize->handle(Object(Illuminate/Http/Request), Object(Closure))
#39 C:/Users/aleja/OneDrive/Escritorio/dwes05-te-2526-avillastrigo/vendor/laravel/framework/src/Illuminate/Foundation/Http/Middleware/PreventRequestsDuringMaintenance.php(109): Illuminate/Pipeline/Pipeline->{closure:{closure:Illuminate/Pipeline/Pipeline::carry():194}:195}(Object(Illuminate/Http/Request))
#40 C:/Users/aleja/OneDrive/Escritorio/dwes05-te-2526-avillastrigo/vendor/laravel/framework/src/Illuminate/Pipeline/Pipeline.php(219): Illuminate/Foundation/Http/Middleware/PreventRequestsDuringMaintenance->handle(Object(Illuminate/Http/Request), Object(Closure))
#41 C:/Users/aleja/OneDrive/Escritorio/dwes05-te-2526-avillastrigo/vendor/laravel/framework/src/Illuminate/Http/Middleware/HandleCors.php(74): Illuminate/Pipeline/Pipeline->{closure:{closure:Illuminate/Pipeline/Pipeline::carry():194}:195}(Object(Illuminate/Http/Request))
#42 C:/Users/aleja/OneDrive/Escritorio/dwes05-te-2526-avillastrigo/vendor/laravel/framework/src/Illuminate/Pipeline/Pipeline.php(219): Illuminate/Http/Middleware/HandleCors->handle(Object(Illuminate/Http/Request), Object(Closure))
#43 C:/Users/aleja/OneDrive/Escritorio/dwes05-te-2526-avillastrigo/vendor/laravel/framework/src/Illuminate/Http/Middleware/TrustProxies.php(58): Illuminate/Pipeline/Pipeline->{closure:{closure:Illuminate/Pipeline/Pipeline::carry():194}:195}(Object(Illuminate/Http/Request))
#44 C:/Users/aleja/OneDrive/Escritorio/dwes05-te-2526-avillastrigo/vendor/laravel/framework/src/Illuminate/Pipeline/Pipeline.php(219): Illuminate/Http/Middleware/TrustProxies->handle(Object(Illuminate/Http/Request), Object(Closure))
#45 C:/Users/aleja/OneDrive/Escritorio/dwes05-te-2526-avillastrigo/vendor/laravel/framework/src/Illuminate/Foundation/Http/Middleware/InvokeDeferredCallbacks.php(22): Illuminate/Pipeline/Pipeline->{closure:{closure:Illuminate/Pipeline/Pipeline::carry():194}:195}(Object(Illuminate/Http/Request))
#46 C:/Users/aleja/OneDrive/Escritorio/dwes05-te-2526-avillastrigo/vendor/laravel/framework/src/Illuminate/Pipeline/Pipeline.php(219): Illuminate/Foundation/Http/Middleware/InvokeDeferredCallbacks->handle(Object(Illuminate/Http/Request), Object(Closure))
#47 C:/Users/aleja/OneDrive/Escritorio/dwes05-te-2526-avillastrigo/vendor/laravel/framework/src/Illuminate/Http/Middleware/ValidatePathEncoding.php(28): Illuminate/Pipeline/Pipeline->{closure:{closure:Illuminate/Pipeline/Pipeline::carry():194}:195}(Object(Illuminate/Http/Request))
#48 C:/Users/aleja/OneDrive/Escritorio/dwes05-te-2526-avillastrigo/vendor/laravel/framework/src/Illuminate/Pipeline/Pipeline.php(219): Illuminate/Http/Middleware/ValidatePathEncoding->handle(Object(Illuminate/Http/Request), Object(Closure))
#49 C:/Users/aleja/OneDrive/Escritorio/dwes05-te-2526-avillastrigo/vendor/laravel/framework/src/Illuminate/Pipeline/Pipeline.php(137): Illuminate/Pipeline/Pipeline->{closure:{closure:Illuminate/Pipeline/Pipeline::carry():194}:195}(Object(Illuminate/Http/Request))
#50 C:/Users/aleja/OneDrive/Escritorio/dwes05-te-2526-avillastrigo/vendor/laravel/framework/src/Illuminate/Foundation/Http/Kernel.php(175): Illuminate/Pipeline/Pipeline->then(Object(Closure))
#51 C:/Users/aleja/OneDrive/Escritorio/dwes05-te-2526-avillastrigo/vendor/laravel/framework/src/Illuminate/Foundation/Http/Kernel.php(144): Illuminate/Foundation/Http/Kernel->sendRequestThroughRouter(Object(Illuminate/Http/Request))
#52 C:/Users/aleja/OneDrive/Escritorio/dwes05-te-2526-avillastrigo/vendor/laravel/framework/src/Illuminate/Foundation/Application.php(1220): Illuminate/Foundation/Http/Kernel->handle(Object(Illuminate/Http/Request))
#53 C:/Users/aleja/OneDrive/Escritorio/dwes05-te-2526-avillastrigo/public/index.php(20): Illuminate/Foundation/Application->handleRequest(Object(Illuminate/Http/Request))
#54 C:/Users/aleja/OneDrive/Escritorio/dwes05-te-2526-avillastrigo/vendor/laravel/framework/src/Illuminate/Foundation/resources/server.php(23): require_once('C://Users//aleja//...')
#55 {main}
"} 
[2026-03-27 12:20:05] local.ERROR: SQLSTATE[23000]: Integrity constraint violation: 1452 Cannot add or update a child row: a foreign key constraint fails (`dwes_tarea5`.`reservations`, CONSTRAINT `reservations_gym_class_id_foreign` FOREIGN KEY (`gym_class_id`) REFERENCES `gym_classes` (`id`) ON DELETE CASCADE) (Connection: mysql, Host: 127.0.0.1, Port: 3306, Database: dwes_tarea5, SQL: insert into `reservations` (`usuario`, `gym_class_id`, `fecha`, `updated_at`, `created_at`) values (Marta, 23, 2026-03-29, 2026-03-27 12:20:05, 2026-03-27 12:20:05)) {"exception":"[object] (Illuminate\\Database\\QueryException(code: 23000): SQLSTATE[23000]: Integrity constraint violation: 1452 Cannot add or update a child row: a foreign key constraint fails (`dwes_tarea5`.`reservations`, CONSTRAINT `reservations_gym_class_id_foreign` FOREIGN KEY (`gym_class_id`) REFERENCES `gym_classes` (`id`) ON DELETE CASCADE) (Connection: mysql, Host: 127.0.0.1, Port: 3306, Database: dwes_tarea5, SQL: insert into `reservations` (`usuario`, `gym_class_id`, `fecha`, `updated_at`, `created_at`) values (Marta, 23, 2026-03-29, 2026-03-27 12:20:05, 2026-03-27 12:20:05)) at C:/Users/aleja/OneDrive/Escritorio/dwes05-te-2526-avillastrigo/vendor/laravel/framework/src/Illuminate/Database/Connection.php:841)
[stacktrace]
#0 C:/Users/aleja/OneDrive/Escritorio/dwes05-te-2526-avillastrigo/vendor/laravel/framework/src/Illuminate/Database/Connection.php(797): Illuminate/Database/Connection->runQueryCallback('insert into `re...', Array, Object(Closure))
#1 C:/Users/aleja/OneDrive/Escritorio/dwes05-te-2526-avillastrigo/vendor/laravel/framework/src/Illuminate/Database/MySqlConnection.php(42): Illuminate/Database/Connection->run('insert into `re...', Array, Object(Closure))
#2 C:/Users/aleja/OneDrive/Escritorio/dwes05-te-2526-avillastrigo/vendor/laravel/framework/src/Illuminate/Database/Query/Processors/MySqlProcessor.php(35): Illuminate/Database/MySqlConnection->insert('insert into `re...', Array, 'id')
#3 C:/Users/aleja/OneDrive/Escritorio/dwes05-te-2526-avillastrigo/vendor/laravel/framework/src/Illuminate/Database/Query/Builder.php(4246): Illuminate/Database/Query/Processors/MySqlProcessor->processInsertGetId(Object(Illuminate/Database/Query/Builder), 'insert into `re...', Array, 'id')
#4 C:/Users/aleja/OneDrive/Escritorio/dwes05-te-2526-avillastrigo/vendor/laravel/framework/src/Illuminate/Database/Eloquent/Builder.php(2242): Illuminate/Database/Query/Builder->insertGetId(Array, 'id')
#5 C:/Users/aleja/OneDrive/Escritorio/dwes05-te-2526-avillastrigo/vendor/laravel/framework/src/Illuminate/Database/Eloquent/Model.php(1580): Illuminate/Database/Eloquent/Builder->__call('insertGetId', Array)
#6 C:/Users/aleja/OneDrive/Escritorio/dwes05-te-2526-avillastrigo/vendor/laravel/framework/src/Illuminate/Database/Eloquent/Model.php(1496): Illuminate/Database/Eloquent/Model->insertAndSetId(Object(Illuminate/Database/Eloquent/Builder), Array)
#7 C:/Users/aleja/OneDrive/Escritorio/dwes05-te-2526-avillastrigo/vendor/laravel/framework/src/Illuminate/Database/Eloquent/Model.php(1300): Illuminate/Database/Eloquent/Model->performInsert(Object(Illuminate/Database/Eloquent/Builder))
#8 C:/Users/aleja/OneDrive/Escritorio/dwes05-te-2526-avillastrigo/vendor/laravel/framework/src/Illuminate/Database/Eloquent/Builder.php(1224): Illuminate/Database/Eloquent/Model->save()
#9 C:/Users/aleja/OneDrive/Escritorio/dwes05-te-2526-avillastrigo/vendor/laravel/framework/src/Illuminate/Support/helpers.php(393): Illuminate/Database/Eloquent/Builder->{closure:Illuminate/Database/Eloquent/Builder::create():1223}(Object(App/Models/Reservation))
#10 C:/Users/aleja/OneDrive/Escritorio/dwes05-te-2526-avillastrigo/vendor/laravel/framework/src/Illuminate/Database/Eloquent/Builder.php(1223): tap(Object(App/Models/Reservation), Object(Closure))
#11 C:/Users/aleja/OneDrive/Escritorio/dwes05-te-2526-avillastrigo/vendor/laravel/framework/src/Illuminate/Support/Traits/ForwardsCalls.php(23): Illuminate/Database/Eloquent/Builder->create(Array)
#12 C:/Users/aleja/OneDrive/Escritorio/dwes05-te-2526-avillastrigo/vendor/laravel/framework/src/Illuminate/Database/Eloquent/Model.php(2723): Illuminate/Database/Eloquent/Model->forwardCallTo(Object(Illuminate/Database/Eloquent/Builder), 'create', Array)
#13 C:/Users/aleja/OneDrive/Escritorio/dwes05-te-2526-avillastrigo/vendor/laravel/framework/src/Illuminate/Database/Eloquent/Model.php(2739): Illuminate/Database/Eloquent/Model->__call('create', Array)
#14 C:/Users/aleja/OneDrive/Escritorio/dwes05-te-2526-avillastrigo/app/Http/Controllers/ReservationController.php(39): Illuminate/Database/Eloquent/Model::__callStatic('create', Array)
#15 C:/Users/aleja/OneDrive/Escritorio/dwes05-te-2526-avillastrigo/vendor/laravel/framework/src/Illuminate/Routing/ControllerDispatcher.php(46): App/Http/Controllers/ReservationController->store(Object(Illuminate/Http/Request))
#16 C:/Users/aleja/OneDrive/Escritorio/dwes05-te-2526-avillastrigo/vendor/laravel/framework/src/Illuminate/Routing/Route.php(269): Illuminate/Routing/ControllerDispatcher->dispatch(Object(Illuminate/Routing/Route), Object(App/Http/Controllers/ReservationController), 'store')
#17 C:/Users/aleja/OneDrive/Escritorio/dwes05-te-2526-avillastrigo/vendor/laravel/framework/src/Illuminate/Routing/Route.php(215): Illuminate/Routing/Route->runController()
#18 C:/Users/aleja/OneDrive/Escritorio/dwes05-te-2526-avillastrigo/vendor/laravel/framework/src/Illuminate/Routing/Router.php(822): Illuminate/Routing/Route->run()
#19 C:/Users/aleja/OneDrive/Escritorio/dwes05-te-2526-avillastrigo/vendor/laravel/framework/src/Illuminate/Pipeline/Pipeline.php(180): Illuminate/Routing/Router->{closure:Illuminate/Routing/Router::runRouteWithinStack():821}(Object(Illuminate/Http/Request))
#20 C:/Users/aleja/OneDrive/Escritorio/dwes05-te-2526-avillastrigo/vendor/laravel/framework/src/Illuminate/Routing/Middleware/SubstituteBindings.php(52): Illuminate/Pipeline/Pipeline->{closure:Illuminate/Pipeline/Pipeline::prepareDestination():178}(Object(Illuminate/Http/Request))
#21 C:/Users/aleja/OneDrive/Escritorio/dwes05-te-2526-avillastrigo/vendor/laravel/framework/src/Illuminate/Pipeline/Pipeline.php(219): Illuminate/Routing/Middleware/SubstituteBindings->handle(Object(Illuminate/Http/Request), Object(Closure))
#22 C:/Users/aleja/OneDrive/Escritorio/dwes05-te-2526-avillastrigo/vendor/laravel/framework/src/Illuminate/Pipeline/Pipeline.php(137): Illuminate/Pipeline/Pipeline->{closure:{closure:Illuminate/Pipeline/Pipeline::carry():194}:195}(Object(Illuminate/Http/Request))
#23 C:/Users/aleja/OneDrive/Escritorio/dwes05-te-2526-avillastrigo/vendor/laravel/framework/src/Illuminate/Routing/Router.php(821): Illuminate/Pipeline/Pipeline->then(Object(Closure))
#24 C:/Users/aleja/OneDrive/Escritorio/dwes05-te-2526-avillastrigo/vendor/laravel/framework/src/Illuminate/Routing/Router.php(800): Illuminate/Routing/Router->runRouteWithinStack(Object(Illuminate/Routing/Route), Object(Illuminate/Http/Request))
#25 C:/Users/aleja/OneDrive/Escritorio/dwes05-te-2526-avillastrigo/vendor/laravel/framework/src/Illuminate/Routing/Router.php(764): Illuminate/Routing/Router->runRoute(Object(Illuminate/Http/Request), Object(Illuminate/Routing/Route))
#26 C:/Users/aleja/OneDrive/Escritorio/dwes05-te-2526-avillastrigo/vendor/laravel/framework/src/Illuminate/Routing/Router.php(753): Illuminate/Routing/Router->dispatchToRoute(Object(Illuminate/Http/Request))
#27 C:/Users/aleja/OneDrive/Escritorio/dwes05-te-2526-avillastrigo/vendor/laravel/framework/src/Illuminate/Foundation/Http/Kernel.php(200): Illuminate/Routing/Router->dispatch(Object(Illuminate/Http/Request))
#28 C:/Users/aleja/OneDrive/Escritorio/dwes05-te-2526-avillastrigo/vendor/laravel/framework/src/Illuminate/Pipeline/Pipeline.php(180): Illuminate/Foundation/Http/Kernel->{closure:Illuminate/Foundation/Http/Kernel::dispatchToRouter():197}(Object(Illuminate/Http/Request))
#29 C:/Users/aleja/OneDrive/Escritorio/dwes05-te-2526-avillastrigo/vendor/laravel/framework/src/Illuminate/Foundation/Http/Middleware/TransformsRequest.php(21): Illuminate/Pipeline/Pipeline->{closure:Illuminate/Pipeline/Pipeline::prepareDestination():178}(Object(Illuminate/Http/Request))
#30 C:/Users/aleja/OneDrive/Escritorio/dwes05-te-2526-avillastrigo/vendor/laravel/framework/src/Illuminate/Foundation/Http/Middleware/ConvertEmptyStringsToNull.php(31): Illuminate/Foundation/Http/Middleware/TransformsRequest->handle(Object(Illuminate/Http/Request), Object(Closure))
#31 C:/Users/aleja/OneDrive/Escritorio/dwes05-te-2526-avillastrigo/vendor/laravel/framework/src/Illuminate/Pipeline/Pipeline.php(219): Illuminate/Foundation/Http/Middleware/ConvertEmptyStringsToNull->handle(Object(Illuminate/Http/Request), Object(Closure))
#32 C:/Users/aleja/OneDrive/Escritorio/dwes05-te-2526-avillastrigo/vendor/laravel/framework/src/Illuminate/Foundation/Http/Middleware/TransformsRequest.php(21): Illuminate/Pipeline/Pipeline->{closure:{closure:Illuminate/Pipeline/Pipeline::carry():194}:195}(Object(Illuminate/Http/Request))
#33 C:/Users/aleja/OneDrive/Escritorio/dwes05-te-2526-avillastrigo/vendor/laravel/framework/src/Illuminate/Foundation/Http/Middleware/TrimStrings.php(51): Illuminate/Foundation/Http/Middleware/TransformsRequest->handle(Object(Illuminate/Http/Request), Object(Closure))
#34 C:/Users/aleja/OneDrive/Escritorio/dwes05-te-2526-avillastrigo/vendor/laravel/framework/src/Illuminate/Pipeline/Pipeline.php(219): Illuminate/Foundation/Http/Middleware/TrimStrings->handle(Object(Illuminate/Http/Request), Object(Closure))
#35 C:/Users/aleja/OneDrive/Escritorio/dwes05-te-2526-avillastrigo/vendor/laravel/framework/src/Illuminate/Http/Middleware/ValidatePostSize.php(27): Illuminate/Pipeline/Pipeline->{closure:{closure:Illuminate/Pipeline/Pipeline::carry():194}:195}(Object(Illuminate/Http/Request))
#36 C:/Users/aleja/OneDrive/Escritorio/dwes05-te-2526-avillastrigo/vendor/laravel/framework/src/Illuminate/Pipeline/Pipeline.php(219): Illuminate/Http/Middleware/ValidatePostSize->handle(Object(Illuminate/Http/Request), Object(Closure))
#37 C:/Users/aleja/OneDrive/Escritorio/dwes05-te-2526-avillastrigo/vendor/laravel/framework/src/Illuminate/Foundation/Http/Middleware/PreventRequestsDuringMaintenance.php(109): Illuminate/Pipeline/Pipeline->{closure:{closure:Illuminate/Pipeline/Pipeline::carry():194}:195}(Object(Illuminate/Http/Request))
#38 C:/Users/aleja/OneDrive/Escritorio/dwes05-te-2526-avillastrigo/vendor/laravel/framework/src/Illuminate/Pipeline/Pipeline.php(219): Illuminate/Foundation/Http/Middleware/PreventRequestsDuringMaintenance->handle(Object(Illuminate/Http/Request), Object(Closure))
#39 C:/Users/aleja/OneDrive/Escritorio/dwes05-te-2526-avillastrigo/vendor/laravel/framework/src/Illuminate/Http/Middleware/HandleCors.php(74): Illuminate/Pipeline/Pipeline->{closure:{closure:Illuminate/Pipeline/Pipeline::carry():194}:195}(Object(Illuminate/Http/Request))
#40 C:/Users/aleja/OneDrive/Escritorio/dwes05-te-2526-avillastrigo/vendor/laravel/framework/src/Illuminate/Pipeline/Pipeline.php(219): Illuminate/Http/Middleware/HandleCors->handle(Object(Illuminate/Http/Request), Object(Closure))
#41 C:/Users/aleja/OneDrive/Escritorio/dwes05-te-2526-avillastrigo/vendor/laravel/framework/src/Illuminate/Http/Middleware/TrustProxies.php(58): Illuminate/Pipeline/Pipeline->{closure:{closure:Illuminate/Pipeline/Pipeline::carry():194}:195}(Object(Illuminate/Http/Request))
#42 C:/Users/aleja/OneDrive/Escritorio/dwes05-te-2526-avillastrigo/vendor/laravel/framework/src/Illuminate/Pipeline/Pipeline.php(219): Illuminate/Http/Middleware/TrustProxies->handle(Object(Illuminate/Http/Request), Object(Closure))
#43 C:/Users/aleja/OneDrive/Escritorio/dwes05-te-2526-avillastrigo/vendor/laravel/framework/src/Illuminate/Foundation/Http/Middleware/InvokeDeferredCallbacks.php(22): Illuminate/Pipeline/Pipeline->{closure:{closure:Illuminate/Pipeline/Pipeline::carry():194}:195}(Object(Illuminate/Http/Request))
#44 C:/Users/aleja/OneDrive/Escritorio/dwes05-te-2526-avillastrigo/vendor/laravel/framework/src/Illuminate/Pipeline/Pipeline.php(219): Illuminate/Foundation/Http/Middleware/InvokeDeferredCallbacks->handle(Object(Illuminate/Http/Request), Object(Closure))
#45 C:/Users/aleja/OneDrive/Escritorio/dwes05-te-2526-avillastrigo/vendor/laravel/framework/src/Illuminate/Http/Middleware/ValidatePathEncoding.php(28): Illuminate/Pipeline/Pipeline->{closure:{closure:Illuminate/Pipeline/Pipeline::carry():194}:195}(Object(Illuminate/Http/Request))
#46 C:/Users/aleja/OneDrive/Escritorio/dwes05-te-2526-avillastrigo/vendor/laravel/framework/src/Illuminate/Pipeline/Pipeline.php(219): Illuminate/Http/Middleware/ValidatePathEncoding->handle(Object(Illuminate/Http/Request), Object(Closure))
#47 C:/Users/aleja/OneDrive/Escritorio/dwes05-te-2526-avillastrigo/vendor/laravel/framework/src/Illuminate/Pipeline/Pipeline.php(137): Illuminate/Pipeline/Pipeline->{closure:{closure:Illuminate/Pipeline/Pipeline::carry():194}:195}(Object(Illuminate/Http/Request))
#48 C:/Users/aleja/OneDrive/Escritorio/dwes05-te-2526-avillastrigo/vendor/laravel/framework/src/Illuminate/Foundation/Http/Kernel.php(175): Illuminate/Pipeline/Pipeline->then(Object(Closure))
#49 C:/Users/aleja/OneDrive/Escritorio/dwes05-te-2526-avillastrigo/vendor/laravel/framework/src/Illuminate/Foundation/Http/Kernel.php(144): Illuminate/Foundation/Http/Kernel->sendRequestThroughRouter(Object(Illuminate/Http/Request))
#50 C:/Users/aleja/OneDrive/Escritorio/dwes05-te-2526-avillastrigo/vendor/laravel/framework/src/Illuminate/Foundation/Application.php(1220): Illuminate/Foundation/Http/Kernel->handle(Object(Illuminate/Http/Request))
#51 C:/Users/aleja/OneDrive/Escritorio/dwes05-te-2526-avillastrigo/public/index.php(20): Illuminate/Foundation/Application->handleRequest(Object(Illuminate/Http/Request))
#52 C:/Users/aleja/OneDrive/Escritorio/dwes05-te-2526-avillastrigo/vendor/laravel/framework/src/Illuminate/Foundation/resources/server.php(23): require_once('C://Users//aleja//...')
#53 {main}

[previous exception] [object] (PDOException(code: 23000): SQLSTATE[23000]: Integrity constraint violation: 1452 Cannot add or update a child row: a foreign key constraint fails (`dwes_tarea5`.`reservations`, CONSTRAINT `reservations_gym_class_id_foreign` FOREIGN KEY (`gym_class_id`) REFERENCES `gym_classes` (`id`) ON DELETE CASCADE) at C:/Users/aleja/OneDrive/Escritorio/dwes05-te-2526-avillastrigo/vendor/laravel/framework/src/Illuminate/Database/MySqlConnection.php:53)
[stacktrace]
#0 C:/Users/aleja/OneDrive/Escritorio/dwes05-te-2526-avillastrigo/vendor/laravel/framework/src/Illuminate/Database/MySqlConnection.php(53): PDOStatement->execute()
#1 C:/Users/aleja/OneDrive/Escritorio/dwes05-te-2526-avillastrigo/vendor/laravel/framework/src/Illuminate/Database/Connection.php(830): Illuminate/Database/MySqlConnection->{closure:Illuminate/Database/MySqlConnection::insert():42}('insert into `re...', Array)
#2 C:/Users/aleja/OneDrive/Escritorio/dwes05-te-2526-avillastrigo/vendor/laravel/framework/src/Illuminate/Database/Connection.php(797): Illuminate/Database/Connection->runQueryCallback('insert into `re...', Array, Object(Closure))
#3 C:/Users/aleja/OneDrive/Escritorio/dwes05-te-2526-avillastrigo/vendor/laravel/framework/src/Illuminate/Database/MySqlConnection.php(42): Illuminate/Database/Connection->run('insert into `re...', Array, Object(Closure))
#4 C:/Users/aleja/OneDrive/Escritorio/dwes05-te-2526-avillastrigo/vendor/laravel/framework/src/Illuminate/Database/Query/Processors/MySqlProcessor.php(35): Illuminate/Database/MySqlConnection->insert('insert into `re...', Array, 'id')
#5 C:/Users/aleja/OneDrive/Escritorio/dwes05-te-2526-avillastrigo/vendor/laravel/framework/src/Illuminate/Database/Query/Builder.php(4246): Illuminate/Database/Query/Processors/MySqlProcessor->processInsertGetId(Object(Illuminate/Database/Query/Builder), 'insert into `re...', Array, 'id')
#6 C:/Users/aleja/OneDrive/Escritorio/dwes05-te-2526-avillastrigo/vendor/laravel/framework/src/Illuminate/Database/Eloquent/Builder.php(2242): Illuminate/Database/Query/Builder->insertGetId(Array, 'id')
#7 C:/Users/aleja/OneDrive/Escritorio/dwes05-te-2526-avillastrigo/vendor/laravel/framework/src/Illuminate/Database/Eloquent/Model.php(1580): Illuminate/Database/Eloquent/Builder->__call('insertGetId', Array)
#8 C:/Users/aleja/OneDrive/Escritorio/dwes05-te-2526-avillastrigo/vendor/laravel/framework/src/Illuminate/Database/Eloquent/Model.php(1496): Illuminate/Database/Eloquent/Model->insertAndSetId(Object(Illuminate/Database/Eloquent/Builder), Array)
#9 C:/Users/aleja/OneDrive/Escritorio/dwes05-te-2526-avillastrigo/vendor/laravel/framework/src/Illuminate/Database/Eloquent/Model.php(1300): Illuminate/Database/Eloquent/Model->performInsert(Object(Illuminate/Database/Eloquent/Builder))
#10 C:/Users/aleja/OneDrive/Escritorio/dwes05-te-2526-avillastrigo/vendor/laravel/framework/src/Illuminate/Database/Eloquent/Builder.php(1224): Illuminate/Database/Eloquent/Model->save()
#11 C:/Users/aleja/OneDrive/Escritorio/dwes05-te-2526-avillastrigo/vendor/laravel/framework/src/Illuminate/Support/helpers.php(393): Illuminate/Database/Eloquent/Builder->{closure:Illuminate/Database/Eloquent/Builder::create():1223}(Object(App/Models/Reservation))
#12 C:/Users/aleja/OneDrive/Escritorio/dwes05-te-2526-avillastrigo/vendor/laravel/framework/src/Illuminate/Database/Eloquent/Builder.php(1223): tap(Object(App/Models/Reservation), Object(Closure))
#13 C:/Users/aleja/OneDrive/Escritorio/dwes05-te-2526-avillastrigo/vendor/laravel/framework/src/Illuminate/Support/Traits/ForwardsCalls.php(23): Illuminate/Database/Eloquent/Builder->create(Array)
#14 C:/Users/aleja/OneDrive/Escritorio/dwes05-te-2526-avillastrigo/vendor/laravel/framework/src/Illuminate/Database/Eloquent/Model.php(2723): Illuminate/Database/Eloquent/Model->forwardCallTo(Object(Illuminate/Database/Eloquent/Builder), 'create', Array)
#15 C:/Users/aleja/OneDrive/Escritorio/dwes05-te-2526-avillastrigo/vendor/laravel/framework/src/Illuminate/Database/Eloquent/Model.php(2739): Illuminate/Database/Eloquent/Model->__call('create', Array)
#16 C:/Users/aleja/OneDrive/Escritorio/dwes05-te-2526-avillastrigo/app/Http/Controllers/ReservationController.php(39): Illuminate/Database/Eloquent/Model::__callStatic('create', Array)
#17 C:/Users/aleja/OneDrive/Escritorio/dwes05-te-2526-avillastrigo/vendor/laravel/framework/src/Illuminate/Routing/ControllerDispatcher.php(46): App/Http/Controllers/ReservationController->store(Object(Illuminate/Http/Request))
#18 C:/Users/aleja/OneDrive/Escritorio/dwes05-te-2526-avillastrigo/vendor/laravel/framework/src/Illuminate/Routing/Route.php(269): Illuminate/Routing/ControllerDispatcher->dispatch(Object(Illuminate/Routing/Route), Object(App/Http/Controllers/ReservationController), 'store')
#19 C:/Users/aleja/OneDrive/Escritorio/dwes05-te-2526-avillastrigo/vendor/laravel/framework/src/Illuminate/Routing/Route.php(215): Illuminate/Routing/Route->runController()
#20 C:/Users/aleja/OneDrive/Escritorio/dwes05-te-2526-avillastrigo/vendor/laravel/framework/src/Illuminate/Routing/Router.php(822): Illuminate/Routing/Route->run()
#21 C:/Users/aleja/OneDrive/Escritorio/dwes05-te-2526-avillastrigo/vendor/laravel/framework/src/Illuminate/Pipeline/Pipeline.php(180): Illuminate/Routing/Router->{closure:Illuminate/Routing/Router::runRouteWithinStack():821}(Object(Illuminate/Http/Request))
#22 C:/Users/aleja/OneDrive/Escritorio/dwes05-te-2526-avillastrigo/vendor/laravel/framework/src/Illuminate/Routing/Middleware/SubstituteBindings.php(52): Illuminate/Pipeline/Pipeline->{closure:Illuminate/Pipeline/Pipeline::prepareDestination():178}(Object(Illuminate/Http/Request))
#23 C:/Users/aleja/OneDrive/Escritorio/dwes05-te-2526-avillastrigo/vendor/laravel/framework/src/Illuminate/Pipeline/Pipeline.php(219): Illuminate/Routing/Middleware/SubstituteBindings->handle(Object(Illuminate/Http/Request), Object(Closure))
#24 C:/Users/aleja/OneDrive/Escritorio/dwes05-te-2526-avillastrigo/vendor/laravel/framework/src/Illuminate/Pipeline/Pipeline.php(137): Illuminate/Pipeline/Pipeline->{closure:{closure:Illuminate/Pipeline/Pipeline::carry():194}:195}(Object(Illuminate/Http/Request))
#25 C:/Users/aleja/OneDrive/Escritorio/dwes05-te-2526-avillastrigo/vendor/laravel/framework/src/Illuminate/Routing/Router.php(821): Illuminate/Pipeline/Pipeline->then(Object(Closure))
#26 C:/Users/aleja/OneDrive/Escritorio/dwes05-te-2526-avillastrigo/vendor/laravel/framework/src/Illuminate/Routing/Router.php(800): Illuminate/Routing/Router->runRouteWithinStack(Object(Illuminate/Routing/Route), Object(Illuminate/Http/Request))
#27 C:/Users/aleja/OneDrive/Escritorio/dwes05-te-2526-avillastrigo/vendor/laravel/framework/src/Illuminate/Routing/Router.php(764): Illuminate/Routing/Router->runRoute(Object(Illuminate/Http/Request), Object(Illuminate/Routing/Route))
#28 C:/Users/aleja/OneDrive/Escritorio/dwes05-te-2526-avillastrigo/vendor/laravel/framework/src/Illuminate/Routing/Router.php(753): Illuminate/Routing/Router->dispatchToRoute(Object(Illuminate/Http/Request))
#29 C:/Users/aleja/OneDrive/Escritorio/dwes05-te-2526-avillastrigo/vendor/laravel/framework/src/Illuminate/Foundation/Http/Kernel.php(200): Illuminate/Routing/Router->dispatch(Object(Illuminate/Http/Request))
#30 C:/Users/aleja/OneDrive/Escritorio/dwes05-te-2526-avillastrigo/vendor/laravel/framework/src/Illuminate/Pipeline/Pipeline.php(180): Illuminate/Foundation/Http/Kernel->{closure:Illuminate/Foundation/Http/Kernel::dispatchToRouter():197}(Object(Illuminate/Http/Request))
#31 C:/Users/aleja/OneDrive/Escritorio/dwes05-te-2526-avillastrigo/vendor/laravel/framework/src/Illuminate/Foundation/Http/Middleware/TransformsRequest.php(21): Illuminate/Pipeline/Pipeline->{closure:Illuminate/Pipeline/Pipeline::prepareDestination():178}(Object(Illuminate/Http/Request))
#32 C:/Users/aleja/OneDrive/Escritorio/dwes05-te-2526-avillastrigo/vendor/laravel/framework/src/Illuminate/Foundation/Http/Middleware/ConvertEmptyStringsToNull.php(31): Illuminate/Foundation/Http/Middleware/TransformsRequest->handle(Object(Illuminate/Http/Request), Object(Closure))
#33 C:/Users/aleja/OneDrive/Escritorio/dwes05-te-2526-avillastrigo/vendor/laravel/framework/src/Illuminate/Pipeline/Pipeline.php(219): Illuminate/Foundation/Http/Middleware/ConvertEmptyStringsToNull->handle(Object(Illuminate/Http/Request), Object(Closure))
#34 C:/Users/aleja/OneDrive/Escritorio/dwes05-te-2526-avillastrigo/vendor/laravel/framework/src/Illuminate/Foundation/Http/Middleware/TransformsRequest.php(21): Illuminate/Pipeline/Pipeline->{closure:{closure:Illuminate/Pipeline/Pipeline::carry():194}:195}(Object(Illuminate/Http/Request))
#35 C:/Users/aleja/OneDrive/Escritorio/dwes05-te-2526-avillastrigo/vendor/laravel/framework/src/Illuminate/Foundation/Http/Middleware/TrimStrings.php(51): Illuminate/Foundation/Http/Middleware/TransformsRequest->handle(Object(Illuminate/Http/Request), Object(Closure))
#36 C:/Users/aleja/OneDrive/Escritorio/dwes05-te-2526-avillastrigo/vendor/laravel/framework/src/Illuminate/Pipeline/Pipeline.php(219): Illuminate/Foundation/Http/Middleware/TrimStrings->handle(Object(Illuminate/Http/Request), Object(Closure))
#37 C:/Users/aleja/OneDrive/Escritorio/dwes05-te-2526-avillastrigo/vendor/laravel/framework/src/Illuminate/Http/Middleware/ValidatePostSize.php(27): Illuminate/Pipeline/Pipeline->{closure:{closure:Illuminate/Pipeline/Pipeline::carry():194}:195}(Object(Illuminate/Http/Request))
#38 C:/Users/aleja/OneDrive/Escritorio/dwes05-te-2526-avillastrigo/vendor/laravel/framework/src/Illuminate/Pipeline/Pipeline.php(219): Illuminate/Http/Middleware/ValidatePostSize->handle(Object(Illuminate/Http/Request), Object(Closure))
#39 C:/Users/aleja/OneDrive/Escritorio/dwes05-te-2526-avillastrigo/vendor/laravel/framework/src/Illuminate/Foundation/Http/Middleware/PreventRequestsDuringMaintenance.php(109): Illuminate/Pipeline/Pipeline->{closure:{closure:Illuminate/Pipeline/Pipeline::carry():194}:195}(Object(Illuminate/Http/Request))
#40 C:/Users/aleja/OneDrive/Escritorio/dwes05-te-2526-avillastrigo/vendor/laravel/framework/src/Illuminate/Pipeline/Pipeline.php(219): Illuminate/Foundation/Http/Middleware/PreventRequestsDuringMaintenance->handle(Object(Illuminate/Http/Request), Object(Closure))
#41 C:/Users/aleja/OneDrive/Escritorio/dwes05-te-2526-avillastrigo/vendor/laravel/framework/src/Illuminate/Http/Middleware/HandleCors.php(74): Illuminate/Pipeline/Pipeline->{closure:{closure:Illuminate/Pipeline/Pipeline::carry():194}:195}(Object(Illuminate/Http/Request))
#42 C:/Users/aleja/OneDrive/Escritorio/dwes05-te-2526-avillastrigo/vendor/laravel/framework/src/Illuminate/Pipeline/Pipeline.php(219): Illuminate/Http/Middleware/HandleCors->handle(Object(Illuminate/Http/Request), Object(Closure))
#43 C:/Users/aleja/OneDrive/Escritorio/dwes05-te-2526-avillastrigo/vendor/laravel/framework/src/Illuminate/Http/Middleware/TrustProxies.php(58): Illuminate/Pipeline/Pipeline->{closure:{closure:Illuminate/Pipeline/Pipeline::carry():194}:195}(Object(Illuminate/Http/Request))
#44 C:/Users/aleja/OneDrive/Escritorio/dwes05-te-2526-avillastrigo/vendor/laravel/framework/src/Illuminate/Pipeline/Pipeline.php(219): Illuminate/Http/Middleware/TrustProxies->handle(Object(Illuminate/Http/Request), Object(Closure))
#45 C:/Users/aleja/OneDrive/Escritorio/dwes05-te-2526-avillastrigo/vendor/laravel/framework/src/Illuminate/Foundation/Http/Middleware/InvokeDeferredCallbacks.php(22): Illuminate/Pipeline/Pipeline->{closure:{closure:Illuminate/Pipeline/Pipeline::carry():194}:195}(Object(Illuminate/Http/Request))
#46 C:/Users/aleja/OneDrive/Escritorio/dwes05-te-2526-avillastrigo/vendor/laravel/framework/src/Illuminate/Pipeline/Pipeline.php(219): Illuminate/Foundation/Http/Middleware/InvokeDeferredCallbacks->handle(Object(Illuminate/Http/Request), Object(Closure))
#47 C:/Users/aleja/OneDrive/Escritorio/dwes05-te-2526-avillastrigo/vendor/laravel/framework/src/Illuminate/Http/Middleware/ValidatePathEncoding.php(28): Illuminate/Pipeline/Pipeline->{closure:{closure:Illuminate/Pipeline/Pipeline::carry():194}:195}(Object(Illuminate/Http/Request))
#48 C:/Users/aleja/OneDrive/Escritorio/dwes05-te-2526-avillastrigo/vendor/laravel/framework/src/Illuminate/Pipeline/Pipeline.php(219): Illuminate/Http/Middleware/ValidatePathEncoding->handle(Object(Illuminate/Http/Request), Object(Closure))
#49 C:/Users/aleja/OneDrive/Escritorio/dwes05-te-2526-avillastrigo/vendor/laravel/framework/src/Illuminate/Pipeline/Pipeline.php(137): Illuminate/Pipeline/Pipeline->{closure:{closure:Illuminate/Pipeline/Pipeline::carry():194}:195}(Object(Illuminate/Http/Request))
#50 C:/Users/aleja/OneDrive/Escritorio/dwes05-te-2526-avillastrigo/vendor/laravel/framework/src/Illuminate/Foundation/Http/Kernel.php(175): Illuminate/Pipeline/Pipeline->then(Object(Closure))
#51 C:/Users/aleja/OneDrive/Escritorio/dwes05-te-2526-avillastrigo/vendor/laravel/framework/src/Illuminate/Foundation/Http/Kernel.php(144): Illuminate/Foundation/Http/Kernel->sendRequestThroughRouter(Object(Illuminate/Http/Request))
#52 C:/Users/aleja/OneDrive/Escritorio/dwes05-te-2526-avillastrigo/vendor/laravel/framework/src/Illuminate/Foundation/Application.php(1220): Illuminate/Foundation/Http/Kernel->handle(Object(Illuminate/Http/Request))
#53 C:/Users/aleja/OneDrive/Escritorio/dwes05-te-2526-avillastrigo/public/index.php(20): Illuminate/Foundation/Application->handleRequest(Object(Illuminate/Http/Request))
#54 C:/Users/aleja/OneDrive/Escritorio/dwes05-te-2526-avillastrigo/vendor/laravel/framework/src/Illuminate/Foundation/resources/server.php(23): require_once('C://Users//aleja//...')
#55 {main}
"} 
[2026-03-27 13:02:22] local.ERROR: SQLSTATE[23000]: Integrity constraint violation: 1452 Cannot add or update a child row: a foreign key constraint fails (`dwes_tarea5`.`reservations`, CONSTRAINT `reservations_gym_class_id_foreign` FOREIGN KEY (`gym_class_id`) REFERENCES `gym_classes` (`id`) ON DELETE CASCADE) (Connection: mysql, Host: 127.0.0.1, Port: 3306, Database: dwes_tarea5, SQL: insert into `reservations` (`usuario`, `gym_class_id`, `fecha`, `updated_at`, `created_at`) values (Alejandro, 1, 2026-03-27, 2026-03-27 13:02:21, 2026-03-27 13:02:21)) {"exception":"[object] (Illuminate\\Database\\QueryException(code: 23000): SQLSTATE[23000]: Integrity constraint violation: 1452 Cannot add or update a child row: a foreign key constraint fails (`dwes_tarea5`.`reservations`, CONSTRAINT `reservations_gym_class_id_foreign` FOREIGN KEY (`gym_class_id`) REFERENCES `gym_classes` (`id`) ON DELETE CASCADE) (Connection: mysql, Host: 127.0.0.1, Port: 3306, Database: dwes_tarea5, SQL: insert into `reservations` (`usuario`, `gym_class_id`, `fecha`, `updated_at`, `created_at`) values (Alejandro, 1, 2026-03-27, 2026-03-27 13:02:21, 2026-03-27 13:02:21)) at C:/Users/aleja/OneDrive/Escritorio/dwes05-te-2526-avillastrigo/vendor/laravel/framework/src/Illuminate/Database/Connection.php:841)
[stacktrace]
#0 C:/Users/aleja/OneDrive/Escritorio/dwes05-te-2526-avillastrigo/vendor/laravel/framework/src/Illuminate/Database/Connection.php(797): Illuminate/Database/Connection->runQueryCallback('insert into `re...', Array, Object(Closure))
#1 C:/Users/aleja/OneDrive/Escritorio/dwes05-te-2526-avillastrigo/vendor/laravel/framework/src/Illuminate/Database/MySqlConnection.php(42): Illuminate/Database/Connection->run('insert into `re...', Array, Object(Closure))
#2 C:/Users/aleja/OneDrive/Escritorio/dwes05-te-2526-avillastrigo/vendor/laravel/framework/src/Illuminate/Database/Query/Processors/MySqlProcessor.php(35): Illuminate/Database/MySqlConnection->insert('insert into `re...', Array, 'id')
#3 C:/Users/aleja/OneDrive/Escritorio/dwes05-te-2526-avillastrigo/vendor/laravel/framework/src/Illuminate/Database/Query/Builder.php(4246): Illuminate/Database/Query/Processors/MySqlProcessor->processInsertGetId(Object(Illuminate/Database/Query/Builder), 'insert into `re...', Array, 'id')
#4 C:/Users/aleja/OneDrive/Escritorio/dwes05-te-2526-avillastrigo/vendor/laravel/framework/src/Illuminate/Database/Eloquent/Builder.php(2242): Illuminate/Database/Query/Builder->insertGetId(Array, 'id')
#5 C:/Users/aleja/OneDrive/Escritorio/dwes05-te-2526-avillastrigo/vendor/laravel/framework/src/Illuminate/Database/Eloquent/Model.php(1580): Illuminate/Database/Eloquent/Builder->__call('insertGetId', Array)
#6 C:/Users/aleja/OneDrive/Escritorio/dwes05-te-2526-avillastrigo/vendor/laravel/framework/src/Illuminate/Database/Eloquent/Model.php(1496): Illuminate/Database/Eloquent/Model->insertAndSetId(Object(Illuminate/Database/Eloquent/Builder), Array)
#7 C:/Users/aleja/OneDrive/Escritorio/dwes05-te-2526-avillastrigo/vendor/laravel/framework/src/Illuminate/Database/Eloquent/Model.php(1300): Illuminate/Database/Eloquent/Model->performInsert(Object(Illuminate/Database/Eloquent/Builder))
#8 C:/Users/aleja/OneDrive/Escritorio/dwes05-te-2526-avillastrigo/vendor/laravel/framework/src/Illuminate/Database/Eloquent/Builder.php(1224): Illuminate/Database/Eloquent/Model->save()
#9 C:/Users/aleja/OneDrive/Escritorio/dwes05-te-2526-avillastrigo/vendor/laravel/framework/src/Illuminate/Support/helpers.php(393): Illuminate/Database/Eloquent/Builder->{closure:Illuminate/Database/Eloquent/Builder::create():1223}(Object(App/Models/Reservation))
#10 C:/Users/aleja/OneDrive/Escritorio/dwes05-te-2526-avillastrigo/vendor/laravel/framework/src/Illuminate/Database/Eloquent/Builder.php(1223): tap(Object(App/Models/Reservation), Object(Closure))
#11 C:/Users/aleja/OneDrive/Escritorio/dwes05-te-2526-avillastrigo/vendor/laravel/framework/src/Illuminate/Support/Traits/ForwardsCalls.php(23): Illuminate/Database/Eloquent/Builder->create(Array)
#12 C:/Users/aleja/OneDrive/Escritorio/dwes05-te-2526-avillastrigo/vendor/laravel/framework/src/Illuminate/Database/Eloquent/Model.php(2723): Illuminate/Database/Eloquent/Model->forwardCallTo(Object(Illuminate/Database/Eloquent/Builder), 'create', Array)
#13 C:/Users/aleja/OneDrive/Escritorio/dwes05-te-2526-avillastrigo/vendor/laravel/framework/src/Illuminate/Database/Eloquent/Model.php(2739): Illuminate/Database/Eloquent/Model->__call('create', Array)
#14 C:/Users/aleja/OneDrive/Escritorio/dwes05-te-2526-avillastrigo/app/Http/Controllers/ReservationController.php(39): Illuminate/Database/Eloquent/Model::__callStatic('create', Array)
#15 C:/Users/aleja/OneDrive/Escritorio/dwes05-te-2526-avillastrigo/vendor/laravel/framework/src/Illuminate/Routing/ControllerDispatcher.php(46): App/Http/Controllers/ReservationController->store(Object(Illuminate/Http/Request))
#16 C:/Users/aleja/OneDrive/Escritorio/dwes05-te-2526-avillastrigo/vendor/laravel/framework/src/Illuminate/Routing/Route.php(269): Illuminate/Routing/ControllerDispatcher->dispatch(Object(Illuminate/Routing/Route), Object(App/Http/Controllers/ReservationController), 'store')
#17 C:/Users/aleja/OneDrive/Escritorio/dwes05-te-2526-avillastrigo/vendor/laravel/framework/src/Illuminate/Routing/Route.php(215): Illuminate/Routing/Route->runController()
#18 C:/Users/aleja/OneDrive/Escritorio/dwes05-te-2526-avillastrigo/vendor/laravel/framework/src/Illuminate/Routing/Router.php(822): Illuminate/Routing/Route->run()
#19 C:/Users/aleja/OneDrive/Escritorio/dwes05-te-2526-avillastrigo/vendor/laravel/framework/src/Illuminate/Pipeline/Pipeline.php(180): Illuminate/Routing/Router->{closure:Illuminate/Routing/Router::runRouteWithinStack():821}(Object(Illuminate/Http/Request))
#20 C:/Users/aleja/OneDrive/Escritorio/dwes05-te-2526-avillastrigo/vendor/laravel/framework/src/Illuminate/Routing/Middleware/SubstituteBindings.php(52): Illuminate/Pipeline/Pipeline->{closure:Illuminate/Pipeline/Pipeline::prepareDestination():178}(Object(Illuminate/Http/Request))
#21 C:/Users/aleja/OneDrive/Escritorio/dwes05-te-2526-avillastrigo/vendor/laravel/framework/src/Illuminate/Pipeline/Pipeline.php(219): Illuminate/Routing/Middleware/SubstituteBindings->handle(Object(Illuminate/Http/Request), Object(Closure))
#22 C:/Users/aleja/OneDrive/Escritorio/dwes05-te-2526-avillastrigo/vendor/laravel/framework/src/Illuminate/Pipeline/Pipeline.php(137): Illuminate/Pipeline/Pipeline->{closure:{closure:Illuminate/Pipeline/Pipeline::carry():194}:195}(Object(Illuminate/Http/Request))
#23 C:/Users/aleja/OneDrive/Escritorio/dwes05-te-2526-avillastrigo/vendor/laravel/framework/src/Illuminate/Routing/Router.php(821): Illuminate/Pipeline/Pipeline->then(Object(Closure))
#24 C:/Users/aleja/OneDrive/Escritorio/dwes05-te-2526-avillastrigo/vendor/laravel/framework/src/Illuminate/Routing/Router.php(800): Illuminate/Routing/Router->runRouteWithinStack(Object(Illuminate/Routing/Route), Object(Illuminate/Http/Request))
#25 C:/Users/aleja/OneDrive/Escritorio/dwes05-te-2526-avillastrigo/vendor/laravel/framework/src/Illuminate/Routing/Router.php(764): Illuminate/Routing/Router->runRoute(Object(Illuminate/Http/Request), Object(Illuminate/Routing/Route))
#26 C:/Users/aleja/OneDrive/Escritorio/dwes05-te-2526-avillastrigo/vendor/laravel/framework/src/Illuminate/Routing/Router.php(753): Illuminate/Routing/Router->dispatchToRoute(Object(Illuminate/Http/Request))
#27 C:/Users/aleja/OneDrive/Escritorio/dwes05-te-2526-avillastrigo/vendor/laravel/framework/src/Illuminate/Foundation/Http/Kernel.php(200): Illuminate/Routing/Router->dispatch(Object(Illuminate/Http/Request))
#28 C:/Users/aleja/OneDrive/Escritorio/dwes05-te-2526-avillastrigo/vendor/laravel/framework/src/Illuminate/Pipeline/Pipeline.php(180): Illuminate/Foundation/Http/Kernel->{closure:Illuminate/Foundation/Http/Kernel::dispatchToRouter():197}(Object(Illuminate/Http/Request))
#29 C:/Users/aleja/OneDrive/Escritorio/dwes05-te-2526-avillastrigo/vendor/laravel/framework/src/Illuminate/Foundation/Http/Middleware/TransformsRequest.php(21): Illuminate/Pipeline/Pipeline->{closure:Illuminate/Pipeline/Pipeline::prepareDestination():178}(Object(Illuminate/Http/Request))
#30 C:/Users/aleja/OneDrive/Escritorio/dwes05-te-2526-avillastrigo/vendor/laravel/framework/src/Illuminate/Foundation/Http/Middleware/ConvertEmptyStringsToNull.php(31): Illuminate/Foundation/Http/Middleware/TransformsRequest->handle(Object(Illuminate/Http/Request), Object(Closure))
#31 C:/Users/aleja/OneDrive/Escritorio/dwes05-te-2526-avillastrigo/vendor/laravel/framework/src/Illuminate/Pipeline/Pipeline.php(219): Illuminate/Foundation/Http/Middleware/ConvertEmptyStringsToNull->handle(Object(Illuminate/Http/Request), Object(Closure))
#32 C:/Users/aleja/OneDrive/Escritorio/dwes05-te-2526-avillastrigo/vendor/laravel/framework/src/Illuminate/Foundation/Http/Middleware/TransformsRequest.php(21): Illuminate/Pipeline/Pipeline->{closure:{closure:Illuminate/Pipeline/Pipeline::carry():194}:195}(Object(Illuminate/Http/Request))
#33 C:/Users/aleja/OneDrive/Escritorio/dwes05-te-2526-avillastrigo/vendor/laravel/framework/src/Illuminate/Foundation/Http/Middleware/TrimStrings.php(51): Illuminate/Foundation/Http/Middleware/TransformsRequest->handle(Object(Illuminate/Http/Request), Object(Closure))
#34 C:/Users/aleja/OneDrive/Escritorio/dwes05-te-2526-avillastrigo/vendor/laravel/framework/src/Illuminate/Pipeline/Pipeline.php(219): Illuminate/Foundation/Http/Middleware/TrimStrings->handle(Object(Illuminate/Http/Request), Object(Closure))
#35 C:/Users/aleja/OneDrive/Escritorio/dwes05-te-2526-avillastrigo/vendor/laravel/framework/src/Illuminate/Http/Middleware/ValidatePostSize.php(27): Illuminate/Pipeline/Pipeline->{closure:{closure:Illuminate/Pipeline/Pipeline::carry():194}:195}(Object(Illuminate/Http/Request))
#36 C:/Users/aleja/OneDrive/Escritorio/dwes05-te-2526-avillastrigo/vendor/laravel/framework/src/Illuminate/Pipeline/Pipeline.php(219): Illuminate/Http/Middleware/ValidatePostSize->handle(Object(Illuminate/Http/Request), Object(Closure))
#37 C:/Users/aleja/OneDrive/Escritorio/dwes05-te-2526-avillastrigo/vendor/laravel/framework/src/Illuminate/Foundation/Http/Middleware/PreventRequestsDuringMaintenance.php(109): Illuminate/Pipeline/Pipeline->{closure:{closure:Illuminate/Pipeline/Pipeline::carry():194}:195}(Object(Illuminate/Http/Request))
#38 C:/Users/aleja/OneDrive/Escritorio/dwes05-te-2526-avillastrigo/vendor/laravel/framework/src/Illuminate/Pipeline/Pipeline.php(219): Illuminate/Foundation/Http/Middleware/PreventRequestsDuringMaintenance->handle(Object(Illuminate/Http/Request), Object(Closure))
#39 C:/Users/aleja/OneDrive/Escritorio/dwes05-te-2526-avillastrigo/vendor/laravel/framework/src/Illuminate/Http/Middleware/HandleCors.php(74): Illuminate/Pipeline/Pipeline->{closure:{closure:Illuminate/Pipeline/Pipeline::carry():194}:195}(Object(Illuminate/Http/Request))
#40 C:/Users/aleja/OneDrive/Escritorio/dwes05-te-2526-avillastrigo/vendor/laravel/framework/src/Illuminate/Pipeline/Pipeline.php(219): Illuminate/Http/Middleware/HandleCors->handle(Object(Illuminate/Http/Request), Object(Closure))
#41 C:/Users/aleja/OneDrive/Escritorio/dwes05-te-2526-avillastrigo/vendor/laravel/framework/src/Illuminate/Http/Middleware/TrustProxies.php(58): Illuminate/Pipeline/Pipeline->{closure:{closure:Illuminate/Pipeline/Pipeline::carry():194}:195}(Object(Illuminate/Http/Request))
#42 C:/Users/aleja/OneDrive/Escritorio/dwes05-te-2526-avillastrigo/vendor/laravel/framework/src/Illuminate/Pipeline/Pipeline.php(219): Illuminate/Http/Middleware/TrustProxies->handle(Object(Illuminate/Http/Request), Object(Closure))
#43 C:/Users/aleja/OneDrive/Escritorio/dwes05-te-2526-avillastrigo/vendor/laravel/framework/src/Illuminate/Foundation/Http/Middleware/InvokeDeferredCallbacks.php(22): Illuminate/Pipeline/Pipeline->{closure:{closure:Illuminate/Pipeline/Pipeline::carry():194}:195}(Object(Illuminate/Http/Request))
#44 C:/Users/aleja/OneDrive/Escritorio/dwes05-te-2526-avillastrigo/vendor/laravel/framework/src/Illuminate/Pipeline/Pipeline.php(219): Illuminate/Foundation/Http/Middleware/InvokeDeferredCallbacks->handle(Object(Illuminate/Http/Request), Object(Closure))
#45 C:/Users/aleja/OneDrive/Escritorio/dwes05-te-2526-avillastrigo/vendor/laravel/framework/src/Illuminate/Http/Middleware/ValidatePathEncoding.php(28): Illuminate/Pipeline/Pipeline->{closure:{closure:Illuminate/Pipeline/Pipeline::carry():194}:195}(Object(Illuminate/Http/Request))
#46 C:/Users/aleja/OneDrive/Escritorio/dwes05-te-2526-avillastrigo/vendor/laravel/framework/src/Illuminate/Pipeline/Pipeline.php(219): Illuminate/Http/Middleware/ValidatePathEncoding->handle(Object(Illuminate/Http/Request), Object(Closure))
#47 C:/Users/aleja/OneDrive/Escritorio/dwes05-te-2526-avillastrigo/vendor/laravel/framework/src/Illuminate/Pipeline/Pipeline.php(137): Illuminate/Pipeline/Pipeline->{closure:{closure:Illuminate/Pipeline/Pipeline::carry():194}:195}(Object(Illuminate/Http/Request))
#48 C:/Users/aleja/OneDrive/Escritorio/dwes05-te-2526-avillastrigo/vendor/laravel/framework/src/Illuminate/Foundation/Http/Kernel.php(175): Illuminate/Pipeline/Pipeline->then(Object(Closure))
#49 C:/Users/aleja/OneDrive/Escritorio/dwes05-te-2526-avillastrigo/vendor/laravel/framework/src/Illuminate/Foundation/Http/Kernel.php(144): Illuminate/Foundation/Http/Kernel->sendRequestThroughRouter(Object(Illuminate/Http/Request))
#50 C:/Users/aleja/OneDrive/Escritorio/dwes05-te-2526-avillastrigo/vendor/laravel/framework/src/Illuminate/Foundation/Application.php(1220): Illuminate/Foundation/Http/Kernel->handle(Object(Illuminate/Http/Request))
#51 C:/Users/aleja/OneDrive/Escritorio/dwes05-te-2526-avillastrigo/public/index.php(20): Illuminate/Foundation/Application->handleRequest(Object(Illuminate/Http/Request))
#52 C:/Users/aleja/OneDrive/Escritorio/dwes05-te-2526-avillastrigo/vendor/laravel/framework/src/Illuminate/Foundation/resources/server.php(23): require_once('C://Users//aleja//...')
#53 {main}

[previous exception] [object] (PDOException(code: 23000): SQLSTATE[23000]: Integrity constraint violation: 1452 Cannot add or update a child row: a foreign key constraint fails (`dwes_tarea5`.`reservations`, CONSTRAINT `reservations_gym_class_id_foreign` FOREIGN KEY (`gym_class_id`) REFERENCES `gym_classes` (`id`) ON DELETE CASCADE) at C:/Users/aleja/OneDrive/Escritorio/dwes05-te-2526-avillastrigo/vendor/laravel/framework/src/Illuminate/Database/MySqlConnection.php:53)
[stacktrace]
#0 C:/Users/aleja/OneDrive/Escritorio/dwes05-te-2526-avillastrigo/vendor/laravel/framework/src/Illuminate/Database/MySqlConnection.php(53): PDOStatement->execute()
#1 C:/Users/aleja/OneDrive/Escritorio/dwes05-te-2526-avillastrigo/vendor/laravel/framework/src/Illuminate/Database/Connection.php(830): Illuminate/Database/MySqlConnection->{closure:Illuminate/Database/MySqlConnection::insert():42}('insert into `re...', Array)
#2 C:/Users/aleja/OneDrive/Escritorio/dwes05-te-2526-avillastrigo/vendor/laravel/framework/src/Illuminate/Database/Connection.php(797): Illuminate/Database/Connection->runQueryCallback('insert into `re...', Array, Object(Closure))
#3 C:/Users/aleja/OneDrive/Escritorio/dwes05-te-2526-avillastrigo/vendor/laravel/framework/src/Illuminate/Database/MySqlConnection.php(42): Illuminate/Database/Connection->run('insert into `re...', Array, Object(Closure))
#4 C:/Users/aleja/OneDrive/Escritorio/dwes05-te-2526-avillastrigo/vendor/laravel/framework/src/Illuminate/Database/Query/Processors/MySqlProcessor.php(35): Illuminate/Database/MySqlConnection->insert('insert into `re...', Array, 'id')
#5 C:/Users/aleja/OneDrive/Escritorio/dwes05-te-2526-avillastrigo/vendor/laravel/framework/src/Illuminate/Database/Query/Builder.php(4246): Illuminate/Database/Query/Processors/MySqlProcessor->processInsertGetId(Object(Illuminate/Database/Query/Builder), 'insert into `re...', Array, 'id')
#6 C:/Users/aleja/OneDrive/Escritorio/dwes05-te-2526-avillastrigo/vendor/laravel/framework/src/Illuminate/Database/Eloquent/Builder.php(2242): Illuminate/Database/Query/Builder->insertGetId(Array, 'id')
#7 C:/Users/aleja/OneDrive/Escritorio/dwes05-te-2526-avillastrigo/vendor/laravel/framework/src/Illuminate/Database/Eloquent/Model.php(1580): Illuminate/Database/Eloquent/Builder->__call('insertGetId', Array)
#8 C:/Users/aleja/OneDrive/Escritorio/dwes05-te-2526-avillastrigo/vendor/laravel/framework/src/Illuminate/Database/Eloquent/Model.php(1496): Illuminate/Database/Eloquent/Model->insertAndSetId(Object(Illuminate/Database/Eloquent/Builder), Array)
#9 C:/Users/aleja/OneDrive/Escritorio/dwes05-te-2526-avillastrigo/vendor/laravel/framework/src/Illuminate/Database/Eloquent/Model.php(1300): Illuminate/Database/Eloquent/Model->performInsert(Object(Illuminate/Database/Eloquent/Builder))
#10 C:/Users/aleja/OneDrive/Escritorio/dwes05-te-2526-avillastrigo/vendor/laravel/framework/src/Illuminate/Database/Eloquent/Builder.php(1224): Illuminate/Database/Eloquent/Model->save()
#11 C:/Users/aleja/OneDrive/Escritorio/dwes05-te-2526-avillastrigo/vendor/laravel/framework/src/Illuminate/Support/helpers.php(393): Illuminate/Database/Eloquent/Builder->{closure:Illuminate/Database/Eloquent/Builder::create():1223}(Object(App/Models/Reservation))
#12 C:/Users/aleja/OneDrive/Escritorio/dwes05-te-2526-avillastrigo/vendor/laravel/framework/src/Illuminate/Database/Eloquent/Builder.php(1223): tap(Object(App/Models/Reservation), Object(Closure))
#13 C:/Users/aleja/OneDrive/Escritorio/dwes05-te-2526-avillastrigo/vendor/laravel/framework/src/Illuminate/Support/Traits/ForwardsCalls.php(23): Illuminate/Database/Eloquent/Builder->create(Array)
#14 C:/Users/aleja/OneDrive/Escritorio/dwes05-te-2526-avillastrigo/vendor/laravel/framework/src/Illuminate/Database/Eloquent/Model.php(2723): Illuminate/Database/Eloquent/Model->forwardCallTo(Object(Illuminate/Database/Eloquent/Builder), 'create', Array)
#15 C:/Users/aleja/OneDrive/Escritorio/dwes05-te-2526-avillastrigo/vendor/laravel/framework/src/Illuminate/Database/Eloquent/Model.php(2739): Illuminate/Database/Eloquent/Model->__call('create', Array)
#16 C:/Users/aleja/OneDrive/Escritorio/dwes05-te-2526-avillastrigo/app/Http/Controllers/ReservationController.php(39): Illuminate/Database/Eloquent/Model::__callStatic('create', Array)
#17 C:/Users/aleja/OneDrive/Escritorio/dwes05-te-2526-avillastrigo/vendor/laravel/framework/src/Illuminate/Routing/ControllerDispatcher.php(46): App/Http/Controllers/ReservationController->store(Object(Illuminate/Http/Request))
#18 C:/Users/aleja/OneDrive/Escritorio/dwes05-te-2526-avillastrigo/vendor/laravel/framework/src/Illuminate/Routing/Route.php(269): Illuminate/Routing/ControllerDispatcher->dispatch(Object(Illuminate/Routing/Route), Object(App/Http/Controllers/ReservationController), 'store')
#19 C:/Users/aleja/OneDrive/Escritorio/dwes05-te-2526-avillastrigo/vendor/laravel/framework/src/Illuminate/Routing/Route.php(215): Illuminate/Routing/Route->runController()
#20 C:/Users/aleja/OneDrive/Escritorio/dwes05-te-2526-avillastrigo/vendor/laravel/framework/src/Illuminate/Routing/Router.php(822): Illuminate/Routing/Route->run()
#21 C:/Users/aleja/OneDrive/Escritorio/dwes05-te-2526-avillastrigo/vendor/laravel/framework/src/Illuminate/Pipeline/Pipeline.php(180): Illuminate/Routing/Router->{closure:Illuminate/Routing/Router::runRouteWithinStack():821}(Object(Illuminate/Http/Request))
#22 C:/Users/aleja/OneDrive/Escritorio/dwes05-te-2526-avillastrigo/vendor/laravel/framework/src/Illuminate/Routing/Middleware/SubstituteBindings.php(52): Illuminate/Pipeline/Pipeline->{closure:Illuminate/Pipeline/Pipeline::prepareDestination():178}(Object(Illuminate/Http/Request))
#23 C:/Users/aleja/OneDrive/Escritorio/dwes05-te-2526-avillastrigo/vendor/laravel/framework/src/Illuminate/Pipeline/Pipeline.php(219): Illuminate/Routing/Middleware/SubstituteBindings->handle(Object(Illuminate/Http/Request), Object(Closure))
#24 C:/Users/aleja/OneDrive/Escritorio/dwes05-te-2526-avillastrigo/vendor/laravel/framework/src/Illuminate/Pipeline/Pipeline.php(137): Illuminate/Pipeline/Pipeline->{closure:{closure:Illuminate/Pipeline/Pipeline::carry():194}:195}(Object(Illuminate/Http/Request))
#25 C:/Users/aleja/OneDrive/Escritorio/dwes05-te-2526-avillastrigo/vendor/laravel/framework/src/Illuminate/Routing/Router.php(821): Illuminate/Pipeline/Pipeline->then(Object(Closure))
#26 C:/Users/aleja/OneDrive/Escritorio/dwes05-te-2526-avillastrigo/vendor/laravel/framework/src/Illuminate/Routing/Router.php(800): Illuminate/Routing/Router->runRouteWithinStack(Object(Illuminate/Routing/Route), Object(Illuminate/Http/Request))
#27 C:/Users/aleja/OneDrive/Escritorio/dwes05-te-2526-avillastrigo/vendor/laravel/framework/src/Illuminate/Routing/Router.php(764): Illuminate/Routing/Router->runRoute(Object(Illuminate/Http/Request), Object(Illuminate/Routing/Route))
#28 C:/Users/aleja/OneDrive/Escritorio/dwes05-te-2526-avillastrigo/vendor/laravel/framework/src/Illuminate/Routing/Router.php(753): Illuminate/Routing/Router->dispatchToRoute(Object(Illuminate/Http/Request))
#29 C:/Users/aleja/OneDrive/Escritorio/dwes05-te-2526-avillastrigo/vendor/laravel/framework/src/Illuminate/Foundation/Http/Kernel.php(200): Illuminate/Routing/Router->dispatch(Object(Illuminate/Http/Request))
#30 C:/Users/aleja/OneDrive/Escritorio/dwes05-te-2526-avillastrigo/vendor/laravel/framework/src/Illuminate/Pipeline/Pipeline.php(180): Illuminate/Foundation/Http/Kernel->{closure:Illuminate/Foundation/Http/Kernel::dispatchToRouter():197}(Object(Illuminate/Http/Request))
#31 C:/Users/aleja/OneDrive/Escritorio/dwes05-te-2526-avillastrigo/vendor/laravel/framework/src/Illuminate/Foundation/Http/Middleware/TransformsRequest.php(21): Illuminate/Pipeline/Pipeline->{closure:Illuminate/Pipeline/Pipeline::prepareDestination():178}(Object(Illuminate/Http/Request))
#32 C:/Users/aleja/OneDrive/Escritorio/dwes05-te-2526-avillastrigo/vendor/laravel/framework/src/Illuminate/Foundation/Http/Middleware/ConvertEmptyStringsToNull.php(31): Illuminate/Foundation/Http/Middleware/TransformsRequest->handle(Object(Illuminate/Http/Request), Object(Closure))
#33 C:/Users/aleja/OneDrive/Escritorio/dwes05-te-2526-avillastrigo/vendor/laravel/framework/src/Illuminate/Pipeline/Pipeline.php(219): Illuminate/Foundation/Http/Middleware/ConvertEmptyStringsToNull->handle(Object(Illuminate/Http/Request), Object(Closure))
#34 C:/Users/aleja/OneDrive/Escritorio/dwes05-te-2526-avillastrigo/vendor/laravel/framework/src/Illuminate/Foundation/Http/Middleware/TransformsRequest.php(21): Illuminate/Pipeline/Pipeline->{closure:{closure:Illuminate/Pipeline/Pipeline::carry():194}:195}(Object(Illuminate/Http/Request))
#35 C:/Users/aleja/OneDrive/Escritorio/dwes05-te-2526-avillastrigo/vendor/laravel/framework/src/Illuminate/Foundation/Http/Middleware/TrimStrings.php(51): Illuminate/Foundation/Http/Middleware/TransformsRequest->handle(Object(Illuminate/Http/Request), Object(Closure))
#36 C:/Users/aleja/OneDrive/Escritorio/dwes05-te-2526-avillastrigo/vendor/laravel/framework/src/Illuminate/Pipeline/Pipeline.php(219): Illuminate/Foundation/Http/Middleware/TrimStrings->handle(Object(Illuminate/Http/Request), Object(Closure))
#37 C:/Users/aleja/OneDrive/Escritorio/dwes05-te-2526-avillastrigo/vendor/laravel/framework/src/Illuminate/Http/Middleware/ValidatePostSize.php(27): Illuminate/Pipeline/Pipeline->{closure:{closure:Illuminate/Pipeline/Pipeline::carry():194}:195}(Object(Illuminate/Http/Request))
#38 C:/Users/aleja/OneDrive/Escritorio/dwes05-te-2526-avillastrigo/vendor/laravel/framework/src/Illuminate/Pipeline/Pipeline.php(219): Illuminate/Http/Middleware/ValidatePostSize->handle(Object(Illuminate/Http/Request), Object(Closure))
#39 C:/Users/aleja/OneDrive/Escritorio/dwes05-te-2526-avillastrigo/vendor/laravel/framework/src/Illuminate/Foundation/Http/Middleware/PreventRequestsDuringMaintenance.php(109): Illuminate/Pipeline/Pipeline->{closure:{closure:Illuminate/Pipeline/Pipeline::carry():194}:195}(Object(Illuminate/Http/Request))
#40 C:/Users/aleja/OneDrive/Escritorio/dwes05-te-2526-avillastrigo/vendor/laravel/framework/src/Illuminate/Pipeline/Pipeline.php(219): Illuminate/Foundation/Http/Middleware/PreventRequestsDuringMaintenance->handle(Object(Illuminate/Http/Request), Object(Closure))
#41 C:/Users/aleja/OneDrive/Escritorio/dwes05-te-2526-avillastrigo/vendor/laravel/framework/src/Illuminate/Http/Middleware/HandleCors.php(74): Illuminate/Pipeline/Pipeline->{closure:{closure:Illuminate/Pipeline/Pipeline::carry():194}:195}(Object(Illuminate/Http/Request))
#42 C:/Users/aleja/OneDrive/Escritorio/dwes05-te-2526-avillastrigo/vendor/laravel/framework/src/Illuminate/Pipeline/Pipeline.php(219): Illuminate/Http/Middleware/HandleCors->handle(Object(Illuminate/Http/Request), Object(Closure))
#43 C:/Users/aleja/OneDrive/Escritorio/dwes05-te-2526-avillastrigo/vendor/laravel/framework/src/Illuminate/Http/Middleware/TrustProxies.php(58): Illuminate/Pipeline/Pipeline->{closure:{closure:Illuminate/Pipeline/Pipeline::carry():194}:195}(Object(Illuminate/Http/Request))
#44 C:/Users/aleja/OneDrive/Escritorio/dwes05-te-2526-avillastrigo/vendor/laravel/framework/src/Illuminate/Pipeline/Pipeline.php(219): Illuminate/Http/Middleware/TrustProxies->handle(Object(Illuminate/Http/Request), Object(Closure))
#45 C:/Users/aleja/OneDrive/Escritorio/dwes05-te-2526-avillastrigo/vendor/laravel/framework/src/Illuminate/Foundation/Http/Middleware/InvokeDeferredCallbacks.php(22): Illuminate/Pipeline/Pipeline->{closure:{closure:Illuminate/Pipeline/Pipeline::carry():194}:195}(Object(Illuminate/Http/Request))
#46 C:/Users/aleja/OneDrive/Escritorio/dwes05-te-2526-avillastrigo/vendor/laravel/framework/src/Illuminate/Pipeline/Pipeline.php(219): Illuminate/Foundation/Http/Middleware/InvokeDeferredCallbacks->handle(Object(Illuminate/Http/Request), Object(Closure))
#47 C:/Users/aleja/OneDrive/Escritorio/dwes05-te-2526-avillastrigo/vendor/laravel/framework/src/Illuminate/Http/Middleware/ValidatePathEncoding.php(28): Illuminate/Pipeline/Pipeline->{closure:{closure:Illuminate/Pipeline/Pipeline::carry():194}:195}(Object(Illuminate/Http/Request))
#48 C:/Users/aleja/OneDrive/Escritorio/dwes05-te-2526-avillastrigo/vendor/laravel/framework/src/Illuminate/Pipeline/Pipeline.php(219): Illuminate/Http/Middleware/ValidatePathEncoding->handle(Object(Illuminate/Http/Request), Object(Closure))
#49 C:/Users/aleja/OneDrive/Escritorio/dwes05-te-2526-avillastrigo/vendor/laravel/framework/src/Illuminate/Pipeline/Pipeline.php(137): Illuminate/Pipeline/Pipeline->{closure:{closure:Illuminate/Pipeline/Pipeline::carry():194}:195}(Object(Illuminate/Http/Request))
#50 C:/Users/aleja/OneDrive/Escritorio/dwes05-te-2526-avillastrigo/vendor/laravel/framework/src/Illuminate/Foundation/Http/Kernel.php(175): Illuminate/Pipeline/Pipeline->then(Object(Closure))
#51 C:/Users/aleja/OneDrive/Escritorio/dwes05-te-2526-avillastrigo/vendor/laravel/framework/src/Illuminate/Foundation/Http/Kernel.php(144): Illuminate/Foundation/Http/Kernel->sendRequestThroughRouter(Object(Illuminate/Http/Request))
#52 C:/Users/aleja/OneDrive/Escritorio/dwes05-te-2526-avillastrigo/vendor/laravel/framework/src/Illuminate/Foundation/Application.php(1220): Illuminate/Foundation/Http/Kernel->handle(Object(Illuminate/Http/Request))
#53 C:/Users/aleja/OneDrive/Escritorio/dwes05-te-2526-avillastrigo/public/index.php(20): Illuminate/Foundation/Application->handleRequest(Object(Illuminate/Http/Request))
#54 C:/Users/aleja/OneDrive/Escritorio/dwes05-te-2526-avillastrigo/vendor/laravel/framework/src/Illuminate/Foundation/resources/server.php(23): require_once('C://Users//aleja//...')
#55 {main}
"} 
[2026-03-27 13:03:45] local.ERROR: SQLSTATE[23000]: Integrity constraint violation: 1452 Cannot add or update a child row: a foreign key constraint fails (`dwes_tarea5`.`reservations`, CONSTRAINT `reservations_gym_class_id_foreign` FOREIGN KEY (`gym_class_id`) REFERENCES `gym_classes` (`id`) ON DELETE CASCADE) (Connection: mysql, Host: 127.0.0.1, Port: 3306, Database: dwes_tarea5, SQL: insert into `reservations` (`usuario`, `gym_class_id`, `fecha`, `updated_at`, `created_at`) values (Alejandro, 1, 2026-03-27, 2026-03-27 13:03:45, 2026-03-27 13:03:45)) {"exception":"[object] (Illuminate\\Database\\QueryException(code: 23000): SQLSTATE[23000]: Integrity constraint violation: 1452 Cannot add or update a child row: a foreign key constraint fails (`dwes_tarea5`.`reservations`, CONSTRAINT `reservations_gym_class_id_foreign` FOREIGN KEY (`gym_class_id`) REFERENCES `gym_classes` (`id`) ON DELETE CASCADE) (Connection: mysql, Host: 127.0.0.1, Port: 3306, Database: dwes_tarea5, SQL: insert into `reservations` (`usuario`, `gym_class_id`, `fecha`, `updated_at`, `created_at`) values (Alejandro, 1, 2026-03-27, 2026-03-27 13:03:45, 2026-03-27 13:03:45)) at C:/Users/aleja/OneDrive/Escritorio/dwes05-te-2526-avillastrigo/vendor/laravel/framework/src/Illuminate/Database/Connection.php:841)
[stacktrace]
#0 C:/Users/aleja/OneDrive/Escritorio/dwes05-te-2526-avillastrigo/vendor/laravel/framework/src/Illuminate/Database/Connection.php(797): Illuminate/Database/Connection->runQueryCallback('insert into `re...', Array, Object(Closure))
#1 C:/Users/aleja/OneDrive/Escritorio/dwes05-te-2526-avillastrigo/vendor/laravel/framework/src/Illuminate/Database/MySqlConnection.php(42): Illuminate/Database/Connection->run('insert into `re...', Array, Object(Closure))
#2 C:/Users/aleja/OneDrive/Escritorio/dwes05-te-2526-avillastrigo/vendor/laravel/framework/src/Illuminate/Database/Query/Processors/MySqlProcessor.php(35): Illuminate/Database/MySqlConnection->insert('insert into `re...', Array, 'id')
#3 C:/Users/aleja/OneDrive/Escritorio/dwes05-te-2526-avillastrigo/vendor/laravel/framework/src/Illuminate/Database/Query/Builder.php(4246): Illuminate/Database/Query/Processors/MySqlProcessor->processInsertGetId(Object(Illuminate/Database/Query/Builder), 'insert into `re...', Array, 'id')
#4 C:/Users/aleja/OneDrive/Escritorio/dwes05-te-2526-avillastrigo/vendor/laravel/framework/src/Illuminate/Database/Eloquent/Builder.php(2242): Illuminate/Database/Query/Builder->insertGetId(Array, 'id')
#5 C:/Users/aleja/OneDrive/Escritorio/dwes05-te-2526-avillastrigo/vendor/laravel/framework/src/Illuminate/Database/Eloquent/Model.php(1580): Illuminate/Database/Eloquent/Builder->__call('insertGetId', Array)
#6 C:/Users/aleja/OneDrive/Escritorio/dwes05-te-2526-avillastrigo/vendor/laravel/framework/src/Illuminate/Database/Eloquent/Model.php(1496): Illuminate/Database/Eloquent/Model->insertAndSetId(Object(Illuminate/Database/Eloquent/Builder), Array)
#7 C:/Users/aleja/OneDrive/Escritorio/dwes05-te-2526-avillastrigo/vendor/laravel/framework/src/Illuminate/Database/Eloquent/Model.php(1300): Illuminate/Database/Eloquent/Model->performInsert(Object(Illuminate/Database/Eloquent/Builder))
#8 C:/Users/aleja/OneDrive/Escritorio/dwes05-te-2526-avillastrigo/vendor/laravel/framework/src/Illuminate/Database/Eloquent/Builder.php(1224): Illuminate/Database/Eloquent/Model->save()
#9 C:/Users/aleja/OneDrive/Escritorio/dwes05-te-2526-avillastrigo/vendor/laravel/framework/src/Illuminate/Support/helpers.php(393): Illuminate/Database/Eloquent/Builder->{closure:Illuminate/Database/Eloquent/Builder::create():1223}(Object(App/Models/Reservation))
#10 C:/Users/aleja/OneDrive/Escritorio/dwes05-te-2526-avillastrigo/vendor/laravel/framework/src/Illuminate/Database/Eloquent/Builder.php(1223): tap(Object(App/Models/Reservation), Object(Closure))
#11 C:/Users/aleja/OneDrive/Escritorio/dwes05-te-2526-avillastrigo/vendor/laravel/framework/src/Illuminate/Support/Traits/ForwardsCalls.php(23): Illuminate/Database/Eloquent/Builder->create(Array)
#12 C:/Users/aleja/OneDrive/Escritorio/dwes05-te-2526-avillastrigo/vendor/laravel/framework/src/Illuminate/Database/Eloquent/Model.php(2723): Illuminate/Database/Eloquent/Model->forwardCallTo(Object(Illuminate/Database/Eloquent/Builder), 'create', Array)
#13 C:/Users/aleja/OneDrive/Escritorio/dwes05-te-2526-avillastrigo/vendor/laravel/framework/src/Illuminate/Database/Eloquent/Model.php(2739): Illuminate/Database/Eloquent/Model->__call('create', Array)
#14 C:/Users/aleja/OneDrive/Escritorio/dwes05-te-2526-avillastrigo/app/Http/Controllers/ReservationController.php(39): Illuminate/Database/Eloquent/Model::__callStatic('create', Array)
#15 C:/Users/aleja/OneDrive/Escritorio/dwes05-te-2526-avillastrigo/vendor/laravel/framework/src/Illuminate/Routing/ControllerDispatcher.php(46): App/Http/Controllers/ReservationController->store(Object(Illuminate/Http/Request))
#16 C:/Users/aleja/OneDrive/Escritorio/dwes05-te-2526-avillastrigo/vendor/laravel/framework/src/Illuminate/Routing/Route.php(269): Illuminate/Routing/ControllerDispatcher->dispatch(Object(Illuminate/Routing/Route), Object(App/Http/Controllers/ReservationController), 'store')
#17 C:/Users/aleja/OneDrive/Escritorio/dwes05-te-2526-avillastrigo/vendor/laravel/framework/src/Illuminate/Routing/Route.php(215): Illuminate/Routing/Route->runController()
#18 C:/Users/aleja/OneDrive/Escritorio/dwes05-te-2526-avillastrigo/vendor/laravel/framework/src/Illuminate/Routing/Router.php(822): Illuminate/Routing/Route->run()
#19 C:/Users/aleja/OneDrive/Escritorio/dwes05-te-2526-avillastrigo/vendor/laravel/framework/src/Illuminate/Pipeline/Pipeline.php(180): Illuminate/Routing/Router->{closure:Illuminate/Routing/Router::runRouteWithinStack():821}(Object(Illuminate/Http/Request))
#20 C:/Users/aleja/OneDrive/Escritorio/dwes05-te-2526-avillastrigo/vendor/laravel/framework/src/Illuminate/Routing/Middleware/SubstituteBindings.php(52): Illuminate/Pipeline/Pipeline->{closure:Illuminate/Pipeline/Pipeline::prepareDestination():178}(Object(Illuminate/Http/Request))
#21 C:/Users/aleja/OneDrive/Escritorio/dwes05-te-2526-avillastrigo/vendor/laravel/framework/src/Illuminate/Pipeline/Pipeline.php(219): Illuminate/Routing/Middleware/SubstituteBindings->handle(Object(Illuminate/Http/Request), Object(Closure))
#22 C:/Users/aleja/OneDrive/Escritorio/dwes05-te-2526-avillastrigo/vendor/laravel/framework/src/Illuminate/Pipeline/Pipeline.php(137): Illuminate/Pipeline/Pipeline->{closure:{closure:Illuminate/Pipeline/Pipeline::carry():194}:195}(Object(Illuminate/Http/Request))
#23 C:/Users/aleja/OneDrive/Escritorio/dwes05-te-2526-avillastrigo/vendor/laravel/framework/src/Illuminate/Routing/Router.php(821): Illuminate/Pipeline/Pipeline->then(Object(Closure))
#24 C:/Users/aleja/OneDrive/Escritorio/dwes05-te-2526-avillastrigo/vendor/laravel/framework/src/Illuminate/Routing/Router.php(800): Illuminate/Routing/Router->runRouteWithinStack(Object(Illuminate/Routing/Route), Object(Illuminate/Http/Request))
#25 C:/Users/aleja/OneDrive/Escritorio/dwes05-te-2526-avillastrigo/vendor/laravel/framework/src/Illuminate/Routing/Router.php(764): Illuminate/Routing/Router->runRoute(Object(Illuminate/Http/Request), Object(Illuminate/Routing/Route))
#26 C:/Users/aleja/OneDrive/Escritorio/dwes05-te-2526-avillastrigo/vendor/laravel/framework/src/Illuminate/Routing/Router.php(753): Illuminate/Routing/Router->dispatchToRoute(Object(Illuminate/Http/Request))
#27 C:/Users/aleja/OneDrive/Escritorio/dwes05-te-2526-avillastrigo/vendor/laravel/framework/src/Illuminate/Foundation/Http/Kernel.php(200): Illuminate/Routing/Router->dispatch(Object(Illuminate/Http/Request))
#28 C:/Users/aleja/OneDrive/Escritorio/dwes05-te-2526-avillastrigo/vendor/laravel/framework/src/Illuminate/Pipeline/Pipeline.php(180): Illuminate/Foundation/Http/Kernel->{closure:Illuminate/Foundation/Http/Kernel::dispatchToRouter():197}(Object(Illuminate/Http/Request))
#29 C:/Users/aleja/OneDrive/Escritorio/dwes05-te-2526-avillastrigo/vendor/laravel/framework/src/Illuminate/Foundation/Http/Middleware/TransformsRequest.php(21): Illuminate/Pipeline/Pipeline->{closure:Illuminate/Pipeline/Pipeline::prepareDestination():178}(Object(Illuminate/Http/Request))
#30 C:/Users/aleja/OneDrive/Escritorio/dwes05-te-2526-avillastrigo/vendor/laravel/framework/src/Illuminate/Foundation/Http/Middleware/ConvertEmptyStringsToNull.php(31): Illuminate/Foundation/Http/Middleware/TransformsRequest->handle(Object(Illuminate/Http/Request), Object(Closure))
#31 C:/Users/aleja/OneDrive/Escritorio/dwes05-te-2526-avillastrigo/vendor/laravel/framework/src/Illuminate/Pipeline/Pipeline.php(219): Illuminate/Foundation/Http/Middleware/ConvertEmptyStringsToNull->handle(Object(Illuminate/Http/Request), Object(Closure))
#32 C:/Users/aleja/OneDrive/Escritorio/dwes05-te-2526-avillastrigo/vendor/laravel/framework/src/Illuminate/Foundation/Http/Middleware/TransformsRequest.php(21): Illuminate/Pipeline/Pipeline->{closure:{closure:Illuminate/Pipeline/Pipeline::carry():194}:195}(Object(Illuminate/Http/Request))
#33 C:/Users/aleja/OneDrive/Escritorio/dwes05-te-2526-avillastrigo/vendor/laravel/framework/src/Illuminate/Foundation/Http/Middleware/TrimStrings.php(51): Illuminate/Foundation/Http/Middleware/TransformsRequest->handle(Object(Illuminate/Http/Request), Object(Closure))
#34 C:/Users/aleja/OneDrive/Escritorio/dwes05-te-2526-avillastrigo/vendor/laravel/framework/src/Illuminate/Pipeline/Pipeline.php(219): Illuminate/Foundation/Http/Middleware/TrimStrings->handle(Object(Illuminate/Http/Request), Object(Closure))
#35 C:/Users/aleja/OneDrive/Escritorio/dwes05-te-2526-avillastrigo/vendor/laravel/framework/src/Illuminate/Http/Middleware/ValidatePostSize.php(27): Illuminate/Pipeline/Pipeline->{closure:{closure:Illuminate/Pipeline/Pipeline::carry():194}:195}(Object(Illuminate/Http/Request))
#36 C:/Users/aleja/OneDrive/Escritorio/dwes05-te-2526-avillastrigo/vendor/laravel/framework/src/Illuminate/Pipeline/Pipeline.php(219): Illuminate/Http/Middleware/ValidatePostSize->handle(Object(Illuminate/Http/Request), Object(Closure))
#37 C:/Users/aleja/OneDrive/Escritorio/dwes05-te-2526-avillastrigo/vendor/laravel/framework/src/Illuminate/Foundation/Http/Middleware/PreventRequestsDuringMaintenance.php(109): Illuminate/Pipeline/Pipeline->{closure:{closure:Illuminate/Pipeline/Pipeline::carry():194}:195}(Object(Illuminate/Http/Request))
#38 C:/Users/aleja/OneDrive/Escritorio/dwes05-te-2526-avillastrigo/vendor/laravel/framework/src/Illuminate/Pipeline/Pipeline.php(219): Illuminate/Foundation/Http/Middleware/PreventRequestsDuringMaintenance->handle(Object(Illuminate/Http/Request), Object(Closure))
#39 C:/Users/aleja/OneDrive/Escritorio/dwes05-te-2526-avillastrigo/vendor/laravel/framework/src/Illuminate/Http/Middleware/HandleCors.php(74): Illuminate/Pipeline/Pipeline->{closure:{closure:Illuminate/Pipeline/Pipeline::carry():194}:195}(Object(Illuminate/Http/Request))
#40 C:/Users/aleja/OneDrive/Escritorio/dwes05-te-2526-avillastrigo/vendor/laravel/framework/src/Illuminate/Pipeline/Pipeline.php(219): Illuminate/Http/Middleware/HandleCors->handle(Object(Illuminate/Http/Request), Object(Closure))
#41 C:/Users/aleja/OneDrive/Escritorio/dwes05-te-2526-avillastrigo/vendor/laravel/framework/src/Illuminate/Http/Middleware/TrustProxies.php(58): Illuminate/Pipeline/Pipeline->{closure:{closure:Illuminate/Pipeline/Pipeline::carry():194}:195}(Object(Illuminate/Http/Request))
#42 C:/Users/aleja/OneDrive/Escritorio/dwes05-te-2526-avillastrigo/vendor/laravel/framework/src/Illuminate/Pipeline/Pipeline.php(219): Illuminate/Http/Middleware/TrustProxies->handle(Object(Illuminate/Http/Request), Object(Closure))
#43 C:/Users/aleja/OneDrive/Escritorio/dwes05-te-2526-avillastrigo/vendor/laravel/framework/src/Illuminate/Foundation/Http/Middleware/InvokeDeferredCallbacks.php(22): Illuminate/Pipeline/Pipeline->{closure:{closure:Illuminate/Pipeline/Pipeline::carry():194}:195}(Object(Illuminate/Http/Request))
#44 C:/Users/aleja/OneDrive/Escritorio/dwes05-te-2526-avillastrigo/vendor/laravel/framework/src/Illuminate/Pipeline/Pipeline.php(219): Illuminate/Foundation/Http/Middleware/InvokeDeferredCallbacks->handle(Object(Illuminate/Http/Request), Object(Closure))
#45 C:/Users/aleja/OneDrive/Escritorio/dwes05-te-2526-avillastrigo/vendor/laravel/framework/src/Illuminate/Http/Middleware/ValidatePathEncoding.php(28): Illuminate/Pipeline/Pipeline->{closure:{closure:Illuminate/Pipeline/Pipeline::carry():194}:195}(Object(Illuminate/Http/Request))
#46 C:/Users/aleja/OneDrive/Escritorio/dwes05-te-2526-avillastrigo/vendor/laravel/framework/src/Illuminate/Pipeline/Pipeline.php(219): Illuminate/Http/Middleware/ValidatePathEncoding->handle(Object(Illuminate/Http/Request), Object(Closure))
#47 C:/Users/aleja/OneDrive/Escritorio/dwes05-te-2526-avillastrigo/vendor/laravel/framework/src/Illuminate/Pipeline/Pipeline.php(137): Illuminate/Pipeline/Pipeline->{closure:{closure:Illuminate/Pipeline/Pipeline::carry():194}:195}(Object(Illuminate/Http/Request))
#48 C:/Users/aleja/OneDrive/Escritorio/dwes05-te-2526-avillastrigo/vendor/laravel/framework/src/Illuminate/Foundation/Http/Kernel.php(175): Illuminate/Pipeline/Pipeline->then(Object(Closure))
#49 C:/Users/aleja/OneDrive/Escritorio/dwes05-te-2526-avillastrigo/vendor/laravel/framework/src/Illuminate/Foundation/Http/Kernel.php(144): Illuminate/Foundation/Http/Kernel->sendRequestThroughRouter(Object(Illuminate/Http/Request))
#50 C:/Users/aleja/OneDrive/Escritorio/dwes05-te-2526-avillastrigo/vendor/laravel/framework/src/Illuminate/Foundation/Application.php(1220): Illuminate/Foundation/Http/Kernel->handle(Object(Illuminate/Http/Request))
#51 C:/Users/aleja/OneDrive/Escritorio/dwes05-te-2526-avillastrigo/public/index.php(20): Illuminate/Foundation/Application->handleRequest(Object(Illuminate/Http/Request))
#52 C:/Users/aleja/OneDrive/Escritorio/dwes05-te-2526-avillastrigo/vendor/laravel/framework/src/Illuminate/Foundation/resources/server.php(23): require_once('C://Users//aleja//...')
#53 {main}

[previous exception] [object] (PDOException(code: 23000): SQLSTATE[23000]: Integrity constraint violation: 1452 Cannot add or update a child row: a foreign key constraint fails (`dwes_tarea5`.`reservations`, CONSTRAINT `reservations_gym_class_id_foreign` FOREIGN KEY (`gym_class_id`) REFERENCES `gym_classes` (`id`) ON DELETE CASCADE) at C:/Users/aleja/OneDrive/Escritorio/dwes05-te-2526-avillastrigo/vendor/laravel/framework/src/Illuminate/Database/MySqlConnection.php:53)
[stacktrace]
#0 C:/Users/aleja/OneDrive/Escritorio/dwes05-te-2526-avillastrigo/vendor/laravel/framework/src/Illuminate/Database/MySqlConnection.php(53): PDOStatement->execute()
#1 C:/Users/aleja/OneDrive/Escritorio/dwes05-te-2526-avillastrigo/vendor/laravel/framework/src/Illuminate/Database/Connection.php(830): Illuminate/Database/MySqlConnection->{closure:Illuminate/Database/MySqlConnection::insert():42}('insert into `re...', Array)
#2 C:/Users/aleja/OneDrive/Escritorio/dwes05-te-2526-avillastrigo/vendor/laravel/framework/src/Illuminate/Database/Connection.php(797): Illuminate/Database/Connection->runQueryCallback('insert into `re...', Array, Object(Closure))
#3 C:/Users/aleja/OneDrive/Escritorio/dwes05-te-2526-avillastrigo/vendor/laravel/framework/src/Illuminate/Database/MySqlConnection.php(42): Illuminate/Database/Connection->run('insert into `re...', Array, Object(Closure))
#4 C:/Users/aleja/OneDrive/Escritorio/dwes05-te-2526-avillastrigo/vendor/laravel/framework/src/Illuminate/Database/Query/Processors/MySqlProcessor.php(35): Illuminate/Database/MySqlConnection->insert('insert into `re...', Array, 'id')
#5 C:/Users/aleja/OneDrive/Escritorio/dwes05-te-2526-avillastrigo/vendor/laravel/framework/src/Illuminate/Database/Query/Builder.php(4246): Illuminate/Database/Query/Processors/MySqlProcessor->processInsertGetId(Object(Illuminate/Database/Query/Builder), 'insert into `re...', Array, 'id')
#6 C:/Users/aleja/OneDrive/Escritorio/dwes05-te-2526-avillastrigo/vendor/laravel/framework/src/Illuminate/Database/Eloquent/Builder.php(2242): Illuminate/Database/Query/Builder->insertGetId(Array, 'id')
#7 C:/Users/aleja/OneDrive/Escritorio/dwes05-te-2526-avillastrigo/vendor/laravel/framework/src/Illuminate/Database/Eloquent/Model.php(1580): Illuminate/Database/Eloquent/Builder->__call('insertGetId', Array)
#8 C:/Users/aleja/OneDrive/Escritorio/dwes05-te-2526-avillastrigo/vendor/laravel/framework/src/Illuminate/Database/Eloquent/Model.php(1496): Illuminate/Database/Eloquent/Model->insertAndSetId(Object(Illuminate/Database/Eloquent/Builder), Array)
#9 C:/Users/aleja/OneDrive/Escritorio/dwes05-te-2526-avillastrigo/vendor/laravel/framework/src/Illuminate/Database/Eloquent/Model.php(1300): Illuminate/Database/Eloquent/Model->performInsert(Object(Illuminate/Database/Eloquent/Builder))
#10 C:/Users/aleja/OneDrive/Escritorio/dwes05-te-2526-avillastrigo/vendor/laravel/framework/src/Illuminate/Database/Eloquent/Builder.php(1224): Illuminate/Database/Eloquent/Model->save()
#11 C:/Users/aleja/OneDrive/Escritorio/dwes05-te-2526-avillastrigo/vendor/laravel/framework/src/Illuminate/Support/helpers.php(393): Illuminate/Database/Eloquent/Builder->{closure:Illuminate/Database/Eloquent/Builder::create():1223}(Object(App/Models/Reservation))
#12 C:/Users/aleja/OneDrive/Escritorio/dwes05-te-2526-avillastrigo/vendor/laravel/framework/src/Illuminate/Database/Eloquent/Builder.php(1223): tap(Object(App/Models/Reservation), Object(Closure))
#13 C:/Users/aleja/OneDrive/Escritorio/dwes05-te-2526-avillastrigo/vendor/laravel/framework/src/Illuminate/Support/Traits/ForwardsCalls.php(23): Illuminate/Database/Eloquent/Builder->create(Array)
#14 C:/Users/aleja/OneDrive/Escritorio/dwes05-te-2526-avillastrigo/vendor/laravel/framework/src/Illuminate/Database/Eloquent/Model.php(2723): Illuminate/Database/Eloquent/Model->forwardCallTo(Object(Illuminate/Database/Eloquent/Builder), 'create', Array)
#15 C:/Users/aleja/OneDrive/Escritorio/dwes05-te-2526-avillastrigo/vendor/laravel/framework/src/Illuminate/Database/Eloquent/Model.php(2739): Illuminate/Database/Eloquent/Model->__call('create', Array)
#16 C:/Users/aleja/OneDrive/Escritorio/dwes05-te-2526-avillastrigo/app/Http/Controllers/ReservationController.php(39): Illuminate/Database/Eloquent/Model::__callStatic('create', Array)
#17 C:/Users/aleja/OneDrive/Escritorio/dwes05-te-2526-avillastrigo/vendor/laravel/framework/src/Illuminate/Routing/ControllerDispatcher.php(46): App/Http/Controllers/ReservationController->store(Object(Illuminate/Http/Request))
#18 C:/Users/aleja/OneDrive/Escritorio/dwes05-te-2526-avillastrigo/vendor/laravel/framework/src/Illuminate/Routing/Route.php(269): Illuminate/Routing/ControllerDispatcher->dispatch(Object(Illuminate/Routing/Route), Object(App/Http/Controllers/ReservationController), 'store')
#19 C:/Users/aleja/OneDrive/Escritorio/dwes05-te-2526-avillastrigo/vendor/laravel/framework/src/Illuminate/Routing/Route.php(215): Illuminate/Routing/Route->runController()
#20 C:/Users/aleja/OneDrive/Escritorio/dwes05-te-2526-avillastrigo/vendor/laravel/framework/src/Illuminate/Routing/Router.php(822): Illuminate/Routing/Route->run()
#21 C:/Users/aleja/OneDrive/Escritorio/dwes05-te-2526-avillastrigo/vendor/laravel/framework/src/Illuminate/Pipeline/Pipeline.php(180): Illuminate/Routing/Router->{closure:Illuminate/Routing/Router::runRouteWithinStack():821}(Object(Illuminate/Http/Request))
#22 C:/Users/aleja/OneDrive/Escritorio/dwes05-te-2526-avillastrigo/vendor/laravel/framework/src/Illuminate/Routing/Middleware/SubstituteBindings.php(52): Illuminate/Pipeline/Pipeline->{closure:Illuminate/Pipeline/Pipeline::prepareDestination():178}(Object(Illuminate/Http/Request))
#23 C:/Users/aleja/OneDrive/Escritorio/dwes05-te-2526-avillastrigo/vendor/laravel/framework/src/Illuminate/Pipeline/Pipeline.php(219): Illuminate/Routing/Middleware/SubstituteBindings->handle(Object(Illuminate/Http/Request), Object(Closure))
#24 C:/Users/aleja/OneDrive/Escritorio/dwes05-te-2526-avillastrigo/vendor/laravel/framework/src/Illuminate/Pipeline/Pipeline.php(137): Illuminate/Pipeline/Pipeline->{closure:{closure:Illuminate/Pipeline/Pipeline::carry():194}:195}(Object(Illuminate/Http/Request))
#25 C:/Users/aleja/OneDrive/Escritorio/dwes05-te-2526-avillastrigo/vendor/laravel/framework/src/Illuminate/Routing/Router.php(821): Illuminate/Pipeline/Pipeline->then(Object(Closure))
#26 C:/Users/aleja/OneDrive/Escritorio/dwes05-te-2526-avillastrigo/vendor/laravel/framework/src/Illuminate/Routing/Router.php(800): Illuminate/Routing/Router->runRouteWithinStack(Object(Illuminate/Routing/Route), Object(Illuminate/Http/Request))
#27 C:/Users/aleja/OneDrive/Escritorio/dwes05-te-2526-avillastrigo/vendor/laravel/framework/src/Illuminate/Routing/Router.php(764): Illuminate/Routing/Router->runRoute(Object(Illuminate/Http/Request), Object(Illuminate/Routing/Route))
#28 C:/Users/aleja/OneDrive/Escritorio/dwes05-te-2526-avillastrigo/vendor/laravel/framework/src/Illuminate/Routing/Router.php(753): Illuminate/Routing/Router->dispatchToRoute(Object(Illuminate/Http/Request))
#29 C:/Users/aleja/OneDrive/Escritorio/dwes05-te-2526-avillastrigo/vendor/laravel/framework/src/Illuminate/Foundation/Http/Kernel.php(200): Illuminate/Routing/Router->dispatch(Object(Illuminate/Http/Request))
#30 C:/Users/aleja/OneDrive/Escritorio/dwes05-te-2526-avillastrigo/vendor/laravel/framework/src/Illuminate/Pipeline/Pipeline.php(180): Illuminate/Foundation/Http/Kernel->{closure:Illuminate/Foundation/Http/Kernel::dispatchToRouter():197}(Object(Illuminate/Http/Request))
#31 C:/Users/aleja/OneDrive/Escritorio/dwes05-te-2526-avillastrigo/vendor/laravel/framework/src/Illuminate/Foundation/Http/Middleware/TransformsRequest.php(21): Illuminate/Pipeline/Pipeline->{closure:Illuminate/Pipeline/Pipeline::prepareDestination():178}(Object(Illuminate/Http/Request))
#32 C:/Users/aleja/OneDrive/Escritorio/dwes05-te-2526-avillastrigo/vendor/laravel/framework/src/Illuminate/Foundation/Http/Middleware/ConvertEmptyStringsToNull.php(31): Illuminate/Foundation/Http/Middleware/TransformsRequest->handle(Object(Illuminate/Http/Request), Object(Closure))
#33 C:/Users/aleja/OneDrive/Escritorio/dwes05-te-2526-avillastrigo/vendor/laravel/framework/src/Illuminate/Pipeline/Pipeline.php(219): Illuminate/Foundation/Http/Middleware/ConvertEmptyStringsToNull->handle(Object(Illuminate/Http/Request), Object(Closure))
#34 C:/Users/aleja/OneDrive/Escritorio/dwes05-te-2526-avillastrigo/vendor/laravel/framework/src/Illuminate/Foundation/Http/Middleware/TransformsRequest.php(21): Illuminate/Pipeline/Pipeline->{closure:{closure:Illuminate/Pipeline/Pipeline::carry():194}:195}(Object(Illuminate/Http/Request))
#35 C:/Users/aleja/OneDrive/Escritorio/dwes05-te-2526-avillastrigo/vendor/laravel/framework/src/Illuminate/Foundation/Http/Middleware/TrimStrings.php(51): Illuminate/Foundation/Http/Middleware/TransformsRequest->handle(Object(Illuminate/Http/Request), Object(Closure))
#36 C:/Users/aleja/OneDrive/Escritorio/dwes05-te-2526-avillastrigo/vendor/laravel/framework/src/Illuminate/Pipeline/Pipeline.php(219): Illuminate/Foundation/Http/Middleware/TrimStrings->handle(Object(Illuminate/Http/Request), Object(Closure))
#37 C:/Users/aleja/OneDrive/Escritorio/dwes05-te-2526-avillastrigo/vendor/laravel/framework/src/Illuminate/Http/Middleware/ValidatePostSize.php(27): Illuminate/Pipeline/Pipeline->{closure:{closure:Illuminate/Pipeline/Pipeline::carry():194}:195}(Object(Illuminate/Http/Request))
#38 C:/Users/aleja/OneDrive/Escritorio/dwes05-te-2526-avillastrigo/vendor/laravel/framework/src/Illuminate/Pipeline/Pipeline.php(219): Illuminate/Http/Middleware/ValidatePostSize->handle(Object(Illuminate/Http/Request), Object(Closure))
#39 C:/Users/aleja/OneDrive/Escritorio/dwes05-te-2526-avillastrigo/vendor/laravel/framework/src/Illuminate/Foundation/Http/Middleware/PreventRequestsDuringMaintenance.php(109): Illuminate/Pipeline/Pipeline->{closure:{closure:Illuminate/Pipeline/Pipeline::carry():194}:195}(Object(Illuminate/Http/Request))
#40 C:/Users/aleja/OneDrive/Escritorio/dwes05-te-2526-avillastrigo/vendor/laravel/framework/src/Illuminate/Pipeline/Pipeline.php(219): Illuminate/Foundation/Http/Middleware/PreventRequestsDuringMaintenance->handle(Object(Illuminate/Http/Request), Object(Closure))
#41 C:/Users/aleja/OneDrive/Escritorio/dwes05-te-2526-avillastrigo/vendor/laravel/framework/src/Illuminate/Http/Middleware/HandleCors.php(74): Illuminate/Pipeline/Pipeline->{closure:{closure:Illuminate/Pipeline/Pipeline::carry():194}:195}(Object(Illuminate/Http/Request))
#42 C:/Users/aleja/OneDrive/Escritorio/dwes05-te-2526-avillastrigo/vendor/laravel/framework/src/Illuminate/Pipeline/Pipeline.php(219): Illuminate/Http/Middleware/HandleCors->handle(Object(Illuminate/Http/Request), Object(Closure))
#43 C:/Users/aleja/OneDrive/Escritorio/dwes05-te-2526-avillastrigo/vendor/laravel/framework/src/Illuminate/Http/Middleware/TrustProxies.php(58): Illuminate/Pipeline/Pipeline->{closure:{closure:Illuminate/Pipeline/Pipeline::carry():194}:195}(Object(Illuminate/Http/Request))
#44 C:/Users/aleja/OneDrive/Escritorio/dwes05-te-2526-avillastrigo/vendor/laravel/framework/src/Illuminate/Pipeline/Pipeline.php(219): Illuminate/Http/Middleware/TrustProxies->handle(Object(Illuminate/Http/Request), Object(Closure))
#45 C:/Users/aleja/OneDrive/Escritorio/dwes05-te-2526-avillastrigo/vendor/laravel/framework/src/Illuminate/Foundation/Http/Middleware/InvokeDeferredCallbacks.php(22): Illuminate/Pipeline/Pipeline->{closure:{closure:Illuminate/Pipeline/Pipeline::carry():194}:195}(Object(Illuminate/Http/Request))
#46 C:/Users/aleja/OneDrive/Escritorio/dwes05-te-2526-avillastrigo/vendor/laravel/framework/src/Illuminate/Pipeline/Pipeline.php(219): Illuminate/Foundation/Http/Middleware/InvokeDeferredCallbacks->handle(Object(Illuminate/Http/Request), Object(Closure))
#47 C:/Users/aleja/OneDrive/Escritorio/dwes05-te-2526-avillastrigo/vendor/laravel/framework/src/Illuminate/Http/Middleware/ValidatePathEncoding.php(28): Illuminate/Pipeline/Pipeline->{closure:{closure:Illuminate/Pipeline/Pipeline::carry():194}:195}(Object(Illuminate/Http/Request))
#48 C:/Users/aleja/OneDrive/Escritorio/dwes05-te-2526-avillastrigo/vendor/laravel/framework/src/Illuminate/Pipeline/Pipeline.php(219): Illuminate/Http/Middleware/ValidatePathEncoding->handle(Object(Illuminate/Http/Request), Object(Closure))
#49 C:/Users/aleja/OneDrive/Escritorio/dwes05-te-2526-avillastrigo/vendor/laravel/framework/src/Illuminate/Pipeline/Pipeline.php(137): Illuminate/Pipeline/Pipeline->{closure:{closure:Illuminate/Pipeline/Pipeline::carry():194}:195}(Object(Illuminate/Http/Request))
#50 C:/Users/aleja/OneDrive/Escritorio/dwes05-te-2526-avillastrigo/vendor/laravel/framework/src/Illuminate/Foundation/Http/Kernel.php(175): Illuminate/Pipeline/Pipeline->then(Object(Closure))
#51 C:/Users/aleja/OneDrive/Escritorio/dwes05-te-2526-avillastrigo/vendor/laravel/framework/src/Illuminate/Foundation/Http/Kernel.php(144): Illuminate/Foundation/Http/Kernel->sendRequestThroughRouter(Object(Illuminate/Http/Request))
#52 C:/Users/aleja/OneDrive/Escritorio/dwes05-te-2526-avillastrigo/vendor/laravel/framework/src/Illuminate/Foundation/Application.php(1220): Illuminate/Foundation/Http/Kernel->handle(Object(Illuminate/Http/Request))
#53 C:/Users/aleja/OneDrive/Escritorio/dwes05-te-2526-avillastrigo/public/index.php(20): Illuminate/Foundation/Application->handleRequest(Object(Illuminate/Http/Request))
#54 C:/Users/aleja/OneDrive/Escritorio/dwes05-te-2526-avillastrigo/vendor/laravel/framework/src/Illuminate/Foundation/resources/server.php(23): require_once('C://Users//aleja//...')
#55 {main}
"} 
[2026-03-27 13:35:24] local.ERROR: SQLSTATE[23000]: Integrity constraint violation: 1452 Cannot add or update a child row: a foreign key constraint fails (`dwes_tarea5`.`reservations`, CONSTRAINT `reservations_gym_class_id_foreign` FOREIGN KEY (`gym_class_id`) REFERENCES `gym_classes` (`id`) ON DELETE CASCADE) (Connection: mysql, Host: 127.0.0.1, Port: 3306, Database: dwes_tarea5, SQL: insert into `reservations` (`usuario`, `gym_class_id`, `fecha`, `updated_at`, `created_at`) values (Alejandro, 1, 2026-03-27, 2026-03-27 13:35:24, 2026-03-27 13:35:24)) {"exception":"[object] (Illuminate\\Database\\QueryException(code: 23000): SQLSTATE[23000]: Integrity constraint violation: 1452 Cannot add or update a child row: a foreign key constraint fails (`dwes_tarea5`.`reservations`, CONSTRAINT `reservations_gym_class_id_foreign` FOREIGN KEY (`gym_class_id`) REFERENCES `gym_classes` (`id`) ON DELETE CASCADE) (Connection: mysql, Host: 127.0.0.1, Port: 3306, Database: dwes_tarea5, SQL: insert into `reservations` (`usuario`, `gym_class_id`, `fecha`, `updated_at`, `created_at`) values (Alejandro, 1, 2026-03-27, 2026-03-27 13:35:24, 2026-03-27 13:35:24)) at C:/Users/aleja/OneDrive/Escritorio/dwes05-te-2526-avillastrigo/vendor/laravel/framework/src/Illuminate/Database/Connection.php:841)
[stacktrace]
#0 C:/Users/aleja/OneDrive/Escritorio/dwes05-te-2526-avillastrigo/vendor/laravel/framework/src/Illuminate/Database/Connection.php(797): Illuminate/Database/Connection->runQueryCallback('insert into `re...', Array, Object(Closure))
#1 C:/Users/aleja/OneDrive/Escritorio/dwes05-te-2526-avillastrigo/vendor/laravel/framework/src/Illuminate/Database/MySqlConnection.php(42): Illuminate/Database/Connection->run('insert into `re...', Array, Object(Closure))
#2 C:/Users/aleja/OneDrive/Escritorio/dwes05-te-2526-avillastrigo/vendor/laravel/framework/src/Illuminate/Database/Query/Processors/MySqlProcessor.php(35): Illuminate/Database/MySqlConnection->insert('insert into `re...', Array, 'id')
#3 C:/Users/aleja/OneDrive/Escritorio/dwes05-te-2526-avillastrigo/vendor/laravel/framework/src/Illuminate/Database/Query/Builder.php(4246): Illuminate/Database/Query/Processors/MySqlProcessor->processInsertGetId(Object(Illuminate/Database/Query/Builder), 'insert into `re...', Array, 'id')
#4 C:/Users/aleja/OneDrive/Escritorio/dwes05-te-2526-avillastrigo/vendor/laravel/framework/src/Illuminate/Database/Eloquent/Builder.php(2242): Illuminate/Database/Query/Builder->insertGetId(Array, 'id')
#5 C:/Users/aleja/OneDrive/Escritorio/dwes05-te-2526-avillastrigo/vendor/laravel/framework/src/Illuminate/Database/Eloquent/Model.php(1580): Illuminate/Database/Eloquent/Builder->__call('insertGetId', Array)
#6 C:/Users/aleja/OneDrive/Escritorio/dwes05-te-2526-avillastrigo/vendor/laravel/framework/src/Illuminate/Database/Eloquent/Model.php(1496): Illuminate/Database/Eloquent/Model->insertAndSetId(Object(Illuminate/Database/Eloquent/Builder), Array)
#7 C:/Users/aleja/OneDrive/Escritorio/dwes05-te-2526-avillastrigo/vendor/laravel/framework/src/Illuminate/Database/Eloquent/Model.php(1300): Illuminate/Database/Eloquent/Model->performInsert(Object(Illuminate/Database/Eloquent/Builder))
#8 C:/Users/aleja/OneDrive/Escritorio/dwes05-te-2526-avillastrigo/vendor/laravel/framework/src/Illuminate/Database/Eloquent/Builder.php(1224): Illuminate/Database/Eloquent/Model->save()
#9 C:/Users/aleja/OneDrive/Escritorio/dwes05-te-2526-avillastrigo/vendor/laravel/framework/src/Illuminate/Support/helpers.php(393): Illuminate/Database/Eloquent/Builder->{closure:Illuminate/Database/Eloquent/Builder::create():1223}(Object(App/Models/Reservation))
#10 C:/Users/aleja/OneDrive/Escritorio/dwes05-te-2526-avillastrigo/vendor/laravel/framework/src/Illuminate/Database/Eloquent/Builder.php(1223): tap(Object(App/Models/Reservation), Object(Closure))
#11 C:/Users/aleja/OneDrive/Escritorio/dwes05-te-2526-avillastrigo/vendor/laravel/framework/src/Illuminate/Support/Traits/ForwardsCalls.php(23): Illuminate/Database/Eloquent/Builder->create(Array)
#12 C:/Users/aleja/OneDrive/Escritorio/dwes05-te-2526-avillastrigo/vendor/laravel/framework/src/Illuminate/Database/Eloquent/Model.php(2723): Illuminate/Database/Eloquent/Model->forwardCallTo(Object(Illuminate/Database/Eloquent/Builder), 'create', Array)
#13 C:/Users/aleja/OneDrive/Escritorio/dwes05-te-2526-avillastrigo/vendor/laravel/framework/src/Illuminate/Database/Eloquent/Model.php(2739): Illuminate/Database/Eloquent/Model->__call('create', Array)
#14 C:/Users/aleja/OneDrive/Escritorio/dwes05-te-2526-avillastrigo/app/Http/Controllers/ReservationController.php(39): Illuminate/Database/Eloquent/Model::__callStatic('create', Array)
#15 C:/Users/aleja/OneDrive/Escritorio/dwes05-te-2526-avillastrigo/vendor/laravel/framework/src/Illuminate/Routing/ControllerDispatcher.php(46): App/Http/Controllers/ReservationController->store(Object(Illuminate/Http/Request))
#16 C:/Users/aleja/OneDrive/Escritorio/dwes05-te-2526-avillastrigo/vendor/laravel/framework/src/Illuminate/Routing/Route.php(269): Illuminate/Routing/ControllerDispatcher->dispatch(Object(Illuminate/Routing/Route), Object(App/Http/Controllers/ReservationController), 'store')
#17 C:/Users/aleja/OneDrive/Escritorio/dwes05-te-2526-avillastrigo/vendor/laravel/framework/src/Illuminate/Routing/Route.php(215): Illuminate/Routing/Route->runController()
#18 C:/Users/aleja/OneDrive/Escritorio/dwes05-te-2526-avillastrigo/vendor/laravel/framework/src/Illuminate/Routing/Router.php(822): Illuminate/Routing/Route->run()
#19 C:/Users/aleja/OneDrive/Escritorio/dwes05-te-2526-avillastrigo/vendor/laravel/framework/src/Illuminate/Pipeline/Pipeline.php(180): Illuminate/Routing/Router->{closure:Illuminate/Routing/Router::runRouteWithinStack():821}(Object(Illuminate/Http/Request))
#20 C:/Users/aleja/OneDrive/Escritorio/dwes05-te-2526-avillastrigo/vendor/laravel/framework/src/Illuminate/Routing/Middleware/SubstituteBindings.php(52): Illuminate/Pipeline/Pipeline->{closure:Illuminate/Pipeline/Pipeline::prepareDestination():178}(Object(Illuminate/Http/Request))
#21 C:/Users/aleja/OneDrive/Escritorio/dwes05-te-2526-avillastrigo/vendor/laravel/framework/src/Illuminate/Pipeline/Pipeline.php(219): Illuminate/Routing/Middleware/SubstituteBindings->handle(Object(Illuminate/Http/Request), Object(Closure))
#22 C:/Users/aleja/OneDrive/Escritorio/dwes05-te-2526-avillastrigo/vendor/laravel/framework/src/Illuminate/Pipeline/Pipeline.php(137): Illuminate/Pipeline/Pipeline->{closure:{closure:Illuminate/Pipeline/Pipeline::carry():194}:195}(Object(Illuminate/Http/Request))
#23 C:/Users/aleja/OneDrive/Escritorio/dwes05-te-2526-avillastrigo/vendor/laravel/framework/src/Illuminate/Routing/Router.php(821): Illuminate/Pipeline/Pipeline->then(Object(Closure))
#24 C:/Users/aleja/OneDrive/Escritorio/dwes05-te-2526-avillastrigo/vendor/laravel/framework/src/Illuminate/Routing/Router.php(800): Illuminate/Routing/Router->runRouteWithinStack(Object(Illuminate/Routing/Route), Object(Illuminate/Http/Request))
#25 C:/Users/aleja/OneDrive/Escritorio/dwes05-te-2526-avillastrigo/vendor/laravel/framework/src/Illuminate/Routing/Router.php(764): Illuminate/Routing/Router->runRoute(Object(Illuminate/Http/Request), Object(Illuminate/Routing/Route))
#26 C:/Users/aleja/OneDrive/Escritorio/dwes05-te-2526-avillastrigo/vendor/laravel/framework/src/Illuminate/Routing/Router.php(753): Illuminate/Routing/Router->dispatchToRoute(Object(Illuminate/Http/Request))
#27 C:/Users/aleja/OneDrive/Escritorio/dwes05-te-2526-avillastrigo/vendor/laravel/framework/src/Illuminate/Foundation/Http/Kernel.php(200): Illuminate/Routing/Router->dispatch(Object(Illuminate/Http/Request))
#28 C:/Users/aleja/OneDrive/Escritorio/dwes05-te-2526-avillastrigo/vendor/laravel/framework/src/Illuminate/Pipeline/Pipeline.php(180): Illuminate/Foundation/Http/Kernel->{closure:Illuminate/Foundation/Http/Kernel::dispatchToRouter():197}(Object(Illuminate/Http/Request))
#29 C:/Users/aleja/OneDrive/Escritorio/dwes05-te-2526-avillastrigo/vendor/laravel/framework/src/Illuminate/Foundation/Http/Middleware/TransformsRequest.php(21): Illuminate/Pipeline/Pipeline->{closure:Illuminate/Pipeline/Pipeline::prepareDestination():178}(Object(Illuminate/Http/Request))
#30 C:/Users/aleja/OneDrive/Escritorio/dwes05-te-2526-avillastrigo/vendor/laravel/framework/src/Illuminate/Foundation/Http/Middleware/ConvertEmptyStringsToNull.php(31): Illuminate/Foundation/Http/Middleware/TransformsRequest->handle(Object(Illuminate/Http/Request), Object(Closure))
#31 C:/Users/aleja/OneDrive/Escritorio/dwes05-te-2526-avillastrigo/vendor/laravel/framework/src/Illuminate/Pipeline/Pipeline.php(219): Illuminate/Foundation/Http/Middleware/ConvertEmptyStringsToNull->handle(Object(Illuminate/Http/Request), Object(Closure))
#32 C:/Users/aleja/OneDrive/Escritorio/dwes05-te-2526-avillastrigo/vendor/laravel/framework/src/Illuminate/Foundation/Http/Middleware/TransformsRequest.php(21): Illuminate/Pipeline/Pipeline->{closure:{closure:Illuminate/Pipeline/Pipeline::carry():194}:195}(Object(Illuminate/Http/Request))
#33 C:/Users/aleja/OneDrive/Escritorio/dwes05-te-2526-avillastrigo/vendor/laravel/framework/src/Illuminate/Foundation/Http/Middleware/TrimStrings.php(51): Illuminate/Foundation/Http/Middleware/TransformsRequest->handle(Object(Illuminate/Http/Request), Object(Closure))
#34 C:/Users/aleja/OneDrive/Escritorio/dwes05-te-2526-avillastrigo/vendor/laravel/framework/src/Illuminate/Pipeline/Pipeline.php(219): Illuminate/Foundation/Http/Middleware/TrimStrings->handle(Object(Illuminate/Http/Request), Object(Closure))
#35 C:/Users/aleja/OneDrive/Escritorio/dwes05-te-2526-avillastrigo/vendor/laravel/framework/src/Illuminate/Http/Middleware/ValidatePostSize.php(27): Illuminate/Pipeline/Pipeline->{closure:{closure:Illuminate/Pipeline/Pipeline::carry():194}:195}(Object(Illuminate/Http/Request))
#36 C:/Users/aleja/OneDrive/Escritorio/dwes05-te-2526-avillastrigo/vendor/laravel/framework/src/Illuminate/Pipeline/Pipeline.php(219): Illuminate/Http/Middleware/ValidatePostSize->handle(Object(Illuminate/Http/Request), Object(Closure))
#37 C:/Users/aleja/OneDrive/Escritorio/dwes05-te-2526-avillastrigo/vendor/laravel/framework/src/Illuminate/Foundation/Http/Middleware/PreventRequestsDuringMaintenance.php(109): Illuminate/Pipeline/Pipeline->{closure:{closure:Illuminate/Pipeline/Pipeline::carry():194}:195}(Object(Illuminate/Http/Request))
#38 C:/Users/aleja/OneDrive/Escritorio/dwes05-te-2526-avillastrigo/vendor/laravel/framework/src/Illuminate/Pipeline/Pipeline.php(219): Illuminate/Foundation/Http/Middleware/PreventRequestsDuringMaintenance->handle(Object(Illuminate/Http/Request), Object(Closure))
#39 C:/Users/aleja/OneDrive/Escritorio/dwes05-te-2526-avillastrigo/vendor/laravel/framework/src/Illuminate/Http/Middleware/HandleCors.php(74): Illuminate/Pipeline/Pipeline->{closure:{closure:Illuminate/Pipeline/Pipeline::carry():194}:195}(Object(Illuminate/Http/Request))
#40 C:/Users/aleja/OneDrive/Escritorio/dwes05-te-2526-avillastrigo/vendor/laravel/framework/src/Illuminate/Pipeline/Pipeline.php(219): Illuminate/Http/Middleware/HandleCors->handle(Object(Illuminate/Http/Request), Object(Closure))
#41 C:/Users/aleja/OneDrive/Escritorio/dwes05-te-2526-avillastrigo/vendor/laravel/framework/src/Illuminate/Http/Middleware/TrustProxies.php(58): Illuminate/Pipeline/Pipeline->{closure:{closure:Illuminate/Pipeline/Pipeline::carry():194}:195}(Object(Illuminate/Http/Request))
#42 C:/Users/aleja/OneDrive/Escritorio/dwes05-te-2526-avillastrigo/vendor/laravel/framework/src/Illuminate/Pipeline/Pipeline.php(219): Illuminate/Http/Middleware/TrustProxies->handle(Object(Illuminate/Http/Request), Object(Closure))
#43 C:/Users/aleja/OneDrive/Escritorio/dwes05-te-2526-avillastrigo/vendor/laravel/framework/src/Illuminate/Foundation/Http/Middleware/InvokeDeferredCallbacks.php(22): Illuminate/Pipeline/Pipeline->{closure:{closure:Illuminate/Pipeline/Pipeline::carry():194}:195}(Object(Illuminate/Http/Request))
#44 C:/Users/aleja/OneDrive/Escritorio/dwes05-te-2526-avillastrigo/vendor/laravel/framework/src/Illuminate/Pipeline/Pipeline.php(219): Illuminate/Foundation/Http/Middleware/InvokeDeferredCallbacks->handle(Object(Illuminate/Http/Request), Object(Closure))
#45 C:/Users/aleja/OneDrive/Escritorio/dwes05-te-2526-avillastrigo/vendor/laravel/framework/src/Illuminate/Http/Middleware/ValidatePathEncoding.php(28): Illuminate/Pipeline/Pipeline->{closure:{closure:Illuminate/Pipeline/Pipeline::carry():194}:195}(Object(Illuminate/Http/Request))
#46 C:/Users/aleja/OneDrive/Escritorio/dwes05-te-2526-avillastrigo/vendor/laravel/framework/src/Illuminate/Pipeline/Pipeline.php(219): Illuminate/Http/Middleware/ValidatePathEncoding->handle(Object(Illuminate/Http/Request), Object(Closure))
#47 C:/Users/aleja/OneDrive/Escritorio/dwes05-te-2526-avillastrigo/vendor/laravel/framework/src/Illuminate/Pipeline/Pipeline.php(137): Illuminate/Pipeline/Pipeline->{closure:{closure:Illuminate/Pipeline/Pipeline::carry():194}:195}(Object(Illuminate/Http/Request))
#48 C:/Users/aleja/OneDrive/Escritorio/dwes05-te-2526-avillastrigo/vendor/laravel/framework/src/Illuminate/Foundation/Http/Kernel.php(175): Illuminate/Pipeline/Pipeline->then(Object(Closure))
#49 C:/Users/aleja/OneDrive/Escritorio/dwes05-te-2526-avillastrigo/vendor/laravel/framework/src/Illuminate/Foundation/Http/Kernel.php(144): Illuminate/Foundation/Http/Kernel->sendRequestThroughRouter(Object(Illuminate/Http/Request))
#50 C:/Users/aleja/OneDrive/Escritorio/dwes05-te-2526-avillastrigo/vendor/laravel/framework/src/Illuminate/Foundation/Application.php(1220): Illuminate/Foundation/Http/Kernel->handle(Object(Illuminate/Http/Request))
#51 C:/Users/aleja/OneDrive/Escritorio/dwes05-te-2526-avillastrigo/public/index.php(20): Illuminate/Foundation/Application->handleRequest(Object(Illuminate/Http/Request))
#52 C:/Users/aleja/OneDrive/Escritorio/dwes05-te-2526-avillastrigo/vendor/laravel/framework/src/Illuminate/Foundation/resources/server.php(23): require_once('C://Users//aleja//...')
#53 {main}

[previous exception] [object] (PDOException(code: 23000): SQLSTATE[23000]: Integrity constraint violation: 1452 Cannot add or update a child row: a foreign key constraint fails (`dwes_tarea5`.`reservations`, CONSTRAINT `reservations_gym_class_id_foreign` FOREIGN KEY (`gym_class_id`) REFERENCES `gym_classes` (`id`) ON DELETE CASCADE) at C:/Users/aleja/OneDrive/Escritorio/dwes05-te-2526-avillastrigo/vendor/laravel/framework/src/Illuminate/Database/MySqlConnection.php:53)
[stacktrace]
#0 C:/Users/aleja/OneDrive/Escritorio/dwes05-te-2526-avillastrigo/vendor/laravel/framework/src/Illuminate/Database/MySqlConnection.php(53): PDOStatement->execute()
#1 C:/Users/aleja/OneDrive/Escritorio/dwes05-te-2526-avillastrigo/vendor/laravel/framework/src/Illuminate/Database/Connection.php(830): Illuminate/Database/MySqlConnection->{closure:Illuminate/Database/MySqlConnection::insert():42}('insert into `re...', Array)
#2 C:/Users/aleja/OneDrive/Escritorio/dwes05-te-2526-avillastrigo/vendor/laravel/framework/src/Illuminate/Database/Connection.php(797): Illuminate/Database/Connection->runQueryCallback('insert into `re...', Array, Object(Closure))
#3 C:/Users/aleja/OneDrive/Escritorio/dwes05-te-2526-avillastrigo/vendor/laravel/framework/src/Illuminate/Database/MySqlConnection.php(42): Illuminate/Database/Connection->run('insert into `re...', Array, Object(Closure))
#4 C:/Users/aleja/OneDrive/Escritorio/dwes05-te-2526-avillastrigo/vendor/laravel/framework/src/Illuminate/Database/Query/Processors/MySqlProcessor.php(35): Illuminate/Database/MySqlConnection->insert('insert into `re...', Array, 'id')
#5 C:/Users/aleja/OneDrive/Escritorio/dwes05-te-2526-avillastrigo/vendor/laravel/framework/src/Illuminate/Database/Query/Builder.php(4246): Illuminate/Database/Query/Processors/MySqlProcessor->processInsertGetId(Object(Illuminate/Database/Query/Builder), 'insert into `re...', Array, 'id')
#6 C:/Users/aleja/OneDrive/Escritorio/dwes05-te-2526-avillastrigo/vendor/laravel/framework/src/Illuminate/Database/Eloquent/Builder.php(2242): Illuminate/Database/Query/Builder->insertGetId(Array, 'id')
#7 C:/Users/aleja/OneDrive/Escritorio/dwes05-te-2526-avillastrigo/vendor/laravel/framework/src/Illuminate/Database/Eloquent/Model.php(1580): Illuminate/Database/Eloquent/Builder->__call('insertGetId', Array)
#8 C:/Users/aleja/OneDrive/Escritorio/dwes05-te-2526-avillastrigo/vendor/laravel/framework/src/Illuminate/Database/Eloquent/Model.php(1496): Illuminate/Database/Eloquent/Model->insertAndSetId(Object(Illuminate/Database/Eloquent/Builder), Array)
#9 C:/Users/aleja/OneDrive/Escritorio/dwes05-te-2526-avillastrigo/vendor/laravel/framework/src/Illuminate/Database/Eloquent/Model.php(1300): Illuminate/Database/Eloquent/Model->performInsert(Object(Illuminate/Database/Eloquent/Builder))
#10 C:/Users/aleja/OneDrive/Escritorio/dwes05-te-2526-avillastrigo/vendor/laravel/framework/src/Illuminate/Database/Eloquent/Builder.php(1224): Illuminate/Database/Eloquent/Model->save()
#11 C:/Users/aleja/OneDrive/Escritorio/dwes05-te-2526-avillastrigo/vendor/laravel/framework/src/Illuminate/Support/helpers.php(393): Illuminate/Database/Eloquent/Builder->{closure:Illuminate/Database/Eloquent/Builder::create():1223}(Object(App/Models/Reservation))
#12 C:/Users/aleja/OneDrive/Escritorio/dwes05-te-2526-avillastrigo/vendor/laravel/framework/src/Illuminate/Database/Eloquent/Builder.php(1223): tap(Object(App/Models/Reservation), Object(Closure))
#13 C:/Users/aleja/OneDrive/Escritorio/dwes05-te-2526-avillastrigo/vendor/laravel/framework/src/Illuminate/Support/Traits/ForwardsCalls.php(23): Illuminate/Database/Eloquent/Builder->create(Array)
#14 C:/Users/aleja/OneDrive/Escritorio/dwes05-te-2526-avillastrigo/vendor/laravel/framework/src/Illuminate/Database/Eloquent/Model.php(2723): Illuminate/Database/Eloquent/Model->forwardCallTo(Object(Illuminate/Database/Eloquent/Builder), 'create', Array)
#15 C:/Users/aleja/OneDrive/Escritorio/dwes05-te-2526-avillastrigo/vendor/laravel/framework/src/Illuminate/Database/Eloquent/Model.php(2739): Illuminate/Database/Eloquent/Model->__call('create', Array)
#16 C:/Users/aleja/OneDrive/Escritorio/dwes05-te-2526-avillastrigo/app/Http/Controllers/ReservationController.php(39): Illuminate/Database/Eloquent/Model::__callStatic('create', Array)
#17 C:/Users/aleja/OneDrive/Escritorio/dwes05-te-2526-avillastrigo/vendor/laravel/framework/src/Illuminate/Routing/ControllerDispatcher.php(46): App/Http/Controllers/ReservationController->store(Object(Illuminate/Http/Request))
#18 C:/Users/aleja/OneDrive/Escritorio/dwes05-te-2526-avillastrigo/vendor/laravel/framework/src/Illuminate/Routing/Route.php(269): Illuminate/Routing/ControllerDispatcher->dispatch(Object(Illuminate/Routing/Route), Object(App/Http/Controllers/ReservationController), 'store')
#19 C:/Users/aleja/OneDrive/Escritorio/dwes05-te-2526-avillastrigo/vendor/laravel/framework/src/Illuminate/Routing/Route.php(215): Illuminate/Routing/Route->runController()
#20 C:/Users/aleja/OneDrive/Escritorio/dwes05-te-2526-avillastrigo/vendor/laravel/framework/src/Illuminate/Routing/Router.php(822): Illuminate/Routing/Route->run()
#21 C:/Users/aleja/OneDrive/Escritorio/dwes05-te-2526-avillastrigo/vendor/laravel/framework/src/Illuminate/Pipeline/Pipeline.php(180): Illuminate/Routing/Router->{closure:Illuminate/Routing/Router::runRouteWithinStack():821}(Object(Illuminate/Http/Request))
#22 C:/Users/aleja/OneDrive/Escritorio/dwes05-te-2526-avillastrigo/vendor/laravel/framework/src/Illuminate/Routing/Middleware/SubstituteBindings.php(52): Illuminate/Pipeline/Pipeline->{closure:Illuminate/Pipeline/Pipeline::prepareDestination():178}(Object(Illuminate/Http/Request))
#23 C:/Users/aleja/OneDrive/Escritorio/dwes05-te-2526-avillastrigo/vendor/laravel/framework/src/Illuminate/Pipeline/Pipeline.php(219): Illuminate/Routing/Middleware/SubstituteBindings->handle(Object(Illuminate/Http/Request), Object(Closure))
#24 C:/Users/aleja/OneDrive/Escritorio/dwes05-te-2526-avillastrigo/vendor/laravel/framework/src/Illuminate/Pipeline/Pipeline.php(137): Illuminate/Pipeline/Pipeline->{closure:{closure:Illuminate/Pipeline/Pipeline::carry():194}:195}(Object(Illuminate/Http/Request))
#25 C:/Users/aleja/OneDrive/Escritorio/dwes05-te-2526-avillastrigo/vendor/laravel/framework/src/Illuminate/Routing/Router.php(821): Illuminate/Pipeline/Pipeline->then(Object(Closure))
#26 C:/Users/aleja/OneDrive/Escritorio/dwes05-te-2526-avillastrigo/vendor/laravel/framework/src/Illuminate/Routing/Router.php(800): Illuminate/Routing/Router->runRouteWithinStack(Object(Illuminate/Routing/Route), Object(Illuminate/Http/Request))
#27 C:/Users/aleja/OneDrive/Escritorio/dwes05-te-2526-avillastrigo/vendor/laravel/framework/src/Illuminate/Routing/Router.php(764): Illuminate/Routing/Router->runRoute(Object(Illuminate/Http/Request), Object(Illuminate/Routing/Route))
#28 C:/Users/aleja/OneDrive/Escritorio/dwes05-te-2526-avillastrigo/vendor/laravel/framework/src/Illuminate/Routing/Router.php(753): Illuminate/Routing/Router->dispatchToRoute(Object(Illuminate/Http/Request))
#29 C:/Users/aleja/OneDrive/Escritorio/dwes05-te-2526-avillastrigo/vendor/laravel/framework/src/Illuminate/Foundation/Http/Kernel.php(200): Illuminate/Routing/Router->dispatch(Object(Illuminate/Http/Request))
#30 C:/Users/aleja/OneDrive/Escritorio/dwes05-te-2526-avillastrigo/vendor/laravel/framework/src/Illuminate/Pipeline/Pipeline.php(180): Illuminate/Foundation/Http/Kernel->{closure:Illuminate/Foundation/Http/Kernel::dispatchToRouter():197}(Object(Illuminate/Http/Request))
#31 C:/Users/aleja/OneDrive/Escritorio/dwes05-te-2526-avillastrigo/vendor/laravel/framework/src/Illuminate/Foundation/Http/Middleware/TransformsRequest.php(21): Illuminate/Pipeline/Pipeline->{closure:Illuminate/Pipeline/Pipeline::prepareDestination():178}(Object(Illuminate/Http/Request))
#32 C:/Users/aleja/OneDrive/Escritorio/dwes05-te-2526-avillastrigo/vendor/laravel/framework/src/Illuminate/Foundation/Http/Middleware/ConvertEmptyStringsToNull.php(31): Illuminate/Foundation/Http/Middleware/TransformsRequest->handle(Object(Illuminate/Http/Request), Object(Closure))
#33 C:/Users/aleja/OneDrive/Escritorio/dwes05-te-2526-avillastrigo/vendor/laravel/framework/src/Illuminate/Pipeline/Pipeline.php(219): Illuminate/Foundation/Http/Middleware/ConvertEmptyStringsToNull->handle(Object(Illuminate/Http/Request), Object(Closure))
#34 C:/Users/aleja/OneDrive/Escritorio/dwes05-te-2526-avillastrigo/vendor/laravel/framework/src/Illuminate/Foundation/Http/Middleware/TransformsRequest.php(21): Illuminate/Pipeline/Pipeline->{closure:{closure:Illuminate/Pipeline/Pipeline::carry():194}:195}(Object(Illuminate/Http/Request))
#35 C:/Users/aleja/OneDrive/Escritorio/dwes05-te-2526-avillastrigo/vendor/laravel/framework/src/Illuminate/Foundation/Http/Middleware/TrimStrings.php(51): Illuminate/Foundation/Http/Middleware/TransformsRequest->handle(Object(Illuminate/Http/Request), Object(Closure))
#36 C:/Users/aleja/OneDrive/Escritorio/dwes05-te-2526-avillastrigo/vendor/laravel/framework/src/Illuminate/Pipeline/Pipeline.php(219): Illuminate/Foundation/Http/Middleware/TrimStrings->handle(Object(Illuminate/Http/Request), Object(Closure))
#37 C:/Users/aleja/OneDrive/Escritorio/dwes05-te-2526-avillastrigo/vendor/laravel/framework/src/Illuminate/Http/Middleware/ValidatePostSize.php(27): Illuminate/Pipeline/Pipeline->{closure:{closure:Illuminate/Pipeline/Pipeline::carry():194}:195}(Object(Illuminate/Http/Request))
#38 C:/Users/aleja/OneDrive/Escritorio/dwes05-te-2526-avillastrigo/vendor/laravel/framework/src/Illuminate/Pipeline/Pipeline.php(219): Illuminate/Http/Middleware/ValidatePostSize->handle(Object(Illuminate/Http/Request), Object(Closure))
#39 C:/Users/aleja/OneDrive/Escritorio/dwes05-te-2526-avillastrigo/vendor/laravel/framework/src/Illuminate/Foundation/Http/Middleware/PreventRequestsDuringMaintenance.php(109): Illuminate/Pipeline/Pipeline->{closure:{closure:Illuminate/Pipeline/Pipeline::carry():194}:195}(Object(Illuminate/Http/Request))
#40 C:/Users/aleja/OneDrive/Escritorio/dwes05-te-2526-avillastrigo/vendor/laravel/framework/src/Illuminate/Pipeline/Pipeline.php(219): Illuminate/Foundation/Http/Middleware/PreventRequestsDuringMaintenance->handle(Object(Illuminate/Http/Request), Object(Closure))
#41 C:/Users/aleja/OneDrive/Escritorio/dwes05-te-2526-avillastrigo/vendor/laravel/framework/src/Illuminate/Http/Middleware/HandleCors.php(74): Illuminate/Pipeline/Pipeline->{closure:{closure:Illuminate/Pipeline/Pipeline::carry():194}:195}(Object(Illuminate/Http/Request))
#42 C:/Users/aleja/OneDrive/Escritorio/dwes05-te-2526-avillastrigo/vendor/laravel/framework/src/Illuminate/Pipeline/Pipeline.php(219): Illuminate/Http/Middleware/HandleCors->handle(Object(Illuminate/Http/Request), Object(Closure))
#43 C:/Users/aleja/OneDrive/Escritorio/dwes05-te-2526-avillastrigo/vendor/laravel/framework/src/Illuminate/Http/Middleware/TrustProxies.php(58): Illuminate/Pipeline/Pipeline->{closure:{closure:Illuminate/Pipeline/Pipeline::carry():194}:195}(Object(Illuminate/Http/Request))
#44 C:/Users/aleja/OneDrive/Escritorio/dwes05-te-2526-avillastrigo/vendor/laravel/framework/src/Illuminate/Pipeline/Pipeline.php(219): Illuminate/Http/Middleware/TrustProxies->handle(Object(Illuminate/Http/Request), Object(Closure))
#45 C:/Users/aleja/OneDrive/Escritorio/dwes05-te-2526-avillastrigo/vendor/laravel/framework/src/Illuminate/Foundation/Http/Middleware/InvokeDeferredCallbacks.php(22): Illuminate/Pipeline/Pipeline->{closure:{closure:Illuminate/Pipeline/Pipeline::carry():194}:195}(Object(Illuminate/Http/Request))
#46 C:/Users/aleja/OneDrive/Escritorio/dwes05-te-2526-avillastrigo/vendor/laravel/framework/src/Illuminate/Pipeline/Pipeline.php(219): Illuminate/Foundation/Http/Middleware/InvokeDeferredCallbacks->handle(Object(Illuminate/Http/Request), Object(Closure))
#47 C:/Users/aleja/OneDrive/Escritorio/dwes05-te-2526-avillastrigo/vendor/laravel/framework/src/Illuminate/Http/Middleware/ValidatePathEncoding.php(28): Illuminate/Pipeline/Pipeline->{closure:{closure:Illuminate/Pipeline/Pipeline::carry():194}:195}(Object(Illuminate/Http/Request))
#48 C:/Users/aleja/OneDrive/Escritorio/dwes05-te-2526-avillastrigo/vendor/laravel/framework/src/Illuminate/Pipeline/Pipeline.php(219): Illuminate/Http/Middleware/ValidatePathEncoding->handle(Object(Illuminate/Http/Request), Object(Closure))
#49 C:/Users/aleja/OneDrive/Escritorio/dwes05-te-2526-avillastrigo/vendor/laravel/framework/src/Illuminate/Pipeline/Pipeline.php(137): Illuminate/Pipeline/Pipeline->{closure:{closure:Illuminate/Pipeline/Pipeline::carry():194}:195}(Object(Illuminate/Http/Request))
#50 C:/Users/aleja/OneDrive/Escritorio/dwes05-te-2526-avillastrigo/vendor/laravel/framework/src/Illuminate/Foundation/Http/Kernel.php(175): Illuminate/Pipeline/Pipeline->then(Object(Closure))
#51 C:/Users/aleja/OneDrive/Escritorio/dwes05-te-2526-avillastrigo/vendor/laravel/framework/src/Illuminate/Foundation/Http/Kernel.php(144): Illuminate/Foundation/Http/Kernel->sendRequestThroughRouter(Object(Illuminate/Http/Request))
#52 C:/Users/aleja/OneDrive/Escritorio/dwes05-te-2526-avillastrigo/vendor/laravel/framework/src/Illuminate/Foundation/Application.php(1220): Illuminate/Foundation/Http/Kernel->handle(Object(Illuminate/Http/Request))
#53 C:/Users/aleja/OneDrive/Escritorio/dwes05-te-2526-avillastrigo/public/index.php(20): Illuminate/Foundation/Application->handleRequest(Object(Illuminate/Http/Request))
#54 C:/Users/aleja/OneDrive/Escritorio/dwes05-te-2526-avillastrigo/vendor/laravel/framework/src/Illuminate/Foundation/resources/server.php(23): require_once('C://Users//aleja//...')
#55 {main}
"} 
[2026-03-27 15:59:47] local.ERROR: SQLSTATE[23000]: Integrity constraint violation: 1452 Cannot add or update a child row: a foreign key constraint fails (`dwes_tarea5`.`reservations`, CONSTRAINT `reservations_gym_class_id_foreign` FOREIGN KEY (`gym_class_id`) REFERENCES `gym_classes` (`id`) ON DELETE CASCADE) (Connection: mysql, Host: 127.0.0.1, Port: 3306, Database: dwes_tarea5, SQL: insert into `reservations` (`usuario`, `gym_class_id`, `fecha`, `updated_at`, `created_at`) values (Nacho, 3, 2026-03-31, 2026-03-27 15:59:47, 2026-03-27 15:59:47)) {"exception":"[object] (Illuminate\\Database\\QueryException(code: 23000): SQLSTATE[23000]: Integrity constraint violation: 1452 Cannot add or update a child row: a foreign key constraint fails (`dwes_tarea5`.`reservations`, CONSTRAINT `reservations_gym_class_id_foreign` FOREIGN KEY (`gym_class_id`) REFERENCES `gym_classes` (`id`) ON DELETE CASCADE) (Connection: mysql, Host: 127.0.0.1, Port: 3306, Database: dwes_tarea5, SQL: insert into `reservations` (`usuario`, `gym_class_id`, `fecha`, `updated_at`, `created_at`) values (Nacho, 3, 2026-03-31, 2026-03-27 15:59:47, 2026-03-27 15:59:47)) at C:/Users/aleja/OneDrive/Escritorio/dwes05-te-2526-avillastrigo/vendor/laravel/framework/src/Illuminate/Database/Connection.php:841)
[stacktrace]
#0 C:/Users/aleja/OneDrive/Escritorio/dwes05-te-2526-avillastrigo/vendor/laravel/framework/src/Illuminate/Database/Connection.php(797): Illuminate/Database/Connection->runQueryCallback('insert into `re...', Array, Object(Closure))
#1 C:/Users/aleja/OneDrive/Escritorio/dwes05-te-2526-avillastrigo/vendor/laravel/framework/src/Illuminate/Database/MySqlConnection.php(42): Illuminate/Database/Connection->run('insert into `re...', Array, Object(Closure))
#2 C:/Users/aleja/OneDrive/Escritorio/dwes05-te-2526-avillastrigo/vendor/laravel/framework/src/Illuminate/Database/Query/Processors/MySqlProcessor.php(35): Illuminate/Database/MySqlConnection->insert('insert into `re...', Array, 'id')
#3 C:/Users/aleja/OneDrive/Escritorio/dwes05-te-2526-avillastrigo/vendor/laravel/framework/src/Illuminate/Database/Query/Builder.php(4246): Illuminate/Database/Query/Processors/MySqlProcessor->processInsertGetId(Object(Illuminate/Database/Query/Builder), 'insert into `re...', Array, 'id')
#4 C:/Users/aleja/OneDrive/Escritorio/dwes05-te-2526-avillastrigo/vendor/laravel/framework/src/Illuminate/Database/Eloquent/Builder.php(2242): Illuminate/Database/Query/Builder->insertGetId(Array, 'id')
#5 C:/Users/aleja/OneDrive/Escritorio/dwes05-te-2526-avillastrigo/vendor/laravel/framework/src/Illuminate/Database/Eloquent/Model.php(1580): Illuminate/Database/Eloquent/Builder->__call('insertGetId', Array)
#6 C:/Users/aleja/OneDrive/Escritorio/dwes05-te-2526-avillastrigo/vendor/laravel/framework/src/Illuminate/Database/Eloquent/Model.php(1496): Illuminate/Database/Eloquent/Model->insertAndSetId(Object(Illuminate/Database/Eloquent/Builder), Array)
#7 C:/Users/aleja/OneDrive/Escritorio/dwes05-te-2526-avillastrigo/vendor/laravel/framework/src/Illuminate/Database/Eloquent/Model.php(1300): Illuminate/Database/Eloquent/Model->performInsert(Object(Illuminate/Database/Eloquent/Builder))
#8 C:/Users/aleja/OneDrive/Escritorio/dwes05-te-2526-avillastrigo/vendor/laravel/framework/src/Illuminate/Database/Eloquent/Builder.php(1224): Illuminate/Database/Eloquent/Model->save()
#9 C:/Users/aleja/OneDrive/Escritorio/dwes05-te-2526-avillastrigo/vendor/laravel/framework/src/Illuminate/Support/helpers.php(393): Illuminate/Database/Eloquent/Builder->{closure:Illuminate/Database/Eloquent/Builder::create():1223}(Object(App/Models/Reservation))
#10 C:/Users/aleja/OneDrive/Escritorio/dwes05-te-2526-avillastrigo/vendor/laravel/framework/src/Illuminate/Database/Eloquent/Builder.php(1223): tap(Object(App/Models/Reservation), Object(Closure))
#11 C:/Users/aleja/OneDrive/Escritorio/dwes05-te-2526-avillastrigo/vendor/laravel/framework/src/Illuminate/Support/Traits/ForwardsCalls.php(23): Illuminate/Database/Eloquent/Builder->create(Array)
#12 C:/Users/aleja/OneDrive/Escritorio/dwes05-te-2526-avillastrigo/vendor/laravel/framework/src/Illuminate/Database/Eloquent/Model.php(2723): Illuminate/Database/Eloquent/Model->forwardCallTo(Object(Illuminate/Database/Eloquent/Builder), 'create', Array)
#13 C:/Users/aleja/OneDrive/Escritorio/dwes05-te-2526-avillastrigo/vendor/laravel/framework/src/Illuminate/Database/Eloquent/Model.php(2739): Illuminate/Database/Eloquent/Model->__call('create', Array)
#14 C:/Users/aleja/OneDrive/Escritorio/dwes05-te-2526-avillastrigo/app/Http/Controllers/ReservationController.php(39): Illuminate/Database/Eloquent/Model::__callStatic('create', Array)
#15 C:/Users/aleja/OneDrive/Escritorio/dwes05-te-2526-avillastrigo/vendor/laravel/framework/src/Illuminate/Routing/ControllerDispatcher.php(46): App/Http/Controllers/ReservationController->store(Object(Illuminate/Http/Request))
#16 C:/Users/aleja/OneDrive/Escritorio/dwes05-te-2526-avillastrigo/vendor/laravel/framework/src/Illuminate/Routing/Route.php(269): Illuminate/Routing/ControllerDispatcher->dispatch(Object(Illuminate/Routing/Route), Object(App/Http/Controllers/ReservationController), 'store')
#17 C:/Users/aleja/OneDrive/Escritorio/dwes05-te-2526-avillastrigo/vendor/laravel/framework/src/Illuminate/Routing/Route.php(215): Illuminate/Routing/Route->runController()
#18 C:/Users/aleja/OneDrive/Escritorio/dwes05-te-2526-avillastrigo/vendor/laravel/framework/src/Illuminate/Routing/Router.php(822): Illuminate/Routing/Route->run()
#19 C:/Users/aleja/OneDrive/Escritorio/dwes05-te-2526-avillastrigo/vendor/laravel/framework/src/Illuminate/Pipeline/Pipeline.php(180): Illuminate/Routing/Router->{closure:Illuminate/Routing/Router::runRouteWithinStack():821}(Object(Illuminate/Http/Request))
#20 C:/Users/aleja/OneDrive/Escritorio/dwes05-te-2526-avillastrigo/vendor/laravel/framework/src/Illuminate/Routing/Middleware/SubstituteBindings.php(52): Illuminate/Pipeline/Pipeline->{closure:Illuminate/Pipeline/Pipeline::prepareDestination():178}(Object(Illuminate/Http/Request))
#21 C:/Users/aleja/OneDrive/Escritorio/dwes05-te-2526-avillastrigo/vendor/laravel/framework/src/Illuminate/Pipeline/Pipeline.php(219): Illuminate/Routing/Middleware/SubstituteBindings->handle(Object(Illuminate/Http/Request), Object(Closure))
#22 C:/Users/aleja/OneDrive/Escritorio/dwes05-te-2526-avillastrigo/vendor/laravel/framework/src/Illuminate/Pipeline/Pipeline.php(137): Illuminate/Pipeline/Pipeline->{closure:{closure:Illuminate/Pipeline/Pipeline::carry():194}:195}(Object(Illuminate/Http/Request))
#23 C:/Users/aleja/OneDrive/Escritorio/dwes05-te-2526-avillastrigo/vendor/laravel/framework/src/Illuminate/Routing/Router.php(821): Illuminate/Pipeline/Pipeline->then(Object(Closure))
#24 C:/Users/aleja/OneDrive/Escritorio/dwes05-te-2526-avillastrigo/vendor/laravel/framework/src/Illuminate/Routing/Router.php(800): Illuminate/Routing/Router->runRouteWithinStack(Object(Illuminate/Routing/Route), Object(Illuminate/Http/Request))
#25 C:/Users/aleja/OneDrive/Escritorio/dwes05-te-2526-avillastrigo/vendor/laravel/framework/src/Illuminate/Routing/Router.php(764): Illuminate/Routing/Router->runRoute(Object(Illuminate/Http/Request), Object(Illuminate/Routing/Route))
#26 C:/Users/aleja/OneDrive/Escritorio/dwes05-te-2526-avillastrigo/vendor/laravel/framework/src/Illuminate/Routing/Router.php(753): Illuminate/Routing/Router->dispatchToRoute(Object(Illuminate/Http/Request))
#27 C:/Users/aleja/OneDrive/Escritorio/dwes05-te-2526-avillastrigo/vendor/laravel/framework/src/Illuminate/Foundation/Http/Kernel.php(200): Illuminate/Routing/Router->dispatch(Object(Illuminate/Http/Request))
#28 C:/Users/aleja/OneDrive/Escritorio/dwes05-te-2526-avillastrigo/vendor/laravel/framework/src/Illuminate/Pipeline/Pipeline.php(180): Illuminate/Foundation/Http/Kernel->{closure:Illuminate/Foundation/Http/Kernel::dispatchToRouter():197}(Object(Illuminate/Http/Request))
#29 C:/Users/aleja/OneDrive/Escritorio/dwes05-te-2526-avillastrigo/vendor/laravel/framework/src/Illuminate/Foundation/Http/Middleware/TransformsRequest.php(21): Illuminate/Pipeline/Pipeline->{closure:Illuminate/Pipeline/Pipeline::prepareDestination():178}(Object(Illuminate/Http/Request))
#30 C:/Users/aleja/OneDrive/Escritorio/dwes05-te-2526-avillastrigo/vendor/laravel/framework/src/Illuminate/Foundation/Http/Middleware/ConvertEmptyStringsToNull.php(31): Illuminate/Foundation/Http/Middleware/TransformsRequest->handle(Object(Illuminate/Http/Request), Object(Closure))
#31 C:/Users/aleja/OneDrive/Escritorio/dwes05-te-2526-avillastrigo/vendor/laravel/framework/src/Illuminate/Pipeline/Pipeline.php(219): Illuminate/Foundation/Http/Middleware/ConvertEmptyStringsToNull->handle(Object(Illuminate/Http/Request), Object(Closure))
#32 C:/Users/aleja/OneDrive/Escritorio/dwes05-te-2526-avillastrigo/vendor/laravel/framework/src/Illuminate/Foundation/Http/Middleware/TransformsRequest.php(21): Illuminate/Pipeline/Pipeline->{closure:{closure:Illuminate/Pipeline/Pipeline::carry():194}:195}(Object(Illuminate/Http/Request))
#33 C:/Users/aleja/OneDrive/Escritorio/dwes05-te-2526-avillastrigo/vendor/laravel/framework/src/Illuminate/Foundation/Http/Middleware/TrimStrings.php(51): Illuminate/Foundation/Http/Middleware/TransformsRequest->handle(Object(Illuminate/Http/Request), Object(Closure))
#34 C:/Users/aleja/OneDrive/Escritorio/dwes05-te-2526-avillastrigo/vendor/laravel/framework/src/Illuminate/Pipeline/Pipeline.php(219): Illuminate/Foundation/Http/Middleware/TrimStrings->handle(Object(Illuminate/Http/Request), Object(Closure))
#35 C:/Users/aleja/OneDrive/Escritorio/dwes05-te-2526-avillastrigo/vendor/laravel/framework/src/Illuminate/Http/Middleware/ValidatePostSize.php(27): Illuminate/Pipeline/Pipeline->{closure:{closure:Illuminate/Pipeline/Pipeline::carry():194}:195}(Object(Illuminate/Http/Request))
#36 C:/Users/aleja/OneDrive/Escritorio/dwes05-te-2526-avillastrigo/vendor/laravel/framework/src/Illuminate/Pipeline/Pipeline.php(219): Illuminate/Http/Middleware/ValidatePostSize->handle(Object(Illuminate/Http/Request), Object(Closure))
#37 C:/Users/aleja/OneDrive/Escritorio/dwes05-te-2526-avillastrigo/vendor/laravel/framework/src/Illuminate/Foundation/Http/Middleware/PreventRequestsDuringMaintenance.php(109): Illuminate/Pipeline/Pipeline->{closure:{closure:Illuminate/Pipeline/Pipeline::carry():194}:195}(Object(Illuminate/Http/Request))
#38 C:/Users/aleja/OneDrive/Escritorio/dwes05-te-2526-avillastrigo/vendor/laravel/framework/src/Illuminate/Pipeline/Pipeline.php(219): Illuminate/Foundation/Http/Middleware/PreventRequestsDuringMaintenance->handle(Object(Illuminate/Http/Request), Object(Closure))
#39 C:/Users/aleja/OneDrive/Escritorio/dwes05-te-2526-avillastrigo/vendor/laravel/framework/src/Illuminate/Http/Middleware/HandleCors.php(74): Illuminate/Pipeline/Pipeline->{closure:{closure:Illuminate/Pipeline/Pipeline::carry():194}:195}(Object(Illuminate/Http/Request))
#40 C:/Users/aleja/OneDrive/Escritorio/dwes05-te-2526-avillastrigo/vendor/laravel/framework/src/Illuminate/Pipeline/Pipeline.php(219): Illuminate/Http/Middleware/HandleCors->handle(Object(Illuminate/Http/Request), Object(Closure))
#41 C:/Users/aleja/OneDrive/Escritorio/dwes05-te-2526-avillastrigo/vendor/laravel/framework/src/Illuminate/Http/Middleware/TrustProxies.php(58): Illuminate/Pipeline/Pipeline->{closure:{closure:Illuminate/Pipeline/Pipeline::carry():194}:195}(Object(Illuminate/Http/Request))
#42 C:/Users/aleja/OneDrive/Escritorio/dwes05-te-2526-avillastrigo/vendor/laravel/framework/src/Illuminate/Pipeline/Pipeline.php(219): Illuminate/Http/Middleware/TrustProxies->handle(Object(Illuminate/Http/Request), Object(Closure))
#43 C:/Users/aleja/OneDrive/Escritorio/dwes05-te-2526-avillastrigo/vendor/laravel/framework/src/Illuminate/Foundation/Http/Middleware/InvokeDeferredCallbacks.php(22): Illuminate/Pipeline/Pipeline->{closure:{closure:Illuminate/Pipeline/Pipeline::carry():194}:195}(Object(Illuminate/Http/Request))
#44 C:/Users/aleja/OneDrive/Escritorio/dwes05-te-2526-avillastrigo/vendor/laravel/framework/src/Illuminate/Pipeline/Pipeline.php(219): Illuminate/Foundation/Http/Middleware/InvokeDeferredCallbacks->handle(Object(Illuminate/Http/Request), Object(Closure))
#45 C:/Users/aleja/OneDrive/Escritorio/dwes05-te-2526-avillastrigo/vendor/laravel/framework/src/Illuminate/Http/Middleware/ValidatePathEncoding.php(28): Illuminate/Pipeline/Pipeline->{closure:{closure:Illuminate/Pipeline/Pipeline::carry():194}:195}(Object(Illuminate/Http/Request))
#46 C:/Users/aleja/OneDrive/Escritorio/dwes05-te-2526-avillastrigo/vendor/laravel/framework/src/Illuminate/Pipeline/Pipeline.php(219): Illuminate/Http/Middleware/ValidatePathEncoding->handle(Object(Illuminate/Http/Request), Object(Closure))
#47 C:/Users/aleja/OneDrive/Escritorio/dwes05-te-2526-avillastrigo/vendor/laravel/framework/src/Illuminate/Pipeline/Pipeline.php(137): Illuminate/Pipeline/Pipeline->{closure:{closure:Illuminate/Pipeline/Pipeline::carry():194}:195}(Object(Illuminate/Http/Request))
#48 C:/Users/aleja/OneDrive/Escritorio/dwes05-te-2526-avillastrigo/vendor/laravel/framework/src/Illuminate/Foundation/Http/Kernel.php(175): Illuminate/Pipeline/Pipeline->then(Object(Closure))
#49 C:/Users/aleja/OneDrive/Escritorio/dwes05-te-2526-avillastrigo/vendor/laravel/framework/src/Illuminate/Foundation/Http/Kernel.php(144): Illuminate/Foundation/Http/Kernel->sendRequestThroughRouter(Object(Illuminate/Http/Request))
#50 C:/Users/aleja/OneDrive/Escritorio/dwes05-te-2526-avillastrigo/vendor/laravel/framework/src/Illuminate/Foundation/Application.php(1220): Illuminate/Foundation/Http/Kernel->handle(Object(Illuminate/Http/Request))
#51 C:/Users/aleja/OneDrive/Escritorio/dwes05-te-2526-avillastrigo/public/index.php(20): Illuminate/Foundation/Application->handleRequest(Object(Illuminate/Http/Request))
#52 C:/Users/aleja/OneDrive/Escritorio/dwes05-te-2526-avillastrigo/vendor/laravel/framework/src/Illuminate/Foundation/resources/server.php(23): require_once('C://Users//aleja//...')
#53 {main}

[previous exception] [object] (PDOException(code: 23000): SQLSTATE[23000]: Integrity constraint violation: 1452 Cannot add or update a child row: a foreign key constraint fails (`dwes_tarea5`.`reservations`, CONSTRAINT `reservations_gym_class_id_foreign` FOREIGN KEY (`gym_class_id`) REFERENCES `gym_classes` (`id`) ON DELETE CASCADE) at C:/Users/aleja/OneDrive/Escritorio/dwes05-te-2526-avillastrigo/vendor/laravel/framework/src/Illuminate/Database/MySqlConnection.php:53)
[stacktrace]
#0 C:/Users/aleja/OneDrive/Escritorio/dwes05-te-2526-avillastrigo/vendor/laravel/framework/src/Illuminate/Database/MySqlConnection.php(53): PDOStatement->execute()
#1 C:/Users/aleja/OneDrive/Escritorio/dwes05-te-2526-avillastrigo/vendor/laravel/framework/src/Illuminate/Database/Connection.php(830): Illuminate/Database/MySqlConnection->{closure:Illuminate/Database/MySqlConnection::insert():42}('insert into `re...', Array)
#2 C:/Users/aleja/OneDrive/Escritorio/dwes05-te-2526-avillastrigo/vendor/laravel/framework/src/Illuminate/Database/Connection.php(797): Illuminate/Database/Connection->runQueryCallback('insert into `re...', Array, Object(Closure))
#3 C:/Users/aleja/OneDrive/Escritorio/dwes05-te-2526-avillastrigo/vendor/laravel/framework/src/Illuminate/Database/MySqlConnection.php(42): Illuminate/Database/Connection->run('insert into `re...', Array, Object(Closure))
#4 C:/Users/aleja/OneDrive/Escritorio/dwes05-te-2526-avillastrigo/vendor/laravel/framework/src/Illuminate/Database/Query/Processors/MySqlProcessor.php(35): Illuminate/Database/MySqlConnection->insert('insert into `re...', Array, 'id')
#5 C:/Users/aleja/OneDrive/Escritorio/dwes05-te-2526-avillastrigo/vendor/laravel/framework/src/Illuminate/Database/Query/Builder.php(4246): Illuminate/Database/Query/Processors/MySqlProcessor->processInsertGetId(Object(Illuminate/Database/Query/Builder), 'insert into `re...', Array, 'id')
#6 C:/Users/aleja/OneDrive/Escritorio/dwes05-te-2526-avillastrigo/vendor/laravel/framework/src/Illuminate/Database/Eloquent/Builder.php(2242): Illuminate/Database/Query/Builder->insertGetId(Array, 'id')
#7 C:/Users/aleja/OneDrive/Escritorio/dwes05-te-2526-avillastrigo/vendor/laravel/framework/src/Illuminate/Database/Eloquent/Model.php(1580): Illuminate/Database/Eloquent/Builder->__call('insertGetId', Array)
#8 C:/Users/aleja/OneDrive/Escritorio/dwes05-te-2526-avillastrigo/vendor/laravel/framework/src/Illuminate/Database/Eloquent/Model.php(1496): Illuminate/Database/Eloquent/Model->insertAndSetId(Object(Illuminate/Database/Eloquent/Builder), Array)
#9 C:/Users/aleja/OneDrive/Escritorio/dwes05-te-2526-avillastrigo/vendor/laravel/framework/src/Illuminate/Database/Eloquent/Model.php(1300): Illuminate/Database/Eloquent/Model->performInsert(Object(Illuminate/Database/Eloquent/Builder))
#10 C:/Users/aleja/OneDrive/Escritorio/dwes05-te-2526-avillastrigo/vendor/laravel/framework/src/Illuminate/Database/Eloquent/Builder.php(1224): Illuminate/Database/Eloquent/Model->save()
#11 C:/Users/aleja/OneDrive/Escritorio/dwes05-te-2526-avillastrigo/vendor/laravel/framework/src/Illuminate/Support/helpers.php(393): Illuminate/Database/Eloquent/Builder->{closure:Illuminate/Database/Eloquent/Builder::create():1223}(Object(App/Models/Reservation))
#12 C:/Users/aleja/OneDrive/Escritorio/dwes05-te-2526-avillastrigo/vendor/laravel/framework/src/Illuminate/Database/Eloquent/Builder.php(1223): tap(Object(App/Models/Reservation), Object(Closure))
#13 C:/Users/aleja/OneDrive/Escritorio/dwes05-te-2526-avillastrigo/vendor/laravel/framework/src/Illuminate/Support/Traits/ForwardsCalls.php(23): Illuminate/Database/Eloquent/Builder->create(Array)
#14 C:/Users/aleja/OneDrive/Escritorio/dwes05-te-2526-avillastrigo/vendor/laravel/framework/src/Illuminate/Database/Eloquent/Model.php(2723): Illuminate/Database/Eloquent/Model->forwardCallTo(Object(Illuminate/Database/Eloquent/Builder), 'create', Array)
#15 C:/Users/aleja/OneDrive/Escritorio/dwes05-te-2526-avillastrigo/vendor/laravel/framework/src/Illuminate/Database/Eloquent/Model.php(2739): Illuminate/Database/Eloquent/Model->__call('create', Array)
#16 C:/Users/aleja/OneDrive/Escritorio/dwes05-te-2526-avillastrigo/app/Http/Controllers/ReservationController.php(39): Illuminate/Database/Eloquent/Model::__callStatic('create', Array)
#17 C:/Users/aleja/OneDrive/Escritorio/dwes05-te-2526-avillastrigo/vendor/laravel/framework/src/Illuminate/Routing/ControllerDispatcher.php(46): App/Http/Controllers/ReservationController->store(Object(Illuminate/Http/Request))
#18 C:/Users/aleja/OneDrive/Escritorio/dwes05-te-2526-avillastrigo/vendor/laravel/framework/src/Illuminate/Routing/Route.php(269): Illuminate/Routing/ControllerDispatcher->dispatch(Object(Illuminate/Routing/Route), Object(App/Http/Controllers/ReservationController), 'store')
#19 C:/Users/aleja/OneDrive/Escritorio/dwes05-te-2526-avillastrigo/vendor/laravel/framework/src/Illuminate/Routing/Route.php(215): Illuminate/Routing/Route->runController()
#20 C:/Users/aleja/OneDrive/Escritorio/dwes05-te-2526-avillastrigo/vendor/laravel/framework/src/Illuminate/Routing/Router.php(822): Illuminate/Routing/Route->run()
#21 C:/Users/aleja/OneDrive/Escritorio/dwes05-te-2526-avillastrigo/vendor/laravel/framework/src/Illuminate/Pipeline/Pipeline.php(180): Illuminate/Routing/Router->{closure:Illuminate/Routing/Router::runRouteWithinStack():821}(Object(Illuminate/Http/Request))
#22 C:/Users/aleja/OneDrive/Escritorio/dwes05-te-2526-avillastrigo/vendor/laravel/framework/src/Illuminate/Routing/Middleware/SubstituteBindings.php(52): Illuminate/Pipeline/Pipeline->{closure:Illuminate/Pipeline/Pipeline::prepareDestination():178}(Object(Illuminate/Http/Request))
#23 C:/Users/aleja/OneDrive/Escritorio/dwes05-te-2526-avillastrigo/vendor/laravel/framework/src/Illuminate/Pipeline/Pipeline.php(219): Illuminate/Routing/Middleware/SubstituteBindings->handle(Object(Illuminate/Http/Request), Object(Closure))
#24 C:/Users/aleja/OneDrive/Escritorio/dwes05-te-2526-avillastrigo/vendor/laravel/framework/src/Illuminate/Pipeline/Pipeline.php(137): Illuminate/Pipeline/Pipeline->{closure:{closure:Illuminate/Pipeline/Pipeline::carry():194}:195}(Object(Illuminate/Http/Request))
#25 C:/Users/aleja/OneDrive/Escritorio/dwes05-te-2526-avillastrigo/vendor/laravel/framework/src/Illuminate/Routing/Router.php(821): Illuminate/Pipeline/Pipeline->then(Object(Closure))
#26 C:/Users/aleja/OneDrive/Escritorio/dwes05-te-2526-avillastrigo/vendor/laravel/framework/src/Illuminate/Routing/Router.php(800): Illuminate/Routing/Router->runRouteWithinStack(Object(Illuminate/Routing/Route), Object(Illuminate/Http/Request))
#27 C:/Users/aleja/OneDrive/Escritorio/dwes05-te-2526-avillastrigo/vendor/laravel/framework/src/Illuminate/Routing/Router.php(764): Illuminate/Routing/Router->runRoute(Object(Illuminate/Http/Request), Object(Illuminate/Routing/Route))
#28 C:/Users/aleja/OneDrive/Escritorio/dwes05-te-2526-avillastrigo/vendor/laravel/framework/src/Illuminate/Routing/Router.php(753): Illuminate/Routing/Router->dispatchToRoute(Object(Illuminate/Http/Request))
#29 C:/Users/aleja/OneDrive/Escritorio/dwes05-te-2526-avillastrigo/vendor/laravel/framework/src/Illuminate/Foundation/Http/Kernel.php(200): Illuminate/Routing/Router->dispatch(Object(Illuminate/Http/Request))
#30 C:/Users/aleja/OneDrive/Escritorio/dwes05-te-2526-avillastrigo/vendor/laravel/framework/src/Illuminate/Pipeline/Pipeline.php(180): Illuminate/Foundation/Http/Kernel->{closure:Illuminate/Foundation/Http/Kernel::dispatchToRouter():197}(Object(Illuminate/Http/Request))
#31 C:/Users/aleja/OneDrive/Escritorio/dwes05-te-2526-avillastrigo/vendor/laravel/framework/src/Illuminate/Foundation/Http/Middleware/TransformsRequest.php(21): Illuminate/Pipeline/Pipeline->{closure:Illuminate/Pipeline/Pipeline::prepareDestination():178}(Object(Illuminate/Http/Request))
#32 C:/Users/aleja/OneDrive/Escritorio/dwes05-te-2526-avillastrigo/vendor/laravel/framework/src/Illuminate/Foundation/Http/Middleware/ConvertEmptyStringsToNull.php(31): Illuminate/Foundation/Http/Middleware/TransformsRequest->handle(Object(Illuminate/Http/Request), Object(Closure))
#33 C:/Users/aleja/OneDrive/Escritorio/dwes05-te-2526-avillastrigo/vendor/laravel/framework/src/Illuminate/Pipeline/Pipeline.php(219): Illuminate/Foundation/Http/Middleware/ConvertEmptyStringsToNull->handle(Object(Illuminate/Http/Request), Object(Closure))
#34 C:/Users/aleja/OneDrive/Escritorio/dwes05-te-2526-avillastrigo/vendor/laravel/framework/src/Illuminate/Foundation/Http/Middleware/TransformsRequest.php(21): Illuminate/Pipeline/Pipeline->{closure:{closure:Illuminate/Pipeline/Pipeline::carry():194}:195}(Object(Illuminate/Http/Request))
#35 C:/Users/aleja/OneDrive/Escritorio/dwes05-te-2526-avillastrigo/vendor/laravel/framework/src/Illuminate/Foundation/Http/Middleware/TrimStrings.php(51): Illuminate/Foundation/Http/Middleware/TransformsRequest->handle(Object(Illuminate/Http/Request), Object(Closure))
#36 C:/Users/aleja/OneDrive/Escritorio/dwes05-te-2526-avillastrigo/vendor/laravel/framework/src/Illuminate/Pipeline/Pipeline.php(219): Illuminate/Foundation/Http/Middleware/TrimStrings->handle(Object(Illuminate/Http/Request), Object(Closure))
#37 C:/Users/aleja/OneDrive/Escritorio/dwes05-te-2526-avillastrigo/vendor/laravel/framework/src/Illuminate/Http/Middleware/ValidatePostSize.php(27): Illuminate/Pipeline/Pipeline->{closure:{closure:Illuminate/Pipeline/Pipeline::carry():194}:195}(Object(Illuminate/Http/Request))
#38 C:/Users/aleja/OneDrive/Escritorio/dwes05-te-2526-avillastrigo/vendor/laravel/framework/src/Illuminate/Pipeline/Pipeline.php(219): Illuminate/Http/Middleware/ValidatePostSize->handle(Object(Illuminate/Http/Request), Object(Closure))
#39 C:/Users/aleja/OneDrive/Escritorio/dwes05-te-2526-avillastrigo/vendor/laravel/framework/src/Illuminate/Foundation/Http/Middleware/PreventRequestsDuringMaintenance.php(109): Illuminate/Pipeline/Pipeline->{closure:{closure:Illuminate/Pipeline/Pipeline::carry():194}:195}(Object(Illuminate/Http/Request))
#40 C:/Users/aleja/OneDrive/Escritorio/dwes05-te-2526-avillastrigo/vendor/laravel/framework/src/Illuminate/Pipeline/Pipeline.php(219): Illuminate/Foundation/Http/Middleware/PreventRequestsDuringMaintenance->handle(Object(Illuminate/Http/Request), Object(Closure))
#41 C:/Users/aleja/OneDrive/Escritorio/dwes05-te-2526-avillastrigo/vendor/laravel/framework/src/Illuminate/Http/Middleware/HandleCors.php(74): Illuminate/Pipeline/Pipeline->{closure:{closure:Illuminate/Pipeline/Pipeline::carry():194}:195}(Object(Illuminate/Http/Request))
#42 C:/Users/aleja/OneDrive/Escritorio/dwes05-te-2526-avillastrigo/vendor/laravel/framework/src/Illuminate/Pipeline/Pipeline.php(219): Illuminate/Http/Middleware/HandleCors->handle(Object(Illuminate/Http/Request), Object(Closure))
#43 C:/Users/aleja/OneDrive/Escritorio/dwes05-te-2526-avillastrigo/vendor/laravel/framework/src/Illuminate/Http/Middleware/TrustProxies.php(58): Illuminate/Pipeline/Pipeline->{closure:{closure:Illuminate/Pipeline/Pipeline::carry():194}:195}(Object(Illuminate/Http/Request))
#44 C:/Users/aleja/OneDrive/Escritorio/dwes05-te-2526-avillastrigo/vendor/laravel/framework/src/Illuminate/Pipeline/Pipeline.php(219): Illuminate/Http/Middleware/TrustProxies->handle(Object(Illuminate/Http/Request), Object(Closure))
#45 C:/Users/aleja/OneDrive/Escritorio/dwes05-te-2526-avillastrigo/vendor/laravel/framework/src/Illuminate/Foundation/Http/Middleware/InvokeDeferredCallbacks.php(22): Illuminate/Pipeline/Pipeline->{closure:{closure:Illuminate/Pipeline/Pipeline::carry():194}:195}(Object(Illuminate/Http/Request))
#46 C:/Users/aleja/OneDrive/Escritorio/dwes05-te-2526-avillastrigo/vendor/laravel/framework/src/Illuminate/Pipeline/Pipeline.php(219): Illuminate/Foundation/Http/Middleware/InvokeDeferredCallbacks->handle(Object(Illuminate/Http/Request), Object(Closure))
#47 C:/Users/aleja/OneDrive/Escritorio/dwes05-te-2526-avillastrigo/vendor/laravel/framework/src/Illuminate/Http/Middleware/ValidatePathEncoding.php(28): Illuminate/Pipeline/Pipeline->{closure:{closure:Illuminate/Pipeline/Pipeline::carry():194}:195}(Object(Illuminate/Http/Request))
#48 C:/Users/aleja/OneDrive/Escritorio/dwes05-te-2526-avillastrigo/vendor/laravel/framework/src/Illuminate/Pipeline/Pipeline.php(219): Illuminate/Http/Middleware/ValidatePathEncoding->handle(Object(Illuminate/Http/Request), Object(Closure))
#49 C:/Users/aleja/OneDrive/Escritorio/dwes05-te-2526-avillastrigo/vendor/laravel/framework/src/Illuminate/Pipeline/Pipeline.php(137): Illuminate/Pipeline/Pipeline->{closure:{closure:Illuminate/Pipeline/Pipeline::carry():194}:195}(Object(Illuminate/Http/Request))
#50 C:/Users/aleja/OneDrive/Escritorio/dwes05-te-2526-avillastrigo/vendor/laravel/framework/src/Illuminate/Foundation/Http/Kernel.php(175): Illuminate/Pipeline/Pipeline->then(Object(Closure))
#51 C:/Users/aleja/OneDrive/Escritorio/dwes05-te-2526-avillastrigo/vendor/laravel/framework/src/Illuminate/Foundation/Http/Kernel.php(144): Illuminate/Foundation/Http/Kernel->sendRequestThroughRouter(Object(Illuminate/Http/Request))
#52 C:/Users/aleja/OneDrive/Escritorio/dwes05-te-2526-avillastrigo/vendor/laravel/framework/src/Illuminate/Foundation/Application.php(1220): Illuminate/Foundation/Http/Kernel->handle(Object(Illuminate/Http/Request))
#53 C:/Users/aleja/OneDrive/Escritorio/dwes05-te-2526-avillastrigo/public/index.php(20): Illuminate/Foundation/Application->handleRequest(Object(Illuminate/Http/Request))
#54 C:/Users/aleja/OneDrive/Escritorio/dwes05-te-2526-avillastrigo/vendor/laravel/framework/src/Illuminate/Foundation/resources/server.php(23): require_once('C://Users//aleja//...')
#55 {main}
"} 
[2026-03-27 15:59:47] local.ERROR: SQLSTATE[23000]: Integrity constraint violation: 1452 Cannot add or update a child row: a foreign key constraint fails (`dwes_tarea5`.`reservations`, CONSTRAINT `reservations_gym_class_id_foreign` FOREIGN KEY (`gym_class_id`) REFERENCES `gym_classes` (`id`) ON DELETE CASCADE) (Connection: mysql, Host: 127.0.0.1, Port: 3306, Database: dwes_tarea5, SQL: insert into `reservations` (`usuario`, `gym_class_id`, `fecha`, `updated_at`, `created_at`) values (Fallo, 999, 2026-03-27, 2026-03-27 15:59:47, 2026-03-27 15:59:47)) {"exception":"[object] (Illuminate\\Database\\QueryException(code: 23000): SQLSTATE[23000]: Integrity constraint violation: 1452 Cannot add or update a child row: a foreign key constraint fails (`dwes_tarea5`.`reservations`, CONSTRAINT `reservations_gym_class_id_foreign` FOREIGN KEY (`gym_class_id`) REFERENCES `gym_classes` (`id`) ON DELETE CASCADE) (Connection: mysql, Host: 127.0.0.1, Port: 3306, Database: dwes_tarea5, SQL: insert into `reservations` (`usuario`, `gym_class_id`, `fecha`, `updated_at`, `created_at`) values (Fallo, 999, 2026-03-27, 2026-03-27 15:59:47, 2026-03-27 15:59:47)) at C:/Users/aleja/OneDrive/Escritorio/dwes05-te-2526-avillastrigo/vendor/laravel/framework/src/Illuminate/Database/Connection.php:841)
[stacktrace]
#0 C:/Users/aleja/OneDrive/Escritorio/dwes05-te-2526-avillastrigo/vendor/laravel/framework/src/Illuminate/Database/Connection.php(797): Illuminate/Database/Connection->runQueryCallback('insert into `re...', Array, Object(Closure))
#1 C:/Users/aleja/OneDrive/Escritorio/dwes05-te-2526-avillastrigo/vendor/laravel/framework/src/Illuminate/Database/MySqlConnection.php(42): Illuminate/Database/Connection->run('insert into `re...', Array, Object(Closure))
#2 C:/Users/aleja/OneDrive/Escritorio/dwes05-te-2526-avillastrigo/vendor/laravel/framework/src/Illuminate/Database/Query/Processors/MySqlProcessor.php(35): Illuminate/Database/MySqlConnection->insert('insert into `re...', Array, 'id')
#3 C:/Users/aleja/OneDrive/Escritorio/dwes05-te-2526-avillastrigo/vendor/laravel/framework/src/Illuminate/Database/Query/Builder.php(4246): Illuminate/Database/Query/Processors/MySqlProcessor->processInsertGetId(Object(Illuminate/Database/Query/Builder), 'insert into `re...', Array, 'id')
#4 C:/Users/aleja/OneDrive/Escritorio/dwes05-te-2526-avillastrigo/vendor/laravel/framework/src/Illuminate/Database/Eloquent/Builder.php(2242): Illuminate/Database/Query/Builder->insertGetId(Array, 'id')
#5 C:/Users/aleja/OneDrive/Escritorio/dwes05-te-2526-avillastrigo/vendor/laravel/framework/src/Illuminate/Database/Eloquent/Model.php(1580): Illuminate/Database/Eloquent/Builder->__call('insertGetId', Array)
#6 C:/Users/aleja/OneDrive/Escritorio/dwes05-te-2526-avillastrigo/vendor/laravel/framework/src/Illuminate/Database/Eloquent/Model.php(1496): Illuminate/Database/Eloquent/Model->insertAndSetId(Object(Illuminate/Database/Eloquent/Builder), Array)
#7 C:/Users/aleja/OneDrive/Escritorio/dwes05-te-2526-avillastrigo/vendor/laravel/framework/src/Illuminate/Database/Eloquent/Model.php(1300): Illuminate/Database/Eloquent/Model->performInsert(Object(Illuminate/Database/Eloquent/Builder))
#8 C:/Users/aleja/OneDrive/Escritorio/dwes05-te-2526-avillastrigo/vendor/laravel/framework/src/Illuminate/Database/Eloquent/Builder.php(1224): Illuminate/Database/Eloquent/Model->save()
#9 C:/Users/aleja/OneDrive/Escritorio/dwes05-te-2526-avillastrigo/vendor/laravel/framework/src/Illuminate/Support/helpers.php(393): Illuminate/Database/Eloquent/Builder->{closure:Illuminate/Database/Eloquent/Builder::create():1223}(Object(App/Models/Reservation))
#10 C:/Users/aleja/OneDrive/Escritorio/dwes05-te-2526-avillastrigo/vendor/laravel/framework/src/Illuminate/Database/Eloquent/Builder.php(1223): tap(Object(App/Models/Reservation), Object(Closure))
#11 C:/Users/aleja/OneDrive/Escritorio/dwes05-te-2526-avillastrigo/vendor/laravel/framework/src/Illuminate/Support/Traits/ForwardsCalls.php(23): Illuminate/Database/Eloquent/Builder->create(Array)
#12 C:/Users/aleja/OneDrive/Escritorio/dwes05-te-2526-avillastrigo/vendor/laravel/framework/src/Illuminate/Database/Eloquent/Model.php(2723): Illuminate/Database/Eloquent/Model->forwardCallTo(Object(Illuminate/Database/Eloquent/Builder), 'create', Array)
#13 C:/Users/aleja/OneDrive/Escritorio/dwes05-te-2526-avillastrigo/vendor/laravel/framework/src/Illuminate/Database/Eloquent/Model.php(2739): Illuminate/Database/Eloquent/Model->__call('create', Array)
#14 C:/Users/aleja/OneDrive/Escritorio/dwes05-te-2526-avillastrigo/app/Http/Controllers/ReservationController.php(39): Illuminate/Database/Eloquent/Model::__callStatic('create', Array)
#15 C:/Users/aleja/OneDrive/Escritorio/dwes05-te-2526-avillastrigo/vendor/laravel/framework/src/Illuminate/Routing/ControllerDispatcher.php(46): App/Http/Controllers/ReservationController->store(Object(Illuminate/Http/Request))
#16 C:/Users/aleja/OneDrive/Escritorio/dwes05-te-2526-avillastrigo/vendor/laravel/framework/src/Illuminate/Routing/Route.php(269): Illuminate/Routing/ControllerDispatcher->dispatch(Object(Illuminate/Routing/Route), Object(App/Http/Controllers/ReservationController), 'store')
#17 C:/Users/aleja/OneDrive/Escritorio/dwes05-te-2526-avillastrigo/vendor/laravel/framework/src/Illuminate/Routing/Route.php(215): Illuminate/Routing/Route->runController()
#18 C:/Users/aleja/OneDrive/Escritorio/dwes05-te-2526-avillastrigo/vendor/laravel/framework/src/Illuminate/Routing/Router.php(822): Illuminate/Routing/Route->run()
#19 C:/Users/aleja/OneDrive/Escritorio/dwes05-te-2526-avillastrigo/vendor/laravel/framework/src/Illuminate/Pipeline/Pipeline.php(180): Illuminate/Routing/Router->{closure:Illuminate/Routing/Router::runRouteWithinStack():821}(Object(Illuminate/Http/Request))
#20 C:/Users/aleja/OneDrive/Escritorio/dwes05-te-2526-avillastrigo/vendor/laravel/framework/src/Illuminate/Routing/Middleware/SubstituteBindings.php(52): Illuminate/Pipeline/Pipeline->{closure:Illuminate/Pipeline/Pipeline::prepareDestination():178}(Object(Illuminate/Http/Request))
#21 C:/Users/aleja/OneDrive/Escritorio/dwes05-te-2526-avillastrigo/vendor/laravel/framework/src/Illuminate/Pipeline/Pipeline.php(219): Illuminate/Routing/Middleware/SubstituteBindings->handle(Object(Illuminate/Http/Request), Object(Closure))
#22 C:/Users/aleja/OneDrive/Escritorio/dwes05-te-2526-avillastrigo/vendor/laravel/framework/src/Illuminate/Pipeline/Pipeline.php(137): Illuminate/Pipeline/Pipeline->{closure:{closure:Illuminate/Pipeline/Pipeline::carry():194}:195}(Object(Illuminate/Http/Request))
#23 C:/Users/aleja/OneDrive/Escritorio/dwes05-te-2526-avillastrigo/vendor/laravel/framework/src/Illuminate/Routing/Router.php(821): Illuminate/Pipeline/Pipeline->then(Object(Closure))
#24 C:/Users/aleja/OneDrive/Escritorio/dwes05-te-2526-avillastrigo/vendor/laravel/framework/src/Illuminate/Routing/Router.php(800): Illuminate/Routing/Router->runRouteWithinStack(Object(Illuminate/Routing/Route), Object(Illuminate/Http/Request))
#25 C:/Users/aleja/OneDrive/Escritorio/dwes05-te-2526-avillastrigo/vendor/laravel/framework/src/Illuminate/Routing/Router.php(764): Illuminate/Routing/Router->runRoute(Object(Illuminate/Http/Request), Object(Illuminate/Routing/Route))
#26 C:/Users/aleja/OneDrive/Escritorio/dwes05-te-2526-avillastrigo/vendor/laravel/framework/src/Illuminate/Routing/Router.php(753): Illuminate/Routing/Router->dispatchToRoute(Object(Illuminate/Http/Request))
#27 C:/Users/aleja/OneDrive/Escritorio/dwes05-te-2526-avillastrigo/vendor/laravel/framework/src/Illuminate/Foundation/Http/Kernel.php(200): Illuminate/Routing/Router->dispatch(Object(Illuminate/Http/Request))
#28 C:/Users/aleja/OneDrive/Escritorio/dwes05-te-2526-avillastrigo/vendor/laravel/framework/src/Illuminate/Pipeline/Pipeline.php(180): Illuminate/Foundation/Http/Kernel->{closure:Illuminate/Foundation/Http/Kernel::dispatchToRouter():197}(Object(Illuminate/Http/Request))
#29 C:/Users/aleja/OneDrive/Escritorio/dwes05-te-2526-avillastrigo/vendor/laravel/framework/src/Illuminate/Foundation/Http/Middleware/TransformsRequest.php(21): Illuminate/Pipeline/Pipeline->{closure:Illuminate/Pipeline/Pipeline::prepareDestination():178}(Object(Illuminate/Http/Request))
#30 C:/Users/aleja/OneDrive/Escritorio/dwes05-te-2526-avillastrigo/vendor/laravel/framework/src/Illuminate/Foundation/Http/Middleware/ConvertEmptyStringsToNull.php(31): Illuminate/Foundation/Http/Middleware/TransformsRequest->handle(Object(Illuminate/Http/Request), Object(Closure))
#31 C:/Users/aleja/OneDrive/Escritorio/dwes05-te-2526-avillastrigo/vendor/laravel/framework/src/Illuminate/Pipeline/Pipeline.php(219): Illuminate/Foundation/Http/Middleware/ConvertEmptyStringsToNull->handle(Object(Illuminate/Http/Request), Object(Closure))
#32 C:/Users/aleja/OneDrive/Escritorio/dwes05-te-2526-avillastrigo/vendor/laravel/framework/src/Illuminate/Foundation/Http/Middleware/TransformsRequest.php(21): Illuminate/Pipeline/Pipeline->{closure:{closure:Illuminate/Pipeline/Pipeline::carry():194}:195}(Object(Illuminate/Http/Request))
#33 C:/Users/aleja/OneDrive/Escritorio/dwes05-te-2526-avillastrigo/vendor/laravel/framework/src/Illuminate/Foundation/Http/Middleware/TrimStrings.php(51): Illuminate/Foundation/Http/Middleware/TransformsRequest->handle(Object(Illuminate/Http/Request), Object(Closure))
#34 C:/Users/aleja/OneDrive/Escritorio/dwes05-te-2526-avillastrigo/vendor/laravel/framework/src/Illuminate/Pipeline/Pipeline.php(219): Illuminate/Foundation/Http/Middleware/TrimStrings->handle(Object(Illuminate/Http/Request), Object(Closure))
#35 C:/Users/aleja/OneDrive/Escritorio/dwes05-te-2526-avillastrigo/vendor/laravel/framework/src/Illuminate/Http/Middleware/ValidatePostSize.php(27): Illuminate/Pipeline/Pipeline->{closure:{closure:Illuminate/Pipeline/Pipeline::carry():194}:195}(Object(Illuminate/Http/Request))
#36 C:/Users/aleja/OneDrive/Escritorio/dwes05-te-2526-avillastrigo/vendor/laravel/framework/src/Illuminate/Pipeline/Pipeline.php(219): Illuminate/Http/Middleware/ValidatePostSize->handle(Object(Illuminate/Http/Request), Object(Closure))
#37 C:/Users/aleja/OneDrive/Escritorio/dwes05-te-2526-avillastrigo/vendor/laravel/framework/src/Illuminate/Foundation/Http/Middleware/PreventRequestsDuringMaintenance.php(109): Illuminate/Pipeline/Pipeline->{closure:{closure:Illuminate/Pipeline/Pipeline::carry():194}:195}(Object(Illuminate/Http/Request))
#38 C:/Users/aleja/OneDrive/Escritorio/dwes05-te-2526-avillastrigo/vendor/laravel/framework/src/Illuminate/Pipeline/Pipeline.php(219): Illuminate/Foundation/Http/Middleware/PreventRequestsDuringMaintenance->handle(Object(Illuminate/Http/Request), Object(Closure))
#39 C:/Users/aleja/OneDrive/Escritorio/dwes05-te-2526-avillastrigo/vendor/laravel/framework/src/Illuminate/Http/Middleware/HandleCors.php(74): Illuminate/Pipeline/Pipeline->{closure:{closure:Illuminate/Pipeline/Pipeline::carry():194}:195}(Object(Illuminate/Http/Request))
#40 C:/Users/aleja/OneDrive/Escritorio/dwes05-te-2526-avillastrigo/vendor/laravel/framework/src/Illuminate/Pipeline/Pipeline.php(219): Illuminate/Http/Middleware/HandleCors->handle(Object(Illuminate/Http/Request), Object(Closure))
#41 C:/Users/aleja/OneDrive/Escritorio/dwes05-te-2526-avillastrigo/vendor/laravel/framework/src/Illuminate/Http/Middleware/TrustProxies.php(58): Illuminate/Pipeline/Pipeline->{closure:{closure:Illuminate/Pipeline/Pipeline::carry():194}:195}(Object(Illuminate/Http/Request))
#42 C:/Users/aleja/OneDrive/Escritorio/dwes05-te-2526-avillastrigo/vendor/laravel/framework/src/Illuminate/Pipeline/Pipeline.php(219): Illuminate/Http/Middleware/TrustProxies->handle(Object(Illuminate/Http/Request), Object(Closure))
#43 C:/Users/aleja/OneDrive/Escritorio/dwes05-te-2526-avillastrigo/vendor/laravel/framework/src/Illuminate/Foundation/Http/Middleware/InvokeDeferredCallbacks.php(22): Illuminate/Pipeline/Pipeline->{closure:{closure:Illuminate/Pipeline/Pipeline::carry():194}:195}(Object(Illuminate/Http/Request))
#44 C:/Users/aleja/OneDrive/Escritorio/dwes05-te-2526-avillastrigo/vendor/laravel/framework/src/Illuminate/Pipeline/Pipeline.php(219): Illuminate/Foundation/Http/Middleware/InvokeDeferredCallbacks->handle(Object(Illuminate/Http/Request), Object(Closure))
#45 C:/Users/aleja/OneDrive/Escritorio/dwes05-te-2526-avillastrigo/vendor/laravel/framework/src/Illuminate/Http/Middleware/ValidatePathEncoding.php(28): Illuminate/Pipeline/Pipeline->{closure:{closure:Illuminate/Pipeline/Pipeline::carry():194}:195}(Object(Illuminate/Http/Request))
#46 C:/Users/aleja/OneDrive/Escritorio/dwes05-te-2526-avillastrigo/vendor/laravel/framework/src/Illuminate/Pipeline/Pipeline.php(219): Illuminate/Http/Middleware/ValidatePathEncoding->handle(Object(Illuminate/Http/Request), Object(Closure))
#47 C:/Users/aleja/OneDrive/Escritorio/dwes05-te-2526-avillastrigo/vendor/laravel/framework/src/Illuminate/Pipeline/Pipeline.php(137): Illuminate/Pipeline/Pipeline->{closure:{closure:Illuminate/Pipeline/Pipeline::carry():194}:195}(Object(Illuminate/Http/Request))
#48 C:/Users/aleja/OneDrive/Escritorio/dwes05-te-2526-avillastrigo/vendor/laravel/framework/src/Illuminate/Foundation/Http/Kernel.php(175): Illuminate/Pipeline/Pipeline->then(Object(Closure))
#49 C:/Users/aleja/OneDrive/Escritorio/dwes05-te-2526-avillastrigo/vendor/laravel/framework/src/Illuminate/Foundation/Http/Kernel.php(144): Illuminate/Foundation/Http/Kernel->sendRequestThroughRouter(Object(Illuminate/Http/Request))
#50 C:/Users/aleja/OneDrive/Escritorio/dwes05-te-2526-avillastrigo/vendor/laravel/framework/src/Illuminate/Foundation/Application.php(1220): Illuminate/Foundation/Http/Kernel->handle(Object(Illuminate/Http/Request))
#51 C:/Users/aleja/OneDrive/Escritorio/dwes05-te-2526-avillastrigo/public/index.php(20): Illuminate/Foundation/Application->handleRequest(Object(Illuminate/Http/Request))
#52 C:/Users/aleja/OneDrive/Escritorio/dwes05-te-2526-avillastrigo/vendor/laravel/framework/src/Illuminate/Foundation/resources/server.php(23): require_once('C://Users//aleja//...')
#53 {main}

[previous exception] [object] (PDOException(code: 23000): SQLSTATE[23000]: Integrity constraint violation: 1452 Cannot add or update a child row: a foreign key constraint fails (`dwes_tarea5`.`reservations`, CONSTRAINT `reservations_gym_class_id_foreign` FOREIGN KEY (`gym_class_id`) REFERENCES `gym_classes` (`id`) ON DELETE CASCADE) at C:/Users/aleja/OneDrive/Escritorio/dwes05-te-2526-avillastrigo/vendor/laravel/framework/src/Illuminate/Database/MySqlConnection.php:53)
[stacktrace]
#0 C:/Users/aleja/OneDrive/Escritorio/dwes05-te-2526-avillastrigo/vendor/laravel/framework/src/Illuminate/Database/MySqlConnection.php(53): PDOStatement->execute()
#1 C:/Users/aleja/OneDrive/Escritorio/dwes05-te-2526-avillastrigo/vendor/laravel/framework/src/Illuminate/Database/Connection.php(830): Illuminate/Database/MySqlConnection->{closure:Illuminate/Database/MySqlConnection::insert():42}('insert into `re...', Array)
#2 C:/Users/aleja/OneDrive/Escritorio/dwes05-te-2526-avillastrigo/vendor/laravel/framework/src/Illuminate/Database/Connection.php(797): Illuminate/Database/Connection->runQueryCallback('insert into `re...', Array, Object(Closure))
#3 C:/Users/aleja/OneDrive/Escritorio/dwes05-te-2526-avillastrigo/vendor/laravel/framework/src/Illuminate/Database/MySqlConnection.php(42): Illuminate/Database/Connection->run('insert into `re...', Array, Object(Closure))
#4 C:/Users/aleja/OneDrive/Escritorio/dwes05-te-2526-avillastrigo/vendor/laravel/framework/src/Illuminate/Database/Query/Processors/MySqlProcessor.php(35): Illuminate/Database/MySqlConnection->insert('insert into `re...', Array, 'id')
#5 C:/Users/aleja/OneDrive/Escritorio/dwes05-te-2526-avillastrigo/vendor/laravel/framework/src/Illuminate/Database/Query/Builder.php(4246): Illuminate/Database/Query/Processors/MySqlProcessor->processInsertGetId(Object(Illuminate/Database/Query/Builder), 'insert into `re...', Array, 'id')
#6 C:/Users/aleja/OneDrive/Escritorio/dwes05-te-2526-avillastrigo/vendor/laravel/framework/src/Illuminate/Database/Eloquent/Builder.php(2242): Illuminate/Database/Query/Builder->insertGetId(Array, 'id')
#7 C:/Users/aleja/OneDrive/Escritorio/dwes05-te-2526-avillastrigo/vendor/laravel/framework/src/Illuminate/Database/Eloquent/Model.php(1580): Illuminate/Database/Eloquent/Builder->__call('insertGetId', Array)
#8 C:/Users/aleja/OneDrive/Escritorio/dwes05-te-2526-avillastrigo/vendor/laravel/framework/src/Illuminate/Database/Eloquent/Model.php(1496): Illuminate/Database/Eloquent/Model->insertAndSetId(Object(Illuminate/Database/Eloquent/Builder), Array)
#9 C:/Users/aleja/OneDrive/Escritorio/dwes05-te-2526-avillastrigo/vendor/laravel/framework/src/Illuminate/Database/Eloquent/Model.php(1300): Illuminate/Database/Eloquent/Model->performInsert(Object(Illuminate/Database/Eloquent/Builder))
#10 C:/Users/aleja/OneDrive/Escritorio/dwes05-te-2526-avillastrigo/vendor/laravel/framework/src/Illuminate/Database/Eloquent/Builder.php(1224): Illuminate/Database/Eloquent/Model->save()
#11 C:/Users/aleja/OneDrive/Escritorio/dwes05-te-2526-avillastrigo/vendor/laravel/framework/src/Illuminate/Support/helpers.php(393): Illuminate/Database/Eloquent/Builder->{closure:Illuminate/Database/Eloquent/Builder::create():1223}(Object(App/Models/Reservation))
#12 C:/Users/aleja/OneDrive/Escritorio/dwes05-te-2526-avillastrigo/vendor/laravel/framework/src/Illuminate/Database/Eloquent/Builder.php(1223): tap(Object(App/Models/Reservation), Object(Closure))
#13 C:/Users/aleja/OneDrive/Escritorio/dwes05-te-2526-avillastrigo/vendor/laravel/framework/src/Illuminate/Support/Traits/ForwardsCalls.php(23): Illuminate/Database/Eloquent/Builder->create(Array)
#14 C:/Users/aleja/OneDrive/Escritorio/dwes05-te-2526-avillastrigo/vendor/laravel/framework/src/Illuminate/Database/Eloquent/Model.php(2723): Illuminate/Database/Eloquent/Model->forwardCallTo(Object(Illuminate/Database/Eloquent/Builder), 'create', Array)
#15 C:/Users/aleja/OneDrive/Escritorio/dwes05-te-2526-avillastrigo/vendor/laravel/framework/src/Illuminate/Database/Eloquent/Model.php(2739): Illuminate/Database/Eloquent/Model->__call('create', Array)
#16 C:/Users/aleja/OneDrive/Escritorio/dwes05-te-2526-avillastrigo/app/Http/Controllers/ReservationController.php(39): Illuminate/Database/Eloquent/Model::__callStatic('create', Array)
#17 C:/Users/aleja/OneDrive/Escritorio/dwes05-te-2526-avillastrigo/vendor/laravel/framework/src/Illuminate/Routing/ControllerDispatcher.php(46): App/Http/Controllers/ReservationController->store(Object(Illuminate/Http/Request))
#18 C:/Users/aleja/OneDrive/Escritorio/dwes05-te-2526-avillastrigo/vendor/laravel/framework/src/Illuminate/Routing/Route.php(269): Illuminate/Routing/ControllerDispatcher->dispatch(Object(Illuminate/Routing/Route), Object(App/Http/Controllers/ReservationController), 'store')
#19 C:/Users/aleja/OneDrive/Escritorio/dwes05-te-2526-avillastrigo/vendor/laravel/framework/src/Illuminate/Routing/Route.php(215): Illuminate/Routing/Route->runController()
#20 C:/Users/aleja/OneDrive/Escritorio/dwes05-te-2526-avillastrigo/vendor/laravel/framework/src/Illuminate/Routing/Router.php(822): Illuminate/Routing/Route->run()
#21 C:/Users/aleja/OneDrive/Escritorio/dwes05-te-2526-avillastrigo/vendor/laravel/framework/src/Illuminate/Pipeline/Pipeline.php(180): Illuminate/Routing/Router->{closure:Illuminate/Routing/Router::runRouteWithinStack():821}(Object(Illuminate/Http/Request))
#22 C:/Users/aleja/OneDrive/Escritorio/dwes05-te-2526-avillastrigo/vendor/laravel/framework/src/Illuminate/Routing/Middleware/SubstituteBindings.php(52): Illuminate/Pipeline/Pipeline->{closure:Illuminate/Pipeline/Pipeline::prepareDestination():178}(Object(Illuminate/Http/Request))
#23 C:/Users/aleja/OneDrive/Escritorio/dwes05-te-2526-avillastrigo/vendor/laravel/framework/src/Illuminate/Pipeline/Pipeline.php(219): Illuminate/Routing/Middleware/SubstituteBindings->handle(Object(Illuminate/Http/Request), Object(Closure))
#24 C:/Users/aleja/OneDrive/Escritorio/dwes05-te-2526-avillastrigo/vendor/laravel/framework/src/Illuminate/Pipeline/Pipeline.php(137): Illuminate/Pipeline/Pipeline->{closure:{closure:Illuminate/Pipeline/Pipeline::carry():194}:195}(Object(Illuminate/Http/Request))
#25 C:/Users/aleja/OneDrive/Escritorio/dwes05-te-2526-avillastrigo/vendor/laravel/framework/src/Illuminate/Routing/Router.php(821): Illuminate/Pipeline/Pipeline->then(Object(Closure))
#26 C:/Users/aleja/OneDrive/Escritorio/dwes05-te-2526-avillastrigo/vendor/laravel/framework/src/Illuminate/Routing/Router.php(800): Illuminate/Routing/Router->runRouteWithinStack(Object(Illuminate/Routing/Route), Object(Illuminate/Http/Request))
#27 C:/Users/aleja/OneDrive/Escritorio/dwes05-te-2526-avillastrigo/vendor/laravel/framework/src/Illuminate/Routing/Router.php(764): Illuminate/Routing/Router->runRoute(Object(Illuminate/Http/Request), Object(Illuminate/Routing/Route))
#28 C:/Users/aleja/OneDrive/Escritorio/dwes05-te-2526-avillastrigo/vendor/laravel/framework/src/Illuminate/Routing/Router.php(753): Illuminate/Routing/Router->dispatchToRoute(Object(Illuminate/Http/Request))
#29 C:/Users/aleja/OneDrive/Escritorio/dwes05-te-2526-avillastrigo/vendor/laravel/framework/src/Illuminate/Foundation/Http/Kernel.php(200): Illuminate/Routing/Router->dispatch(Object(Illuminate/Http/Request))
#30 C:/Users/aleja/OneDrive/Escritorio/dwes05-te-2526-avillastrigo/vendor/laravel/framework/src/Illuminate/Pipeline/Pipeline.php(180): Illuminate/Foundation/Http/Kernel->{closure:Illuminate/Foundation/Http/Kernel::dispatchToRouter():197}(Object(Illuminate/Http/Request))
#31 C:/Users/aleja/OneDrive/Escritorio/dwes05-te-2526-avillastrigo/vendor/laravel/framework/src/Illuminate/Foundation/Http/Middleware/TransformsRequest.php(21): Illuminate/Pipeline/Pipeline->{closure:Illuminate/Pipeline/Pipeline::prepareDestination():178}(Object(Illuminate/Http/Request))
#32 C:/Users/aleja/OneDrive/Escritorio/dwes05-te-2526-avillastrigo/vendor/laravel/framework/src/Illuminate/Foundation/Http/Middleware/ConvertEmptyStringsToNull.php(31): Illuminate/Foundation/Http/Middleware/TransformsRequest->handle(Object(Illuminate/Http/Request), Object(Closure))
#33 C:/Users/aleja/OneDrive/Escritorio/dwes05-te-2526-avillastrigo/vendor/laravel/framework/src/Illuminate/Pipeline/Pipeline.php(219): Illuminate/Foundation/Http/Middleware/ConvertEmptyStringsToNull->handle(Object(Illuminate/Http/Request), Object(Closure))
#34 C:/Users/aleja/OneDrive/Escritorio/dwes05-te-2526-avillastrigo/vendor/laravel/framework/src/Illuminate/Foundation/Http/Middleware/TransformsRequest.php(21): Illuminate/Pipeline/Pipeline->{closure:{closure:Illuminate/Pipeline/Pipeline::carry():194}:195}(Object(Illuminate/Http/Request))
#35 C:/Users/aleja/OneDrive/Escritorio/dwes05-te-2526-avillastrigo/vendor/laravel/framework/src/Illuminate/Foundation/Http/Middleware/TrimStrings.php(51): Illuminate/Foundation/Http/Middleware/TransformsRequest->handle(Object(Illuminate/Http/Request), Object(Closure))
#36 C:/Users/aleja/OneDrive/Escritorio/dwes05-te-2526-avillastrigo/vendor/laravel/framework/src/Illuminate/Pipeline/Pipeline.php(219): Illuminate/Foundation/Http/Middleware/TrimStrings->handle(Object(Illuminate/Http/Request), Object(Closure))
#37 C:/Users/aleja/OneDrive/Escritorio/dwes05-te-2526-avillastrigo/vendor/laravel/framework/src/Illuminate/Http/Middleware/ValidatePostSize.php(27): Illuminate/Pipeline/Pipeline->{closure:{closure:Illuminate/Pipeline/Pipeline::carry():194}:195}(Object(Illuminate/Http/Request))
#38 C:/Users/aleja/OneDrive/Escritorio/dwes05-te-2526-avillastrigo/vendor/laravel/framework/src/Illuminate/Pipeline/Pipeline.php(219): Illuminate/Http/Middleware/ValidatePostSize->handle(Object(Illuminate/Http/Request), Object(Closure))
#39 C:/Users/aleja/OneDrive/Escritorio/dwes05-te-2526-avillastrigo/vendor/laravel/framework/src/Illuminate/Foundation/Http/Middleware/PreventRequestsDuringMaintenance.php(109): Illuminate/Pipeline/Pipeline->{closure:{closure:Illuminate/Pipeline/Pipeline::carry():194}:195}(Object(Illuminate/Http/Request))
#40 C:/Users/aleja/OneDrive/Escritorio/dwes05-te-2526-avillastrigo/vendor/laravel/framework/src/Illuminate/Pipeline/Pipeline.php(219): Illuminate/Foundation/Http/Middleware/PreventRequestsDuringMaintenance->handle(Object(Illuminate/Http/Request), Object(Closure))
#41 C:/Users/aleja/OneDrive/Escritorio/dwes05-te-2526-avillastrigo/vendor/laravel/framework/src/Illuminate/Http/Middleware/HandleCors.php(74): Illuminate/Pipeline/Pipeline->{closure:{closure:Illuminate/Pipeline/Pipeline::carry():194}:195}(Object(Illuminate/Http/Request))
#42 C:/Users/aleja/OneDrive/Escritorio/dwes05-te-2526-avillastrigo/vendor/laravel/framework/src/Illuminate/Pipeline/Pipeline.php(219): Illuminate/Http/Middleware/HandleCors->handle(Object(Illuminate/Http/Request), Object(Closure))
#43 C:/Users/aleja/OneDrive/Escritorio/dwes05-te-2526-avillastrigo/vendor/laravel/framework/src/Illuminate/Http/Middleware/TrustProxies.php(58): Illuminate/Pipeline/Pipeline->{closure:{closure:Illuminate/Pipeline/Pipeline::carry():194}:195}(Object(Illuminate/Http/Request))
#44 C:/Users/aleja/OneDrive/Escritorio/dwes05-te-2526-avillastrigo/vendor/laravel/framework/src/Illuminate/Pipeline/Pipeline.php(219): Illuminate/Http/Middleware/TrustProxies->handle(Object(Illuminate/Http/Request), Object(Closure))
#45 C:/Users/aleja/OneDrive/Escritorio/dwes05-te-2526-avillastrigo/vendor/laravel/framework/src/Illuminate/Foundation/Http/Middleware/InvokeDeferredCallbacks.php(22): Illuminate/Pipeline/Pipeline->{closure:{closure:Illuminate/Pipeline/Pipeline::carry():194}:195}(Object(Illuminate/Http/Request))
#46 C:/Users/aleja/OneDrive/Escritorio/dwes05-te-2526-avillastrigo/vendor/laravel/framework/src/Illuminate/Pipeline/Pipeline.php(219): Illuminate/Foundation/Http/Middleware/InvokeDeferredCallbacks->handle(Object(Illuminate/Http/Request), Object(Closure))
#47 C:/Users/aleja/OneDrive/Escritorio/dwes05-te-2526-avillastrigo/vendor/laravel/framework/src/Illuminate/Http/Middleware/ValidatePathEncoding.php(28): Illuminate/Pipeline/Pipeline->{closure:{closure:Illuminate/Pipeline/Pipeline::carry():194}:195}(Object(Illuminate/Http/Request))
#48 C:/Users/aleja/OneDrive/Escritorio/dwes05-te-2526-avillastrigo/vendor/laravel/framework/src/Illuminate/Pipeline/Pipeline.php(219): Illuminate/Http/Middleware/ValidatePathEncoding->handle(Object(Illuminate/Http/Request), Object(Closure))
#49 C:/Users/aleja/OneDrive/Escritorio/dwes05-te-2526-avillastrigo/vendor/laravel/framework/src/Illuminate/Pipeline/Pipeline.php(137): Illuminate/Pipeline/Pipeline->{closure:{closure:Illuminate/Pipeline/Pipeline::carry():194}:195}(Object(Illuminate/Http/Request))
#50 C:/Users/aleja/OneDrive/Escritorio/dwes05-te-2526-avillastrigo/vendor/laravel/framework/src/Illuminate/Foundation/Http/Kernel.php(175): Illuminate/Pipeline/Pipeline->then(Object(Closure))
#51 C:/Users/aleja/OneDrive/Escritorio/dwes05-te-2526-avillastrigo/vendor/laravel/framework/src/Illuminate/Foundation/Http/Kernel.php(144): Illuminate/Foundation/Http/Kernel->sendRequestThroughRouter(Object(Illuminate/Http/Request))
#52 C:/Users/aleja/OneDrive/Escritorio/dwes05-te-2526-avillastrigo/vendor/laravel/framework/src/Illuminate/Foundation/Application.php(1220): Illuminate/Foundation/Http/Kernel->handle(Object(Illuminate/Http/Request))
#53 C:/Users/aleja/OneDrive/Escritorio/dwes05-te-2526-avillastrigo/public/index.php(20): Illuminate/Foundation/Application->handleRequest(Object(Illuminate/Http/Request))
#54 C:/Users/aleja/OneDrive/Escritorio/dwes05-te-2526-avillastrigo/vendor/laravel/framework/src/Illuminate/Foundation/resources/server.php(23): require_once('C://Users//aleja//...')
#55 {main}
"} 
[2026-03-27 16:25:00] local.ERROR: SQLSTATE[23000]: Integrity constraint violation: 1452 Cannot add or update a child row: a foreign key constraint fails (`dwes_tarea5`.`reservations`, CONSTRAINT `reservations_gym_class_id_foreign` FOREIGN KEY (`gym_class_id`) REFERENCES `gym_classes` (`id`) ON DELETE CASCADE) (Connection: mysql, Host: 127.0.0.1, Port: 3306, Database: dwes_tarea5, SQL: insert into `reservations` (`usuario`, `gym_class_id`, `fecha`, `updated_at`, `created_at`) values (Error, 999, 2026-03-27, 2026-03-27 16:25:00, 2026-03-27 16:25:00)) {"exception":"[object] (Illuminate\\Database\\QueryException(code: 23000): SQLSTATE[23000]: Integrity constraint violation: 1452 Cannot add or update a child row: a foreign key constraint fails (`dwes_tarea5`.`reservations`, CONSTRAINT `reservations_gym_class_id_foreign` FOREIGN KEY (`gym_class_id`) REFERENCES `gym_classes` (`id`) ON DELETE CASCADE) (Connection: mysql, Host: 127.0.0.1, Port: 3306, Database: dwes_tarea5, SQL: insert into `reservations` (`usuario`, `gym_class_id`, `fecha`, `updated_at`, `created_at`) values (Error, 999, 2026-03-27, 2026-03-27 16:25:00, 2026-03-27 16:25:00)) at C:/Users/aleja/OneDrive/Escritorio/dwes05-te-2526-avillastrigo/vendor/laravel/framework/src/Illuminate/Database/Connection.php:841)
[stacktrace]
#0 C:/Users/aleja/OneDrive/Escritorio/dwes05-te-2526-avillastrigo/vendor/laravel/framework/src/Illuminate/Database/Connection.php(797): Illuminate/Database/Connection->runQueryCallback('insert into `re...', Array, Object(Closure))
#1 C:/Users/aleja/OneDrive/Escritorio/dwes05-te-2526-avillastrigo/vendor/laravel/framework/src/Illuminate/Database/MySqlConnection.php(42): Illuminate/Database/Connection->run('insert into `re...', Array, Object(Closure))
#2 C:/Users/aleja/OneDrive/Escritorio/dwes05-te-2526-avillastrigo/vendor/laravel/framework/src/Illuminate/Database/Query/Processors/MySqlProcessor.php(35): Illuminate/Database/MySqlConnection->insert('insert into `re...', Array, 'id')
#3 C:/Users/aleja/OneDrive/Escritorio/dwes05-te-2526-avillastrigo/vendor/laravel/framework/src/Illuminate/Database/Query/Builder.php(4246): Illuminate/Database/Query/Processors/MySqlProcessor->processInsertGetId(Object(Illuminate/Database/Query/Builder), 'insert into `re...', Array, 'id')
#4 C:/Users/aleja/OneDrive/Escritorio/dwes05-te-2526-avillastrigo/vendor/laravel/framework/src/Illuminate/Database/Eloquent/Builder.php(2242): Illuminate/Database/Query/Builder->insertGetId(Array, 'id')
#5 C:/Users/aleja/OneDrive/Escritorio/dwes05-te-2526-avillastrigo/vendor/laravel/framework/src/Illuminate/Database/Eloquent/Model.php(1580): Illuminate/Database/Eloquent/Builder->__call('insertGetId', Array)
#6 C:/Users/aleja/OneDrive/Escritorio/dwes05-te-2526-avillastrigo/vendor/laravel/framework/src/Illuminate/Database/Eloquent/Model.php(1496): Illuminate/Database/Eloquent/Model->insertAndSetId(Object(Illuminate/Database/Eloquent/Builder), Array)
#7 C:/Users/aleja/OneDrive/Escritorio/dwes05-te-2526-avillastrigo/vendor/laravel/framework/src/Illuminate/Database/Eloquent/Model.php(1300): Illuminate/Database/Eloquent/Model->performInsert(Object(Illuminate/Database/Eloquent/Builder))
#8 C:/Users/aleja/OneDrive/Escritorio/dwes05-te-2526-avillastrigo/vendor/laravel/framework/src/Illuminate/Database/Eloquent/Builder.php(1224): Illuminate/Database/Eloquent/Model->save()
#9 C:/Users/aleja/OneDrive/Escritorio/dwes05-te-2526-avillastrigo/vendor/laravel/framework/src/Illuminate/Support/helpers.php(393): Illuminate/Database/Eloquent/Builder->{closure:Illuminate/Database/Eloquent/Builder::create():1223}(Object(App/Models/Reservation))
#10 C:/Users/aleja/OneDrive/Escritorio/dwes05-te-2526-avillastrigo/vendor/laravel/framework/src/Illuminate/Database/Eloquent/Builder.php(1223): tap(Object(App/Models/Reservation), Object(Closure))
#11 C:/Users/aleja/OneDrive/Escritorio/dwes05-te-2526-avillastrigo/vendor/laravel/framework/src/Illuminate/Support/Traits/ForwardsCalls.php(23): Illuminate/Database/Eloquent/Builder->create(Array)
#12 C:/Users/aleja/OneDrive/Escritorio/dwes05-te-2526-avillastrigo/vendor/laravel/framework/src/Illuminate/Database/Eloquent/Model.php(2723): Illuminate/Database/Eloquent/Model->forwardCallTo(Object(Illuminate/Database/Eloquent/Builder), 'create', Array)
#13 C:/Users/aleja/OneDrive/Escritorio/dwes05-te-2526-avillastrigo/vendor/laravel/framework/src/Illuminate/Database/Eloquent/Model.php(2739): Illuminate/Database/Eloquent/Model->__call('create', Array)
#14 C:/Users/aleja/OneDrive/Escritorio/dwes05-te-2526-avillastrigo/app/Http/Controllers/ReservationController.php(39): Illuminate/Database/Eloquent/Model::__callStatic('create', Array)
#15 C:/Users/aleja/OneDrive/Escritorio/dwes05-te-2526-avillastrigo/vendor/laravel/framework/src/Illuminate/Routing/ControllerDispatcher.php(46): App/Http/Controllers/ReservationController->store(Object(Illuminate/Http/Request))
#16 C:/Users/aleja/OneDrive/Escritorio/dwes05-te-2526-avillastrigo/vendor/laravel/framework/src/Illuminate/Routing/Route.php(269): Illuminate/Routing/ControllerDispatcher->dispatch(Object(Illuminate/Routing/Route), Object(App/Http/Controllers/ReservationController), 'store')
#17 C:/Users/aleja/OneDrive/Escritorio/dwes05-te-2526-avillastrigo/vendor/laravel/framework/src/Illuminate/Routing/Route.php(215): Illuminate/Routing/Route->runController()
#18 C:/Users/aleja/OneDrive/Escritorio/dwes05-te-2526-avillastrigo/vendor/laravel/framework/src/Illuminate/Routing/Router.php(822): Illuminate/Routing/Route->run()
#19 C:/Users/aleja/OneDrive/Escritorio/dwes05-te-2526-avillastrigo/vendor/laravel/framework/src/Illuminate/Pipeline/Pipeline.php(180): Illuminate/Routing/Router->{closure:Illuminate/Routing/Router::runRouteWithinStack():821}(Object(Illuminate/Http/Request))
#20 C:/Users/aleja/OneDrive/Escritorio/dwes05-te-2526-avillastrigo/vendor/laravel/framework/src/Illuminate/Routing/Middleware/SubstituteBindings.php(52): Illuminate/Pipeline/Pipeline->{closure:Illuminate/Pipeline/Pipeline::prepareDestination():178}(Object(Illuminate/Http/Request))
#21 C:/Users/aleja/OneDrive/Escritorio/dwes05-te-2526-avillastrigo/vendor/laravel/framework/src/Illuminate/Pipeline/Pipeline.php(219): Illuminate/Routing/Middleware/SubstituteBindings->handle(Object(Illuminate/Http/Request), Object(Closure))
#22 C:/Users/aleja/OneDrive/Escritorio/dwes05-te-2526-avillastrigo/vendor/laravel/framework/src/Illuminate/Pipeline/Pipeline.php(137): Illuminate/Pipeline/Pipeline->{closure:{closure:Illuminate/Pipeline/Pipeline::carry():194}:195}(Object(Illuminate/Http/Request))
#23 C:/Users/aleja/OneDrive/Escritorio/dwes05-te-2526-avillastrigo/vendor/laravel/framework/src/Illuminate/Routing/Router.php(821): Illuminate/Pipeline/Pipeline->then(Object(Closure))
#24 C:/Users/aleja/OneDrive/Escritorio/dwes05-te-2526-avillastrigo/vendor/laravel/framework/src/Illuminate/Routing/Router.php(800): Illuminate/Routing/Router->runRouteWithinStack(Object(Illuminate/Routing/Route), Object(Illuminate/Http/Request))
#25 C:/Users/aleja/OneDrive/Escritorio/dwes05-te-2526-avillastrigo/vendor/laravel/framework/src/Illuminate/Routing/Router.php(764): Illuminate/Routing/Router->runRoute(Object(Illuminate/Http/Request), Object(Illuminate/Routing/Route))
#26 C:/Users/aleja/OneDrive/Escritorio/dwes05-te-2526-avillastrigo/vendor/laravel/framework/src/Illuminate/Routing/Router.php(753): Illuminate/Routing/Router->dispatchToRoute(Object(Illuminate/Http/Request))
#27 C:/Users/aleja/OneDrive/Escritorio/dwes05-te-2526-avillastrigo/vendor/laravel/framework/src/Illuminate/Foundation/Http/Kernel.php(200): Illuminate/Routing/Router->dispatch(Object(Illuminate/Http/Request))
#28 C:/Users/aleja/OneDrive/Escritorio/dwes05-te-2526-avillastrigo/vendor/laravel/framework/src/Illuminate/Pipeline/Pipeline.php(180): Illuminate/Foundation/Http/Kernel->{closure:Illuminate/Foundation/Http/Kernel::dispatchToRouter():197}(Object(Illuminate/Http/Request))
#29 C:/Users/aleja/OneDrive/Escritorio/dwes05-te-2526-avillastrigo/vendor/laravel/framework/src/Illuminate/Foundation/Http/Middleware/TransformsRequest.php(21): Illuminate/Pipeline/Pipeline->{closure:Illuminate/Pipeline/Pipeline::prepareDestination():178}(Object(Illuminate/Http/Request))
#30 C:/Users/aleja/OneDrive/Escritorio/dwes05-te-2526-avillastrigo/vendor/laravel/framework/src/Illuminate/Foundation/Http/Middleware/ConvertEmptyStringsToNull.php(31): Illuminate/Foundation/Http/Middleware/TransformsRequest->handle(Object(Illuminate/Http/Request), Object(Closure))
#31 C:/Users/aleja/OneDrive/Escritorio/dwes05-te-2526-avillastrigo/vendor/laravel/framework/src/Illuminate/Pipeline/Pipeline.php(219): Illuminate/Foundation/Http/Middleware/ConvertEmptyStringsToNull->handle(Object(Illuminate/Http/Request), Object(Closure))
#32 C:/Users/aleja/OneDrive/Escritorio/dwes05-te-2526-avillastrigo/vendor/laravel/framework/src/Illuminate/Foundation/Http/Middleware/TransformsRequest.php(21): Illuminate/Pipeline/Pipeline->{closure:{closure:Illuminate/Pipeline/Pipeline::carry():194}:195}(Object(Illuminate/Http/Request))
#33 C:/Users/aleja/OneDrive/Escritorio/dwes05-te-2526-avillastrigo/vendor/laravel/framework/src/Illuminate/Foundation/Http/Middleware/TrimStrings.php(51): Illuminate/Foundation/Http/Middleware/TransformsRequest->handle(Object(Illuminate/Http/Request), Object(Closure))
#34 C:/Users/aleja/OneDrive/Escritorio/dwes05-te-2526-avillastrigo/vendor/laravel/framework/src/Illuminate/Pipeline/Pipeline.php(219): Illuminate/Foundation/Http/Middleware/TrimStrings->handle(Object(Illuminate/Http/Request), Object(Closure))
#35 C:/Users/aleja/OneDrive/Escritorio/dwes05-te-2526-avillastrigo/vendor/laravel/framework/src/Illuminate/Http/Middleware/ValidatePostSize.php(27): Illuminate/Pipeline/Pipeline->{closure:{closure:Illuminate/Pipeline/Pipeline::carry():194}:195}(Object(Illuminate/Http/Request))
#36 C:/Users/aleja/OneDrive/Escritorio/dwes05-te-2526-avillastrigo/vendor/laravel/framework/src/Illuminate/Pipeline/Pipeline.php(219): Illuminate/Http/Middleware/ValidatePostSize->handle(Object(Illuminate/Http/Request), Object(Closure))
#37 C:/Users/aleja/OneDrive/Escritorio/dwes05-te-2526-avillastrigo/vendor/laravel/framework/src/Illuminate/Foundation/Http/Middleware/PreventRequestsDuringMaintenance.php(109): Illuminate/Pipeline/Pipeline->{closure:{closure:Illuminate/Pipeline/Pipeline::carry():194}:195}(Object(Illuminate/Http/Request))
#38 C:/Users/aleja/OneDrive/Escritorio/dwes05-te-2526-avillastrigo/vendor/laravel/framework/src/Illuminate/Pipeline/Pipeline.php(219): Illuminate/Foundation/Http/Middleware/PreventRequestsDuringMaintenance->handle(Object(Illuminate/Http/Request), Object(Closure))
#39 C:/Users/aleja/OneDrive/Escritorio/dwes05-te-2526-avillastrigo/vendor/laravel/framework/src/Illuminate/Http/Middleware/HandleCors.php(74): Illuminate/Pipeline/Pipeline->{closure:{closure:Illuminate/Pipeline/Pipeline::carry():194}:195}(Object(Illuminate/Http/Request))
#40 C:/Users/aleja/OneDrive/Escritorio/dwes05-te-2526-avillastrigo/vendor/laravel/framework/src/Illuminate/Pipeline/Pipeline.php(219): Illuminate/Http/Middleware/HandleCors->handle(Object(Illuminate/Http/Request), Object(Closure))
#41 C:/Users/aleja/OneDrive/Escritorio/dwes05-te-2526-avillastrigo/vendor/laravel/framework/src/Illuminate/Http/Middleware/TrustProxies.php(58): Illuminate/Pipeline/Pipeline->{closure:{closure:Illuminate/Pipeline/Pipeline::carry():194}:195}(Object(Illuminate/Http/Request))
#42 C:/Users/aleja/OneDrive/Escritorio/dwes05-te-2526-avillastrigo/vendor/laravel/framework/src/Illuminate/Pipeline/Pipeline.php(219): Illuminate/Http/Middleware/TrustProxies->handle(Object(Illuminate/Http/Request), Object(Closure))
#43 C:/Users/aleja/OneDrive/Escritorio/dwes05-te-2526-avillastrigo/vendor/laravel/framework/src/Illuminate/Foundation/Http/Middleware/InvokeDeferredCallbacks.php(22): Illuminate/Pipeline/Pipeline->{closure:{closure:Illuminate/Pipeline/Pipeline::carry():194}:195}(Object(Illuminate/Http/Request))
#44 C:/Users/aleja/OneDrive/Escritorio/dwes05-te-2526-avillastrigo/vendor/laravel/framework/src/Illuminate/Pipeline/Pipeline.php(219): Illuminate/Foundation/Http/Middleware/InvokeDeferredCallbacks->handle(Object(Illuminate/Http/Request), Object(Closure))
#45 C:/Users/aleja/OneDrive/Escritorio/dwes05-te-2526-avillastrigo/vendor/laravel/framework/src/Illuminate/Http/Middleware/ValidatePathEncoding.php(28): Illuminate/Pipeline/Pipeline->{closure:{closure:Illuminate/Pipeline/Pipeline::carry():194}:195}(Object(Illuminate/Http/Request))
#46 C:/Users/aleja/OneDrive/Escritorio/dwes05-te-2526-avillastrigo/vendor/laravel/framework/src/Illuminate/Pipeline/Pipeline.php(219): Illuminate/Http/Middleware/ValidatePathEncoding->handle(Object(Illuminate/Http/Request), Object(Closure))
#47 C:/Users/aleja/OneDrive/Escritorio/dwes05-te-2526-avillastrigo/vendor/laravel/framework/src/Illuminate/Pipeline/Pipeline.php(137): Illuminate/Pipeline/Pipeline->{closure:{closure:Illuminate/Pipeline/Pipeline::carry():194}:195}(Object(Illuminate/Http/Request))
#48 C:/Users/aleja/OneDrive/Escritorio/dwes05-te-2526-avillastrigo/vendor/laravel/framework/src/Illuminate/Foundation/Http/Kernel.php(175): Illuminate/Pipeline/Pipeline->then(Object(Closure))
#49 C:/Users/aleja/OneDrive/Escritorio/dwes05-te-2526-avillastrigo/vendor/laravel/framework/src/Illuminate/Foundation/Http/Kernel.php(144): Illuminate/Foundation/Http/Kernel->sendRequestThroughRouter(Object(Illuminate/Http/Request))
#50 C:/Users/aleja/OneDrive/Escritorio/dwes05-te-2526-avillastrigo/vendor/laravel/framework/src/Illuminate/Foundation/Application.php(1220): Illuminate/Foundation/Http/Kernel->handle(Object(Illuminate/Http/Request))
#51 C:/Users/aleja/OneDrive/Escritorio/dwes05-te-2526-avillastrigo/public/index.php(20): Illuminate/Foundation/Application->handleRequest(Object(Illuminate/Http/Request))
#52 C:/Users/aleja/OneDrive/Escritorio/dwes05-te-2526-avillastrigo/vendor/laravel/framework/src/Illuminate/Foundation/resources/server.php(23): require_once('C://Users//aleja//...')
#53 {main}

[previous exception] [object] (PDOException(code: 23000): SQLSTATE[23000]: Integrity constraint violation: 1452 Cannot add or update a child row: a foreign key constraint fails (`dwes_tarea5`.`reservations`, CONSTRAINT `reservations_gym_class_id_foreign` FOREIGN KEY (`gym_class_id`) REFERENCES `gym_classes` (`id`) ON DELETE CASCADE) at C:/Users/aleja/OneDrive/Escritorio/dwes05-te-2526-avillastrigo/vendor/laravel/framework/src/Illuminate/Database/MySqlConnection.php:53)
[stacktrace]
#0 C:/Users/aleja/OneDrive/Escritorio/dwes05-te-2526-avillastrigo/vendor/laravel/framework/src/Illuminate/Database/MySqlConnection.php(53): PDOStatement->execute()
#1 C:/Users/aleja/OneDrive/Escritorio/dwes05-te-2526-avillastrigo/vendor/laravel/framework/src/Illuminate/Database/Connection.php(830): Illuminate/Database/MySqlConnection->{closure:Illuminate/Database/MySqlConnection::insert():42}('insert into `re...', Array)
#2 C:/Users/aleja/OneDrive/Escritorio/dwes05-te-2526-avillastrigo/vendor/laravel/framework/src/Illuminate/Database/Connection.php(797): Illuminate/Database/Connection->runQueryCallback('insert into `re...', Array, Object(Closure))
#3 C:/Users/aleja/OneDrive/Escritorio/dwes05-te-2526-avillastrigo/vendor/laravel/framework/src/Illuminate/Database/MySqlConnection.php(42): Illuminate/Database/Connection->run('insert into `re...', Array, Object(Closure))
#4 C:/Users/aleja/OneDrive/Escritorio/dwes05-te-2526-avillastrigo/vendor/laravel/framework/src/Illuminate/Database/Query/Processors/MySqlProcessor.php(35): Illuminate/Database/MySqlConnection->insert('insert into `re...', Array, 'id')
#5 C:/Users/aleja/OneDrive/Escritorio/dwes05-te-2526-avillastrigo/vendor/laravel/framework/src/Illuminate/Database/Query/Builder.php(4246): Illuminate/Database/Query/Processors/MySqlProcessor->processInsertGetId(Object(Illuminate/Database/Query/Builder), 'insert into `re...', Array, 'id')
#6 C:/Users/aleja/OneDrive/Escritorio/dwes05-te-2526-avillastrigo/vendor/laravel/framework/src/Illuminate/Database/Eloquent/Builder.php(2242): Illuminate/Database/Query/Builder->insertGetId(Array, 'id')
#7 C:/Users/aleja/OneDrive/Escritorio/dwes05-te-2526-avillastrigo/vendor/laravel/framework/src/Illuminate/Database/Eloquent/Model.php(1580): Illuminate/Database/Eloquent/Builder->__call('insertGetId', Array)
#8 C:/Users/aleja/OneDrive/Escritorio/dwes05-te-2526-avillastrigo/vendor/laravel/framework/src/Illuminate/Database/Eloquent/Model.php(1496): Illuminate/Database/Eloquent/Model->insertAndSetId(Object(Illuminate/Database/Eloquent/Builder), Array)
#9 C:/Users/aleja/OneDrive/Escritorio/dwes05-te-2526-avillastrigo/vendor/laravel/framework/src/Illuminate/Database/Eloquent/Model.php(1300): Illuminate/Database/Eloquent/Model->performInsert(Object(Illuminate/Database/Eloquent/Builder))
#10 C:/Users/aleja/OneDrive/Escritorio/dwes05-te-2526-avillastrigo/vendor/laravel/framework/src/Illuminate/Database/Eloquent/Builder.php(1224): Illuminate/Database/Eloquent/Model->save()
#11 C:/Users/aleja/OneDrive/Escritorio/dwes05-te-2526-avillastrigo/vendor/laravel/framework/src/Illuminate/Support/helpers.php(393): Illuminate/Database/Eloquent/Builder->{closure:Illuminate/Database/Eloquent/Builder::create():1223}(Object(App/Models/Reservation))
#12 C:/Users/aleja/OneDrive/Escritorio/dwes05-te-2526-avillastrigo/vendor/laravel/framework/src/Illuminate/Database/Eloquent/Builder.php(1223): tap(Object(App/Models/Reservation), Object(Closure))
#13 C:/Users/aleja/OneDrive/Escritorio/dwes05-te-2526-avillastrigo/vendor/laravel/framework/src/Illuminate/Support/Traits/ForwardsCalls.php(23): Illuminate/Database/Eloquent/Builder->create(Array)
#14 C:/Users/aleja/OneDrive/Escritorio/dwes05-te-2526-avillastrigo/vendor/laravel/framework/src/Illuminate/Database/Eloquent/Model.php(2723): Illuminate/Database/Eloquent/Model->forwardCallTo(Object(Illuminate/Database/Eloquent/Builder), 'create', Array)
#15 C:/Users/aleja/OneDrive/Escritorio/dwes05-te-2526-avillastrigo/vendor/laravel/framework/src/Illuminate/Database/Eloquent/Model.php(2739): Illuminate/Database/Eloquent/Model->__call('create', Array)
#16 C:/Users/aleja/OneDrive/Escritorio/dwes05-te-2526-avillastrigo/app/Http/Controllers/ReservationController.php(39): Illuminate/Database/Eloquent/Model::__callStatic('create', Array)
#17 C:/Users/aleja/OneDrive/Escritorio/dwes05-te-2526-avillastrigo/vendor/laravel/framework/src/Illuminate/Routing/ControllerDispatcher.php(46): App/Http/Controllers/ReservationController->store(Object(Illuminate/Http/Request))
#18 C:/Users/aleja/OneDrive/Escritorio/dwes05-te-2526-avillastrigo/vendor/laravel/framework/src/Illuminate/Routing/Route.php(269): Illuminate/Routing/ControllerDispatcher->dispatch(Object(Illuminate/Routing/Route), Object(App/Http/Controllers/ReservationController), 'store')
#19 C:/Users/aleja/OneDrive/Escritorio/dwes05-te-2526-avillastrigo/vendor/laravel/framework/src/Illuminate/Routing/Route.php(215): Illuminate/Routing/Route->runController()
#20 C:/Users/aleja/OneDrive/Escritorio/dwes05-te-2526-avillastrigo/vendor/laravel/framework/src/Illuminate/Routing/Router.php(822): Illuminate/Routing/Route->run()
#21 C:/Users/aleja/OneDrive/Escritorio/dwes05-te-2526-avillastrigo/vendor/laravel/framework/src/Illuminate/Pipeline/Pipeline.php(180): Illuminate/Routing/Router->{closure:Illuminate/Routing/Router::runRouteWithinStack():821}(Object(Illuminate/Http/Request))
#22 C:/Users/aleja/OneDrive/Escritorio/dwes05-te-2526-avillastrigo/vendor/laravel/framework/src/Illuminate/Routing/Middleware/SubstituteBindings.php(52): Illuminate/Pipeline/Pipeline->{closure:Illuminate/Pipeline/Pipeline::prepareDestination():178}(Object(Illuminate/Http/Request))
#23 C:/Users/aleja/OneDrive/Escritorio/dwes05-te-2526-avillastrigo/vendor/laravel/framework/src/Illuminate/Pipeline/Pipeline.php(219): Illuminate/Routing/Middleware/SubstituteBindings->handle(Object(Illuminate/Http/Request), Object(Closure))
#24 C:/Users/aleja/OneDrive/Escritorio/dwes05-te-2526-avillastrigo/vendor/laravel/framework/src/Illuminate/Pipeline/Pipeline.php(137): Illuminate/Pipeline/Pipeline->{closure:{closure:Illuminate/Pipeline/Pipeline::carry():194}:195}(Object(Illuminate/Http/Request))
#25 C:/Users/aleja/OneDrive/Escritorio/dwes05-te-2526-avillastrigo/vendor/laravel/framework/src/Illuminate/Routing/Router.php(821): Illuminate/Pipeline/Pipeline->then(Object(Closure))
#26 C:/Users/aleja/OneDrive/Escritorio/dwes05-te-2526-avillastrigo/vendor/laravel/framework/src/Illuminate/Routing/Router.php(800): Illuminate/Routing/Router->runRouteWithinStack(Object(Illuminate/Routing/Route), Object(Illuminate/Http/Request))
#27 C:/Users/aleja/OneDrive/Escritorio/dwes05-te-2526-avillastrigo/vendor/laravel/framework/src/Illuminate/Routing/Router.php(764): Illuminate/Routing/Router->runRoute(Object(Illuminate/Http/Request), Object(Illuminate/Routing/Route))
#28 C:/Users/aleja/OneDrive/Escritorio/dwes05-te-2526-avillastrigo/vendor/laravel/framework/src/Illuminate/Routing/Router.php(753): Illuminate/Routing/Router->dispatchToRoute(Object(Illuminate/Http/Request))
#29 C:/Users/aleja/OneDrive/Escritorio/dwes05-te-2526-avillastrigo/vendor/laravel/framework/src/Illuminate/Foundation/Http/Kernel.php(200): Illuminate/Routing/Router->dispatch(Object(Illuminate/Http/Request))
#30 C:/Users/aleja/OneDrive/Escritorio/dwes05-te-2526-avillastrigo/vendor/laravel/framework/src/Illuminate/Pipeline/Pipeline.php(180): Illuminate/Foundation/Http/Kernel->{closure:Illuminate/Foundation/Http/Kernel::dispatchToRouter():197}(Object(Illuminate/Http/Request))
#31 C:/Users/aleja/OneDrive/Escritorio/dwes05-te-2526-avillastrigo/vendor/laravel/framework/src/Illuminate/Foundation/Http/Middleware/TransformsRequest.php(21): Illuminate/Pipeline/Pipeline->{closure:Illuminate/Pipeline/Pipeline::prepareDestination():178}(Object(Illuminate/Http/Request))
#32 C:/Users/aleja/OneDrive/Escritorio/dwes05-te-2526-avillastrigo/vendor/laravel/framework/src/Illuminate/Foundation/Http/Middleware/ConvertEmptyStringsToNull.php(31): Illuminate/Foundation/Http/Middleware/TransformsRequest->handle(Object(Illuminate/Http/Request), Object(Closure))
#33 C:/Users/aleja/OneDrive/Escritorio/dwes05-te-2526-avillastrigo/vendor/laravel/framework/src/Illuminate/Pipeline/Pipeline.php(219): Illuminate/Foundation/Http/Middleware/ConvertEmptyStringsToNull->handle(Object(Illuminate/Http/Request), Object(Closure))
#34 C:/Users/aleja/OneDrive/Escritorio/dwes05-te-2526-avillastrigo/vendor/laravel/framework/src/Illuminate/Foundation/Http/Middleware/TransformsRequest.php(21): Illuminate/Pipeline/Pipeline->{closure:{closure:Illuminate/Pipeline/Pipeline::carry():194}:195}(Object(Illuminate/Http/Request))
#35 C:/Users/aleja/OneDrive/Escritorio/dwes05-te-2526-avillastrigo/vendor/laravel/framework/src/Illuminate/Foundation/Http/Middleware/TrimStrings.php(51): Illuminate/Foundation/Http/Middleware/TransformsRequest->handle(Object(Illuminate/Http/Request), Object(Closure))
#36 C:/Users/aleja/OneDrive/Escritorio/dwes05-te-2526-avillastrigo/vendor/laravel/framework/src/Illuminate/Pipeline/Pipeline.php(219): Illuminate/Foundation/Http/Middleware/TrimStrings->handle(Object(Illuminate/Http/Request), Object(Closure))
#37 C:/Users/aleja/OneDrive/Escritorio/dwes05-te-2526-avillastrigo/vendor/laravel/framework/src/Illuminate/Http/Middleware/ValidatePostSize.php(27): Illuminate/Pipeline/Pipeline->{closure:{closure:Illuminate/Pipeline/Pipeline::carry():194}:195}(Object(Illuminate/Http/Request))
#38 C:/Users/aleja/OneDrive/Escritorio/dwes05-te-2526-avillastrigo/vendor/laravel/framework/src/Illuminate/Pipeline/Pipeline.php(219): Illuminate/Http/Middleware/ValidatePostSize->handle(Object(Illuminate/Http/Request), Object(Closure))
#39 C:/Users/aleja/OneDrive/Escritorio/dwes05-te-2526-avillastrigo/vendor/laravel/framework/src/Illuminate/Foundation/Http/Middleware/PreventRequestsDuringMaintenance.php(109): Illuminate/Pipeline/Pipeline->{closure:{closure:Illuminate/Pipeline/Pipeline::carry():194}:195}(Object(Illuminate/Http/Request))
#40 C:/Users/aleja/OneDrive/Escritorio/dwes05-te-2526-avillastrigo/vendor/laravel/framework/src/Illuminate/Pipeline/Pipeline.php(219): Illuminate/Foundation/Http/Middleware/PreventRequestsDuringMaintenance->handle(Object(Illuminate/Http/Request), Object(Closure))
#41 C:/Users/aleja/OneDrive/Escritorio/dwes05-te-2526-avillastrigo/vendor/laravel/framework/src/Illuminate/Http/Middleware/HandleCors.php(74): Illuminate/Pipeline/Pipeline->{closure:{closure:Illuminate/Pipeline/Pipeline::carry():194}:195}(Object(Illuminate/Http/Request))
#42 C:/Users/aleja/OneDrive/Escritorio/dwes05-te-2526-avillastrigo/vendor/laravel/framework/src/Illuminate/Pipeline/Pipeline.php(219): Illuminate/Http/Middleware/HandleCors->handle(Object(Illuminate/Http/Request), Object(Closure))
#43 C:/Users/aleja/OneDrive/Escritorio/dwes05-te-2526-avillastrigo/vendor/laravel/framework/src/Illuminate/Http/Middleware/TrustProxies.php(58): Illuminate/Pipeline/Pipeline->{closure:{closure:Illuminate/Pipeline/Pipeline::carry():194}:195}(Object(Illuminate/Http/Request))
#44 C:/Users/aleja/OneDrive/Escritorio/dwes05-te-2526-avillastrigo/vendor/laravel/framework/src/Illuminate/Pipeline/Pipeline.php(219): Illuminate/Http/Middleware/TrustProxies->handle(Object(Illuminate/Http/Request), Object(Closure))
#45 C:/Users/aleja/OneDrive/Escritorio/dwes05-te-2526-avillastrigo/vendor/laravel/framework/src/Illuminate/Foundation/Http/Middleware/InvokeDeferredCallbacks.php(22): Illuminate/Pipeline/Pipeline->{closure:{closure:Illuminate/Pipeline/Pipeline::carry():194}:195}(Object(Illuminate/Http/Request))
#46 C:/Users/aleja/OneDrive/Escritorio/dwes05-te-2526-avillastrigo/vendor/laravel/framework/src/Illuminate/Pipeline/Pipeline.php(219): Illuminate/Foundation/Http/Middleware/InvokeDeferredCallbacks->handle(Object(Illuminate/Http/Request), Object(Closure))
#47 C:/Users/aleja/OneDrive/Escritorio/dwes05-te-2526-avillastrigo/vendor/laravel/framework/src/Illuminate/Http/Middleware/ValidatePathEncoding.php(28): Illuminate/Pipeline/Pipeline->{closure:{closure:Illuminate/Pipeline/Pipeline::carry():194}:195}(Object(Illuminate/Http/Request))
#48 C:/Users/aleja/OneDrive/Escritorio/dwes05-te-2526-avillastrigo/vendor/laravel/framework/src/Illuminate/Pipeline/Pipeline.php(219): Illuminate/Http/Middleware/ValidatePathEncoding->handle(Object(Illuminate/Http/Request), Object(Closure))
#49 C:/Users/aleja/OneDrive/Escritorio/dwes05-te-2526-avillastrigo/vendor/laravel/framework/src/Illuminate/Pipeline/Pipeline.php(137): Illuminate/Pipeline/Pipeline->{closure:{closure:Illuminate/Pipeline/Pipeline::carry():194}:195}(Object(Illuminate/Http/Request))
#50 C:/Users/aleja/OneDrive/Escritorio/dwes05-te-2526-avillastrigo/vendor/laravel/framework/src/Illuminate/Foundation/Http/Kernel.php(175): Illuminate/Pipeline/Pipeline->then(Object(Closure))
#51 C:/Users/aleja/OneDrive/Escritorio/dwes05-te-2526-avillastrigo/vendor/laravel/framework/src/Illuminate/Foundation/Http/Kernel.php(144): Illuminate/Foundation/Http/Kernel->sendRequestThroughRouter(Object(Illuminate/Http/Request))
#52 C:/Users/aleja/OneDrive/Escritorio/dwes05-te-2526-avillastrigo/vendor/laravel/framework/src/Illuminate/Foundation/Application.php(1220): Illuminate/Foundation/Http/Kernel->handle(Object(Illuminate/Http/Request))
#53 C:/Users/aleja/OneDrive/Escritorio/dwes05-te-2526-avillastrigo/public/index.php(20): Illuminate/Foundation/Application->handleRequest(Object(Illuminate/Http/Request))
#54 C:/Users/aleja/OneDrive/Escritorio/dwes05-te-2526-avillastrigo/vendor/laravel/framework/src/Illuminate/Foundation/resources/server.php(23): require_once('C://Users//aleja//...')
#55 {main}
"} 
[2026-03-27 16:31:56] local.ERROR: SQLSTATE[23000]: Integrity constraint violation: 1452 Cannot add or update a child row: a foreign key constraint fails (`dwes_tarea5`.`reservations`, CONSTRAINT `reservations_gym_class_id_foreign` FOREIGN KEY (`gym_class_id`) REFERENCES `gym_classes` (`id`) ON DELETE CASCADE) (Connection: mysql, Host: 127.0.0.1, Port: 3306, Database: dwes_tarea5, SQL: insert into `reservations` (`usuario`, `gym_class_id`, `fecha`, `updated_at`, `created_at`) values (Error, 999, 2026-03-27, 2026-03-27 16:31:55, 2026-03-27 16:31:55)) {"exception":"[object] (Illuminate\\Database\\QueryException(code: 23000): SQLSTATE[23000]: Integrity constraint violation: 1452 Cannot add or update a child row: a foreign key constraint fails (`dwes_tarea5`.`reservations`, CONSTRAINT `reservations_gym_class_id_foreign` FOREIGN KEY (`gym_class_id`) REFERENCES `gym_classes` (`id`) ON DELETE CASCADE) (Connection: mysql, Host: 127.0.0.1, Port: 3306, Database: dwes_tarea5, SQL: insert into `reservations` (`usuario`, `gym_class_id`, `fecha`, `updated_at`, `created_at`) values (Error, 999, 2026-03-27, 2026-03-27 16:31:55, 2026-03-27 16:31:55)) at C:/Users/aleja/OneDrive/Escritorio/dwes05-te-2526-avillastrigo/vendor/laravel/framework/src/Illuminate/Database/Connection.php:841)
[stacktrace]
#0 C:/Users/aleja/OneDrive/Escritorio/dwes05-te-2526-avillastrigo/vendor/laravel/framework/src/Illuminate/Database/Connection.php(797): Illuminate/Database/Connection->runQueryCallback('insert into `re...', Array, Object(Closure))
#1 C:/Users/aleja/OneDrive/Escritorio/dwes05-te-2526-avillastrigo/vendor/laravel/framework/src/Illuminate/Database/MySqlConnection.php(42): Illuminate/Database/Connection->run('insert into `re...', Array, Object(Closure))
#2 C:/Users/aleja/OneDrive/Escritorio/dwes05-te-2526-avillastrigo/vendor/laravel/framework/src/Illuminate/Database/Query/Processors/MySqlProcessor.php(35): Illuminate/Database/MySqlConnection->insert('insert into `re...', Array, 'id')
#3 C:/Users/aleja/OneDrive/Escritorio/dwes05-te-2526-avillastrigo/vendor/laravel/framework/src/Illuminate/Database/Query/Builder.php(4246): Illuminate/Database/Query/Processors/MySqlProcessor->processInsertGetId(Object(Illuminate/Database/Query/Builder), 'insert into `re...', Array, 'id')
#4 C:/Users/aleja/OneDrive/Escritorio/dwes05-te-2526-avillastrigo/vendor/laravel/framework/src/Illuminate/Database/Eloquent/Builder.php(2242): Illuminate/Database/Query/Builder->insertGetId(Array, 'id')
#5 C:/Users/aleja/OneDrive/Escritorio/dwes05-te-2526-avillastrigo/vendor/laravel/framework/src/Illuminate/Database/Eloquent/Model.php(1580): Illuminate/Database/Eloquent/Builder->__call('insertGetId', Array)
#6 C:/Users/aleja/OneDrive/Escritorio/dwes05-te-2526-avillastrigo/vendor/laravel/framework/src/Illuminate/Database/Eloquent/Model.php(1496): Illuminate/Database/Eloquent/Model->insertAndSetId(Object(Illuminate/Database/Eloquent/Builder), Array)
#7 C:/Users/aleja/OneDrive/Escritorio/dwes05-te-2526-avillastrigo/vendor/laravel/framework/src/Illuminate/Database/Eloquent/Model.php(1300): Illuminate/Database/Eloquent/Model->performInsert(Object(Illuminate/Database/Eloquent/Builder))
#8 C:/Users/aleja/OneDrive/Escritorio/dwes05-te-2526-avillastrigo/vendor/laravel/framework/src/Illuminate/Database/Eloquent/Builder.php(1224): Illuminate/Database/Eloquent/Model->save()
#9 C:/Users/aleja/OneDrive/Escritorio/dwes05-te-2526-avillastrigo/vendor/laravel/framework/src/Illuminate/Support/helpers.php(393): Illuminate/Database/Eloquent/Builder->{closure:Illuminate/Database/Eloquent/Builder::create():1223}(Object(App/Models/Reservation))
#10 C:/Users/aleja/OneDrive/Escritorio/dwes05-te-2526-avillastrigo/vendor/laravel/framework/src/Illuminate/Database/Eloquent/Builder.php(1223): tap(Object(App/Models/Reservation), Object(Closure))
#11 C:/Users/aleja/OneDrive/Escritorio/dwes05-te-2526-avillastrigo/vendor/laravel/framework/src/Illuminate/Support/Traits/ForwardsCalls.php(23): Illuminate/Database/Eloquent/Builder->create(Array)
#12 C:/Users/aleja/OneDrive/Escritorio/dwes05-te-2526-avillastrigo/vendor/laravel/framework/src/Illuminate/Database/Eloquent/Model.php(2723): Illuminate/Database/Eloquent/Model->forwardCallTo(Object(Illuminate/Database/Eloquent/Builder), 'create', Array)
#13 C:/Users/aleja/OneDrive/Escritorio/dwes05-te-2526-avillastrigo/vendor/laravel/framework/src/Illuminate/Database/Eloquent/Model.php(2739): Illuminate/Database/Eloquent/Model->__call('create', Array)
#14 C:/Users/aleja/OneDrive/Escritorio/dwes05-te-2526-avillastrigo/app/Http/Controllers/ReservationController.php(39): Illuminate/Database/Eloquent/Model::__callStatic('create', Array)
#15 C:/Users/aleja/OneDrive/Escritorio/dwes05-te-2526-avillastrigo/vendor/laravel/framework/src/Illuminate/Routing/ControllerDispatcher.php(46): App/Http/Controllers/ReservationController->store(Object(Illuminate/Http/Request))
#16 C:/Users/aleja/OneDrive/Escritorio/dwes05-te-2526-avillastrigo/vendor/laravel/framework/src/Illuminate/Routing/Route.php(269): Illuminate/Routing/ControllerDispatcher->dispatch(Object(Illuminate/Routing/Route), Object(App/Http/Controllers/ReservationController), 'store')
#17 C:/Users/aleja/OneDrive/Escritorio/dwes05-te-2526-avillastrigo/vendor/laravel/framework/src/Illuminate/Routing/Route.php(215): Illuminate/Routing/Route->runController()
#18 C:/Users/aleja/OneDrive/Escritorio/dwes05-te-2526-avillastrigo/vendor/laravel/framework/src/Illuminate/Routing/Router.php(822): Illuminate/Routing/Route->run()
#19 C:/Users/aleja/OneDrive/Escritorio/dwes05-te-2526-avillastrigo/vendor/laravel/framework/src/Illuminate/Pipeline/Pipeline.php(180): Illuminate/Routing/Router->{closure:Illuminate/Routing/Router::runRouteWithinStack():821}(Object(Illuminate/Http/Request))
#20 C:/Users/aleja/OneDrive/Escritorio/dwes05-te-2526-avillastrigo/vendor/laravel/framework/src/Illuminate/Routing/Middleware/SubstituteBindings.php(52): Illuminate/Pipeline/Pipeline->{closure:Illuminate/Pipeline/Pipeline::prepareDestination():178}(Object(Illuminate/Http/Request))
#21 C:/Users/aleja/OneDrive/Escritorio/dwes05-te-2526-avillastrigo/vendor/laravel/framework/src/Illuminate/Pipeline/Pipeline.php(219): Illuminate/Routing/Middleware/SubstituteBindings->handle(Object(Illuminate/Http/Request), Object(Closure))
#22 C:/Users/aleja/OneDrive/Escritorio/dwes05-te-2526-avillastrigo/vendor/laravel/framework/src/Illuminate/Pipeline/Pipeline.php(137): Illuminate/Pipeline/Pipeline->{closure:{closure:Illuminate/Pipeline/Pipeline::carry():194}:195}(Object(Illuminate/Http/Request))
#23 C:/Users/aleja/OneDrive/Escritorio/dwes05-te-2526-avillastrigo/vendor/laravel/framework/src/Illuminate/Routing/Router.php(821): Illuminate/Pipeline/Pipeline->then(Object(Closure))
#24 C:/Users/aleja/OneDrive/Escritorio/dwes05-te-2526-avillastrigo/vendor/laravel/framework/src/Illuminate/Routing/Router.php(800): Illuminate/Routing/Router->runRouteWithinStack(Object(Illuminate/Routing/Route), Object(Illuminate/Http/Request))
#25 C:/Users/aleja/OneDrive/Escritorio/dwes05-te-2526-avillastrigo/vendor/laravel/framework/src/Illuminate/Routing/Router.php(764): Illuminate/Routing/Router->runRoute(Object(Illuminate/Http/Request), Object(Illuminate/Routing/Route))
#26 C:/Users/aleja/OneDrive/Escritorio/dwes05-te-2526-avillastrigo/vendor/laravel/framework/src/Illuminate/Routing/Router.php(753): Illuminate/Routing/Router->dispatchToRoute(Object(Illuminate/Http/Request))
#27 C:/Users/aleja/OneDrive/Escritorio/dwes05-te-2526-avillastrigo/vendor/laravel/framework/src/Illuminate/Foundation/Http/Kernel.php(200): Illuminate/Routing/Router->dispatch(Object(Illuminate/Http/Request))
#28 C:/Users/aleja/OneDrive/Escritorio/dwes05-te-2526-avillastrigo/vendor/laravel/framework/src/Illuminate/Pipeline/Pipeline.php(180): Illuminate/Foundation/Http/Kernel->{closure:Illuminate/Foundation/Http/Kernel::dispatchToRouter():197}(Object(Illuminate/Http/Request))
#29 C:/Users/aleja/OneDrive/Escritorio/dwes05-te-2526-avillastrigo/vendor/laravel/framework/src/Illuminate/Foundation/Http/Middleware/TransformsRequest.php(21): Illuminate/Pipeline/Pipeline->{closure:Illuminate/Pipeline/Pipeline::prepareDestination():178}(Object(Illuminate/Http/Request))
#30 C:/Users/aleja/OneDrive/Escritorio/dwes05-te-2526-avillastrigo/vendor/laravel/framework/src/Illuminate/Foundation/Http/Middleware/ConvertEmptyStringsToNull.php(31): Illuminate/Foundation/Http/Middleware/TransformsRequest->handle(Object(Illuminate/Http/Request), Object(Closure))
#31 C:/Users/aleja/OneDrive/Escritorio/dwes05-te-2526-avillastrigo/vendor/laravel/framework/src/Illuminate/Pipeline/Pipeline.php(219): Illuminate/Foundation/Http/Middleware/ConvertEmptyStringsToNull->handle(Object(Illuminate/Http/Request), Object(Closure))
#32 C:/Users/aleja/OneDrive/Escritorio/dwes05-te-2526-avillastrigo/vendor/laravel/framework/src/Illuminate/Foundation/Http/Middleware/TransformsRequest.php(21): Illuminate/Pipeline/Pipeline->{closure:{closure:Illuminate/Pipeline/Pipeline::carry():194}:195}(Object(Illuminate/Http/Request))
#33 C:/Users/aleja/OneDrive/Escritorio/dwes05-te-2526-avillastrigo/vendor/laravel/framework/src/Illuminate/Foundation/Http/Middleware/TrimStrings.php(51): Illuminate/Foundation/Http/Middleware/TransformsRequest->handle(Object(Illuminate/Http/Request), Object(Closure))
#34 C:/Users/aleja/OneDrive/Escritorio/dwes05-te-2526-avillastrigo/vendor/laravel/framework/src/Illuminate/Pipeline/Pipeline.php(219): Illuminate/Foundation/Http/Middleware/TrimStrings->handle(Object(Illuminate/Http/Request), Object(Closure))
#35 C:/Users/aleja/OneDrive/Escritorio/dwes05-te-2526-avillastrigo/vendor/laravel/framework/src/Illuminate/Http/Middleware/ValidatePostSize.php(27): Illuminate/Pipeline/Pipeline->{closure:{closure:Illuminate/Pipeline/Pipeline::carry():194}:195}(Object(Illuminate/Http/Request))
#36 C:/Users/aleja/OneDrive/Escritorio/dwes05-te-2526-avillastrigo/vendor/laravel/framework/src/Illuminate/Pipeline/Pipeline.php(219): Illuminate/Http/Middleware/ValidatePostSize->handle(Object(Illuminate/Http/Request), Object(Closure))
#37 C:/Users/aleja/OneDrive/Escritorio/dwes05-te-2526-avillastrigo/vendor/laravel/framework/src/Illuminate/Foundation/Http/Middleware/PreventRequestsDuringMaintenance.php(109): Illuminate/Pipeline/Pipeline->{closure:{closure:Illuminate/Pipeline/Pipeline::carry():194}:195}(Object(Illuminate/Http/Request))
#38 C:/Users/aleja/OneDrive/Escritorio/dwes05-te-2526-avillastrigo/vendor/laravel/framework/src/Illuminate/Pipeline/Pipeline.php(219): Illuminate/Foundation/Http/Middleware/PreventRequestsDuringMaintenance->handle(Object(Illuminate/Http/Request), Object(Closure))
#39 C:/Users/aleja/OneDrive/Escritorio/dwes05-te-2526-avillastrigo/vendor/laravel/framework/src/Illuminate/Http/Middleware/HandleCors.php(74): Illuminate/Pipeline/Pipeline->{closure:{closure:Illuminate/Pipeline/Pipeline::carry():194}:195}(Object(Illuminate/Http/Request))
#40 C:/Users/aleja/OneDrive/Escritorio/dwes05-te-2526-avillastrigo/vendor/laravel/framework/src/Illuminate/Pipeline/Pipeline.php(219): Illuminate/Http/Middleware/HandleCors->handle(Object(Illuminate/Http/Request), Object(Closure))
#41 C:/Users/aleja/OneDrive/Escritorio/dwes05-te-2526-avillastrigo/vendor/laravel/framework/src/Illuminate/Http/Middleware/TrustProxies.php(58): Illuminate/Pipeline/Pipeline->{closure:{closure:Illuminate/Pipeline/Pipeline::carry():194}:195}(Object(Illuminate/Http/Request))
#42 C:/Users/aleja/OneDrive/Escritorio/dwes05-te-2526-avillastrigo/vendor/laravel/framework/src/Illuminate/Pipeline/Pipeline.php(219): Illuminate/Http/Middleware/TrustProxies->handle(Object(Illuminate/Http/Request), Object(Closure))
#43 C:/Users/aleja/OneDrive/Escritorio/dwes05-te-2526-avillastrigo/vendor/laravel/framework/src/Illuminate/Foundation/Http/Middleware/InvokeDeferredCallbacks.php(22): Illuminate/Pipeline/Pipeline->{closure:{closure:Illuminate/Pipeline/Pipeline::carry():194}:195}(Object(Illuminate/Http/Request))
#44 C:/Users/aleja/OneDrive/Escritorio/dwes05-te-2526-avillastrigo/vendor/laravel/framework/src/Illuminate/Pipeline/Pipeline.php(219): Illuminate/Foundation/Http/Middleware/InvokeDeferredCallbacks->handle(Object(Illuminate/Http/Request), Object(Closure))
#45 C:/Users/aleja/OneDrive/Escritorio/dwes05-te-2526-avillastrigo/vendor/laravel/framework/src/Illuminate/Http/Middleware/ValidatePathEncoding.php(28): Illuminate/Pipeline/Pipeline->{closure:{closure:Illuminate/Pipeline/Pipeline::carry():194}:195}(Object(Illuminate/Http/Request))
#46 C:/Users/aleja/OneDrive/Escritorio/dwes05-te-2526-avillastrigo/vendor/laravel/framework/src/Illuminate/Pipeline/Pipeline.php(219): Illuminate/Http/Middleware/ValidatePathEncoding->handle(Object(Illuminate/Http/Request), Object(Closure))
#47 C:/Users/aleja/OneDrive/Escritorio/dwes05-te-2526-avillastrigo/vendor/laravel/framework/src/Illuminate/Pipeline/Pipeline.php(137): Illuminate/Pipeline/Pipeline->{closure:{closure:Illuminate/Pipeline/Pipeline::carry():194}:195}(Object(Illuminate/Http/Request))
#48 C:/Users/aleja/OneDrive/Escritorio/dwes05-te-2526-avillastrigo/vendor/laravel/framework/src/Illuminate/Foundation/Http/Kernel.php(175): Illuminate/Pipeline/Pipeline->then(Object(Closure))
#49 C:/Users/aleja/OneDrive/Escritorio/dwes05-te-2526-avillastrigo/vendor/laravel/framework/src/Illuminate/Foundation/Http/Kernel.php(144): Illuminate/Foundation/Http/Kernel->sendRequestThroughRouter(Object(Illuminate/Http/Request))
#50 C:/Users/aleja/OneDrive/Escritorio/dwes05-te-2526-avillastrigo/vendor/laravel/framework/src/Illuminate/Foundation/Application.php(1220): Illuminate/Foundation/Http/Kernel->handle(Object(Illuminate/Http/Request))
#51 C:/Users/aleja/OneDrive/Escritorio/dwes05-te-2526-avillastrigo/public/index.php(20): Illuminate/Foundation/Application->handleRequest(Object(Illuminate/Http/Request))
#52 C:/Users/aleja/OneDrive/Escritorio/dwes05-te-2526-avillastrigo/vendor/laravel/framework/src/Illuminate/Foundation/resources/server.php(23): require_once('C://Users//aleja//...')
#53 {main}

[previous exception] [object] (PDOException(code: 23000): SQLSTATE[23000]: Integrity constraint violation: 1452 Cannot add or update a child row: a foreign key constraint fails (`dwes_tarea5`.`reservations`, CONSTRAINT `reservations_gym_class_id_foreign` FOREIGN KEY (`gym_class_id`) REFERENCES `gym_classes` (`id`) ON DELETE CASCADE) at C:/Users/aleja/OneDrive/Escritorio/dwes05-te-2526-avillastrigo/vendor/laravel/framework/src/Illuminate/Database/MySqlConnection.php:53)
[stacktrace]
#0 C:/Users/aleja/OneDrive/Escritorio/dwes05-te-2526-avillastrigo/vendor/laravel/framework/src/Illuminate/Database/MySqlConnection.php(53): PDOStatement->execute()
#1 C:/Users/aleja/OneDrive/Escritorio/dwes05-te-2526-avillastrigo/vendor/laravel/framework/src/Illuminate/Database/Connection.php(830): Illuminate/Database/MySqlConnection->{closure:Illuminate/Database/MySqlConnection::insert():42}('insert into `re...', Array)
#2 C:/Users/aleja/OneDrive/Escritorio/dwes05-te-2526-avillastrigo/vendor/laravel/framework/src/Illuminate/Database/Connection.php(797): Illuminate/Database/Connection->runQueryCallback('insert into `re...', Array, Object(Closure))
#3 C:/Users/aleja/OneDrive/Escritorio/dwes05-te-2526-avillastrigo/vendor/laravel/framework/src/Illuminate/Database/MySqlConnection.php(42): Illuminate/Database/Connection->run('insert into `re...', Array, Object(Closure))
#4 C:/Users/aleja/OneDrive/Escritorio/dwes05-te-2526-avillastrigo/vendor/laravel/framework/src/Illuminate/Database/Query/Processors/MySqlProcessor.php(35): Illuminate/Database/MySqlConnection->insert('insert into `re...', Array, 'id')
#5 C:/Users/aleja/OneDrive/Escritorio/dwes05-te-2526-avillastrigo/vendor/laravel/framework/src/Illuminate/Database/Query/Builder.php(4246): Illuminate/Database/Query/Processors/MySqlProcessor->processInsertGetId(Object(Illuminate/Database/Query/Builder), 'insert into `re...', Array, 'id')
#6 C:/Users/aleja/OneDrive/Escritorio/dwes05-te-2526-avillastrigo/vendor/laravel/framework/src/Illuminate/Database/Eloquent/Builder.php(2242): Illuminate/Database/Query/Builder->insertGetId(Array, 'id')
#7 C:/Users/aleja/OneDrive/Escritorio/dwes05-te-2526-avillastrigo/vendor/laravel/framework/src/Illuminate/Database/Eloquent/Model.php(1580): Illuminate/Database/Eloquent/Builder->__call('insertGetId', Array)
#8 C:/Users/aleja/OneDrive/Escritorio/dwes05-te-2526-avillastrigo/vendor/laravel/framework/src/Illuminate/Database/Eloquent/Model.php(1496): Illuminate/Database/Eloquent/Model->insertAndSetId(Object(Illuminate/Database/Eloquent/Builder), Array)
#9 C:/Users/aleja/OneDrive/Escritorio/dwes05-te-2526-avillastrigo/vendor/laravel/framework/src/Illuminate/Database/Eloquent/Model.php(1300): Illuminate/Database/Eloquent/Model->performInsert(Object(Illuminate/Database/Eloquent/Builder))
#10 C:/Users/aleja/OneDrive/Escritorio/dwes05-te-2526-avillastrigo/vendor/laravel/framework/src/Illuminate/Database/Eloquent/Builder.php(1224): Illuminate/Database/Eloquent/Model->save()
#11 C:/Users/aleja/OneDrive/Escritorio/dwes05-te-2526-avillastrigo/vendor/laravel/framework/src/Illuminate/Support/helpers.php(393): Illuminate/Database/Eloquent/Builder->{closure:Illuminate/Database/Eloquent/Builder::create():1223}(Object(App/Models/Reservation))
#12 C:/Users/aleja/OneDrive/Escritorio/dwes05-te-2526-avillastrigo/vendor/laravel/framework/src/Illuminate/Database/Eloquent/Builder.php(1223): tap(Object(App/Models/Reservation), Object(Closure))
#13 C:/Users/aleja/OneDrive/Escritorio/dwes05-te-2526-avillastrigo/vendor/laravel/framework/src/Illuminate/Support/Traits/ForwardsCalls.php(23): Illuminate/Database/Eloquent/Builder->create(Array)
#14 C:/Users/aleja/OneDrive/Escritorio/dwes05-te-2526-avillastrigo/vendor/laravel/framework/src/Illuminate/Database/Eloquent/Model.php(2723): Illuminate/Database/Eloquent/Model->forwardCallTo(Object(Illuminate/Database/Eloquent/Builder), 'create', Array)
#15 C:/Users/aleja/OneDrive/Escritorio/dwes05-te-2526-avillastrigo/vendor/laravel/framework/src/Illuminate/Database/Eloquent/Model.php(2739): Illuminate/Database/Eloquent/Model->__call('create', Array)
#16 C:/Users/aleja/OneDrive/Escritorio/dwes05-te-2526-avillastrigo/app/Http/Controllers/ReservationController.php(39): Illuminate/Database/Eloquent/Model::__callStatic('create', Array)
#17 C:/Users/aleja/OneDrive/Escritorio/dwes05-te-2526-avillastrigo/vendor/laravel/framework/src/Illuminate/Routing/ControllerDispatcher.php(46): App/Http/Controllers/ReservationController->store(Object(Illuminate/Http/Request))
#18 C:/Users/aleja/OneDrive/Escritorio/dwes05-te-2526-avillastrigo/vendor/laravel/framework/src/Illuminate/Routing/Route.php(269): Illuminate/Routing/ControllerDispatcher->dispatch(Object(Illuminate/Routing/Route), Object(App/Http/Controllers/ReservationController), 'store')
#19 C:/Users/aleja/OneDrive/Escritorio/dwes05-te-2526-avillastrigo/vendor/laravel/framework/src/Illuminate/Routing/Route.php(215): Illuminate/Routing/Route->runController()
#20 C:/Users/aleja/OneDrive/Escritorio/dwes05-te-2526-avillastrigo/vendor/laravel/framework/src/Illuminate/Routing/Router.php(822): Illuminate/Routing/Route->run()
#21 C:/Users/aleja/OneDrive/Escritorio/dwes05-te-2526-avillastrigo/vendor/laravel/framework/src/Illuminate/Pipeline/Pipeline.php(180): Illuminate/Routing/Router->{closure:Illuminate/Routing/Router::runRouteWithinStack():821}(Object(Illuminate/Http/Request))
#22 C:/Users/aleja/OneDrive/Escritorio/dwes05-te-2526-avillastrigo/vendor/laravel/framework/src/Illuminate/Routing/Middleware/SubstituteBindings.php(52): Illuminate/Pipeline/Pipeline->{closure:Illuminate/Pipeline/Pipeline::prepareDestination():178}(Object(Illuminate/Http/Request))
#23 C:/Users/aleja/OneDrive/Escritorio/dwes05-te-2526-avillastrigo/vendor/laravel/framework/src/Illuminate/Pipeline/Pipeline.php(219): Illuminate/Routing/Middleware/SubstituteBindings->handle(Object(Illuminate/Http/Request), Object(Closure))
#24 C:/Users/aleja/OneDrive/Escritorio/dwes05-te-2526-avillastrigo/vendor/laravel/framework/src/Illuminate/Pipeline/Pipeline.php(137): Illuminate/Pipeline/Pipeline->{closure:{closure:Illuminate/Pipeline/Pipeline::carry():194}:195}(Object(Illuminate/Http/Request))
#25 C:/Users/aleja/OneDrive/Escritorio/dwes05-te-2526-avillastrigo/vendor/laravel/framework/src/Illuminate/Routing/Router.php(821): Illuminate/Pipeline/Pipeline->then(Object(Closure))
#26 C:/Users/aleja/OneDrive/Escritorio/dwes05-te-2526-avillastrigo/vendor/laravel/framework/src/Illuminate/Routing/Router.php(800): Illuminate/Routing/Router->runRouteWithinStack(Object(Illuminate/Routing/Route), Object(Illuminate/Http/Request))
#27 C:/Users/aleja/OneDrive/Escritorio/dwes05-te-2526-avillastrigo/vendor/laravel/framework/src/Illuminate/Routing/Router.php(764): Illuminate/Routing/Router->runRoute(Object(Illuminate/Http/Request), Object(Illuminate/Routing/Route))
#28 C:/Users/aleja/OneDrive/Escritorio/dwes05-te-2526-avillastrigo/vendor/laravel/framework/src/Illuminate/Routing/Router.php(753): Illuminate/Routing/Router->dispatchToRoute(Object(Illuminate/Http/Request))
#29 C:/Users/aleja/OneDrive/Escritorio/dwes05-te-2526-avillastrigo/vendor/laravel/framework/src/Illuminate/Foundation/Http/Kernel.php(200): Illuminate/Routing/Router->dispatch(Object(Illuminate/Http/Request))
#30 C:/Users/aleja/OneDrive/Escritorio/dwes05-te-2526-avillastrigo/vendor/laravel/framework/src/Illuminate/Pipeline/Pipeline.php(180): Illuminate/Foundation/Http/Kernel->{closure:Illuminate/Foundation/Http/Kernel::dispatchToRouter():197}(Object(Illuminate/Http/Request))
#31 C:/Users/aleja/OneDrive/Escritorio/dwes05-te-2526-avillastrigo/vendor/laravel/framework/src/Illuminate/Foundation/Http/Middleware/TransformsRequest.php(21): Illuminate/Pipeline/Pipeline->{closure:Illuminate/Pipeline/Pipeline::prepareDestination():178}(Object(Illuminate/Http/Request))
#32 C:/Users/aleja/OneDrive/Escritorio/dwes05-te-2526-avillastrigo/vendor/laravel/framework/src/Illuminate/Foundation/Http/Middleware/ConvertEmptyStringsToNull.php(31): Illuminate/Foundation/Http/Middleware/TransformsRequest->handle(Object(Illuminate/Http/Request), Object(Closure))
#33 C:/Users/aleja/OneDrive/Escritorio/dwes05-te-2526-avillastrigo/vendor/laravel/framework/src/Illuminate/Pipeline/Pipeline.php(219): Illuminate/Foundation/Http/Middleware/ConvertEmptyStringsToNull->handle(Object(Illuminate/Http/Request), Object(Closure))
#34 C:/Users/aleja/OneDrive/Escritorio/dwes05-te-2526-avillastrigo/vendor/laravel/framework/src/Illuminate/Foundation/Http/Middleware/TransformsRequest.php(21): Illuminate/Pipeline/Pipeline->{closure:{closure:Illuminate/Pipeline/Pipeline::carry():194}:195}(Object(Illuminate/Http/Request))
#35 C:/Users/aleja/OneDrive/Escritorio/dwes05-te-2526-avillastrigo/vendor/laravel/framework/src/Illuminate/Foundation/Http/Middleware/TrimStrings.php(51): Illuminate/Foundation/Http/Middleware/TransformsRequest->handle(Object(Illuminate/Http/Request), Object(Closure))
#36 C:/Users/aleja/OneDrive/Escritorio/dwes05-te-2526-avillastrigo/vendor/laravel/framework/src/Illuminate/Pipeline/Pipeline.php(219): Illuminate/Foundation/Http/Middleware/TrimStrings->handle(Object(Illuminate/Http/Request), Object(Closure))
#37 C:/Users/aleja/OneDrive/Escritorio/dwes05-te-2526-avillastrigo/vendor/laravel/framework/src/Illuminate/Http/Middleware/ValidatePostSize.php(27): Illuminate/Pipeline/Pipeline->{closure:{closure:Illuminate/Pipeline/Pipeline::carry():194}:195}(Object(Illuminate/Http/Request))
#38 C:/Users/aleja/OneDrive/Escritorio/dwes05-te-2526-avillastrigo/vendor/laravel/framework/src/Illuminate/Pipeline/Pipeline.php(219): Illuminate/Http/Middleware/ValidatePostSize->handle(Object(Illuminate/Http/Request), Object(Closure))
#39 C:/Users/aleja/OneDrive/Escritorio/dwes05-te-2526-avillastrigo/vendor/laravel/framework/src/Illuminate/Foundation/Http/Middleware/PreventRequestsDuringMaintenance.php(109): Illuminate/Pipeline/Pipeline->{closure:{closure:Illuminate/Pipeline/Pipeline::carry():194}:195}(Object(Illuminate/Http/Request))
#40 C:/Users/aleja/OneDrive/Escritorio/dwes05-te-2526-avillastrigo/vendor/laravel/framework/src/Illuminate/Pipeline/Pipeline.php(219): Illuminate/Foundation/Http/Middleware/PreventRequestsDuringMaintenance->handle(Object(Illuminate/Http/Request), Object(Closure))
#41 C:/Users/aleja/OneDrive/Escritorio/dwes05-te-2526-avillastrigo/vendor/laravel/framework/src/Illuminate/Http/Middleware/HandleCors.php(74): Illuminate/Pipeline/Pipeline->{closure:{closure:Illuminate/Pipeline/Pipeline::carry():194}:195}(Object(Illuminate/Http/Request))
#42 C:/Users/aleja/OneDrive/Escritorio/dwes05-te-2526-avillastrigo/vendor/laravel/framework/src/Illuminate/Pipeline/Pipeline.php(219): Illuminate/Http/Middleware/HandleCors->handle(Object(Illuminate/Http/Request), Object(Closure))
#43 C:/Users/aleja/OneDrive/Escritorio/dwes05-te-2526-avillastrigo/vendor/laravel/framework/src/Illuminate/Http/Middleware/TrustProxies.php(58): Illuminate/Pipeline/Pipeline->{closure:{closure:Illuminate/Pipeline/Pipeline::carry():194}:195}(Object(Illuminate/Http/Request))
#44 C:/Users/aleja/OneDrive/Escritorio/dwes05-te-2526-avillastrigo/vendor/laravel/framework/src/Illuminate/Pipeline/Pipeline.php(219): Illuminate/Http/Middleware/TrustProxies->handle(Object(Illuminate/Http/Request), Object(Closure))
#45 C:/Users/aleja/OneDrive/Escritorio/dwes05-te-2526-avillastrigo/vendor/laravel/framework/src/Illuminate/Foundation/Http/Middleware/InvokeDeferredCallbacks.php(22): Illuminate/Pipeline/Pipeline->{closure:{closure:Illuminate/Pipeline/Pipeline::carry():194}:195}(Object(Illuminate/Http/Request))
#46 C:/Users/aleja/OneDrive/Escritorio/dwes05-te-2526-avillastrigo/vendor/laravel/framework/src/Illuminate/Pipeline/Pipeline.php(219): Illuminate/Foundation/Http/Middleware/InvokeDeferredCallbacks->handle(Object(Illuminate/Http/Request), Object(Closure))
#47 C:/Users/aleja/OneDrive/Escritorio/dwes05-te-2526-avillastrigo/vendor/laravel/framework/src/Illuminate/Http/Middleware/ValidatePathEncoding.php(28): Illuminate/Pipeline/Pipeline->{closure:{closure:Illuminate/Pipeline/Pipeline::carry():194}:195}(Object(Illuminate/Http/Request))
#48 C:/Users/aleja/OneDrive/Escritorio/dwes05-te-2526-avillastrigo/vendor/laravel/framework/src/Illuminate/Pipeline/Pipeline.php(219): Illuminate/Http/Middleware/ValidatePathEncoding->handle(Object(Illuminate/Http/Request), Object(Closure))
#49 C:/Users/aleja/OneDrive/Escritorio/dwes05-te-2526-avillastrigo/vendor/laravel/framework/src/Illuminate/Pipeline/Pipeline.php(137): Illuminate/Pipeline/Pipeline->{closure:{closure:Illuminate/Pipeline/Pipeline::carry():194}:195}(Object(Illuminate/Http/Request))
#50 C:/Users/aleja/OneDrive/Escritorio/dwes05-te-2526-avillastrigo/vendor/laravel/framework/src/Illuminate/Foundation/Http/Kernel.php(175): Illuminate/Pipeline/Pipeline->then(Object(Closure))
#51 C:/Users/aleja/OneDrive/Escritorio/dwes05-te-2526-avillastrigo/vendor/laravel/framework/src/Illuminate/Foundation/Http/Kernel.php(144): Illuminate/Foundation/Http/Kernel->sendRequestThroughRouter(Object(Illuminate/Http/Request))
#52 C:/Users/aleja/OneDrive/Escritorio/dwes05-te-2526-avillastrigo/vendor/laravel/framework/src/Illuminate/Foundation/Application.php(1220): Illuminate/Foundation/Http/Kernel->handle(Object(Illuminate/Http/Request))
#53 C:/Users/aleja/OneDrive/Escritorio/dwes05-te-2526-avillastrigo/public/index.php(20): Illuminate/Foundation/Application->handleRequest(Object(Illuminate/Http/Request))
#54 C:/Users/aleja/OneDrive/Escritorio/dwes05-te-2526-avillastrigo/vendor/laravel/framework/src/Illuminate/Foundation/resources/server.php(23): require_once('C://Users//aleja//...')
#55 {main}
"} 
[2026-03-27 16:37:15] local.ERROR: SQLSTATE[23000]: Integrity constraint violation: 1452 Cannot add or update a child row: a foreign key constraint fails (`dwes_tarea5`.`reservations`, CONSTRAINT `reservations_gym_class_id_foreign` FOREIGN KEY (`gym_class_id`) REFERENCES `gym_classes` (`id`) ON DELETE CASCADE) (Connection: mysql, Host: 127.0.0.1, Port: 3306, Database: dwes_tarea5, SQL: insert into `reservations` (`usuario`, `gym_class_id`, `fecha`, `updated_at`, `created_at`) values (Begoña, 3, 2026-03-31, 2026-03-27 16:37:15, 2026-03-27 16:37:15)) {"exception":"[object] (Illuminate\\Database\\QueryException(code: 23000): SQLSTATE[23000]: Integrity constraint violation: 1452 Cannot add or update a child row: a foreign key constraint fails (`dwes_tarea5`.`reservations`, CONSTRAINT `reservations_gym_class_id_foreign` FOREIGN KEY (`gym_class_id`) REFERENCES `gym_classes` (`id`) ON DELETE CASCADE) (Connection: mysql, Host: 127.0.0.1, Port: 3306, Database: dwes_tarea5, SQL: insert into `reservations` (`usuario`, `gym_class_id`, `fecha`, `updated_at`, `created_at`) values (Begoña, 3, 2026-03-31, 2026-03-27 16:37:15, 2026-03-27 16:37:15)) at C:/Users/aleja/OneDrive/Escritorio/dwes05-te-2526-avillastrigo/vendor/laravel/framework/src/Illuminate/Database/Connection.php:841)
[stacktrace]
#0 C:/Users/aleja/OneDrive/Escritorio/dwes05-te-2526-avillastrigo/vendor/laravel/framework/src/Illuminate/Database/Connection.php(797): Illuminate/Database/Connection->runQueryCallback('insert into `re...', Array, Object(Closure))
#1 C:/Users/aleja/OneDrive/Escritorio/dwes05-te-2526-avillastrigo/vendor/laravel/framework/src/Illuminate/Database/MySqlConnection.php(42): Illuminate/Database/Connection->run('insert into `re...', Array, Object(Closure))
#2 C:/Users/aleja/OneDrive/Escritorio/dwes05-te-2526-avillastrigo/vendor/laravel/framework/src/Illuminate/Database/Query/Processors/MySqlProcessor.php(35): Illuminate/Database/MySqlConnection->insert('insert into `re...', Array, 'id')
#3 C:/Users/aleja/OneDrive/Escritorio/dwes05-te-2526-avillastrigo/vendor/laravel/framework/src/Illuminate/Database/Query/Builder.php(4246): Illuminate/Database/Query/Processors/MySqlProcessor->processInsertGetId(Object(Illuminate/Database/Query/Builder), 'insert into `re...', Array, 'id')
#4 C:/Users/aleja/OneDrive/Escritorio/dwes05-te-2526-avillastrigo/vendor/laravel/framework/src/Illuminate/Database/Eloquent/Builder.php(2242): Illuminate/Database/Query/Builder->insertGetId(Array, 'id')
#5 C:/Users/aleja/OneDrive/Escritorio/dwes05-te-2526-avillastrigo/vendor/laravel/framework/src/Illuminate/Database/Eloquent/Model.php(1580): Illuminate/Database/Eloquent/Builder->__call('insertGetId', Array)
#6 C:/Users/aleja/OneDrive/Escritorio/dwes05-te-2526-avillastrigo/vendor/laravel/framework/src/Illuminate/Database/Eloquent/Model.php(1496): Illuminate/Database/Eloquent/Model->insertAndSetId(Object(Illuminate/Database/Eloquent/Builder), Array)
#7 C:/Users/aleja/OneDrive/Escritorio/dwes05-te-2526-avillastrigo/vendor/laravel/framework/src/Illuminate/Database/Eloquent/Model.php(1300): Illuminate/Database/Eloquent/Model->performInsert(Object(Illuminate/Database/Eloquent/Builder))
#8 C:/Users/aleja/OneDrive/Escritorio/dwes05-te-2526-avillastrigo/vendor/laravel/framework/src/Illuminate/Database/Eloquent/Builder.php(1224): Illuminate/Database/Eloquent/Model->save()
#9 C:/Users/aleja/OneDrive/Escritorio/dwes05-te-2526-avillastrigo/vendor/laravel/framework/src/Illuminate/Support/helpers.php(393): Illuminate/Database/Eloquent/Builder->{closure:Illuminate/Database/Eloquent/Builder::create():1223}(Object(App/Models/Reservation))
#10 C:/Users/aleja/OneDrive/Escritorio/dwes05-te-2526-avillastrigo/vendor/laravel/framework/src/Illuminate/Database/Eloquent/Builder.php(1223): tap(Object(App/Models/Reservation), Object(Closure))
#11 C:/Users/aleja/OneDrive/Escritorio/dwes05-te-2526-avillastrigo/vendor/laravel/framework/src/Illuminate/Support/Traits/ForwardsCalls.php(23): Illuminate/Database/Eloquent/Builder->create(Array)
#12 C:/Users/aleja/OneDrive/Escritorio/dwes05-te-2526-avillastrigo/vendor/laravel/framework/src/Illuminate/Database/Eloquent/Model.php(2723): Illuminate/Database/Eloquent/Model->forwardCallTo(Object(Illuminate/Database/Eloquent/Builder), 'create', Array)
#13 C:/Users/aleja/OneDrive/Escritorio/dwes05-te-2526-avillastrigo/vendor/laravel/framework/src/Illuminate/Database/Eloquent/Model.php(2739): Illuminate/Database/Eloquent/Model->__call('create', Array)
#14 C:/Users/aleja/OneDrive/Escritorio/dwes05-te-2526-avillastrigo/app/Http/Controllers/ReservationController.php(39): Illuminate/Database/Eloquent/Model::__callStatic('create', Array)
#15 C:/Users/aleja/OneDrive/Escritorio/dwes05-te-2526-avillastrigo/vendor/laravel/framework/src/Illuminate/Routing/ControllerDispatcher.php(46): App/Http/Controllers/ReservationController->store(Object(Illuminate/Http/Request))
#16 C:/Users/aleja/OneDrive/Escritorio/dwes05-te-2526-avillastrigo/vendor/laravel/framework/src/Illuminate/Routing/Route.php(269): Illuminate/Routing/ControllerDispatcher->dispatch(Object(Illuminate/Routing/Route), Object(App/Http/Controllers/ReservationController), 'store')
#17 C:/Users/aleja/OneDrive/Escritorio/dwes05-te-2526-avillastrigo/vendor/laravel/framework/src/Illuminate/Routing/Route.php(215): Illuminate/Routing/Route->runController()
#18 C:/Users/aleja/OneDrive/Escritorio/dwes05-te-2526-avillastrigo/vendor/laravel/framework/src/Illuminate/Routing/Router.php(822): Illuminate/Routing/Route->run()
#19 C:/Users/aleja/OneDrive/Escritorio/dwes05-te-2526-avillastrigo/vendor/laravel/framework/src/Illuminate/Pipeline/Pipeline.php(180): Illuminate/Routing/Router->{closure:Illuminate/Routing/Router::runRouteWithinStack():821}(Object(Illuminate/Http/Request))
#20 C:/Users/aleja/OneDrive/Escritorio/dwes05-te-2526-avillastrigo/vendor/laravel/framework/src/Illuminate/Routing/Middleware/SubstituteBindings.php(52): Illuminate/Pipeline/Pipeline->{closure:Illuminate/Pipeline/Pipeline::prepareDestination():178}(Object(Illuminate/Http/Request))
#21 C:/Users/aleja/OneDrive/Escritorio/dwes05-te-2526-avillastrigo/vendor/laravel/framework/src/Illuminate/Pipeline/Pipeline.php(219): Illuminate/Routing/Middleware/SubstituteBindings->handle(Object(Illuminate/Http/Request), Object(Closure))
#22 C:/Users/aleja/OneDrive/Escritorio/dwes05-te-2526-avillastrigo/vendor/laravel/framework/src/Illuminate/Pipeline/Pipeline.php(137): Illuminate/Pipeline/Pipeline->{closure:{closure:Illuminate/Pipeline/Pipeline::carry():194}:195}(Object(Illuminate/Http/Request))
#23 C:/Users/aleja/OneDrive/Escritorio/dwes05-te-2526-avillastrigo/vendor/laravel/framework/src/Illuminate/Routing/Router.php(821): Illuminate/Pipeline/Pipeline->then(Object(Closure))
#24 C:/Users/aleja/OneDrive/Escritorio/dwes05-te-2526-avillastrigo/vendor/laravel/framework/src/Illuminate/Routing/Router.php(800): Illuminate/Routing/Router->runRouteWithinStack(Object(Illuminate/Routing/Route), Object(Illuminate/Http/Request))
#25 C:/Users/aleja/OneDrive/Escritorio/dwes05-te-2526-avillastrigo/vendor/laravel/framework/src/Illuminate/Routing/Router.php(764): Illuminate/Routing/Router->runRoute(Object(Illuminate/Http/Request), Object(Illuminate/Routing/Route))
#26 C:/Users/aleja/OneDrive/Escritorio/dwes05-te-2526-avillastrigo/vendor/laravel/framework/src/Illuminate/Routing/Router.php(753): Illuminate/Routing/Router->dispatchToRoute(Object(Illuminate/Http/Request))
#27 C:/Users/aleja/OneDrive/Escritorio/dwes05-te-2526-avillastrigo/vendor/laravel/framework/src/Illuminate/Foundation/Http/Kernel.php(200): Illuminate/Routing/Router->dispatch(Object(Illuminate/Http/Request))
#28 C:/Users/aleja/OneDrive/Escritorio/dwes05-te-2526-avillastrigo/vendor/laravel/framework/src/Illuminate/Pipeline/Pipeline.php(180): Illuminate/Foundation/Http/Kernel->{closure:Illuminate/Foundation/Http/Kernel::dispatchToRouter():197}(Object(Illuminate/Http/Request))
#29 C:/Users/aleja/OneDrive/Escritorio/dwes05-te-2526-avillastrigo/vendor/laravel/framework/src/Illuminate/Foundation/Http/Middleware/TransformsRequest.php(21): Illuminate/Pipeline/Pipeline->{closure:Illuminate/Pipeline/Pipeline::prepareDestination():178}(Object(Illuminate/Http/Request))
#30 C:/Users/aleja/OneDrive/Escritorio/dwes05-te-2526-avillastrigo/vendor/laravel/framework/src/Illuminate/Foundation/Http/Middleware/ConvertEmptyStringsToNull.php(31): Illuminate/Foundation/Http/Middleware/TransformsRequest->handle(Object(Illuminate/Http/Request), Object(Closure))
#31 C:/Users/aleja/OneDrive/Escritorio/dwes05-te-2526-avillastrigo/vendor/laravel/framework/src/Illuminate/Pipeline/Pipeline.php(219): Illuminate/Foundation/Http/Middleware/ConvertEmptyStringsToNull->handle(Object(Illuminate/Http/Request), Object(Closure))
#32 C:/Users/aleja/OneDrive/Escritorio/dwes05-te-2526-avillastrigo/vendor/laravel/framework/src/Illuminate/Foundation/Http/Middleware/TransformsRequest.php(21): Illuminate/Pipeline/Pipeline->{closure:{closure:Illuminate/Pipeline/Pipeline::carry():194}:195}(Object(Illuminate/Http/Request))
#33 C:/Users/aleja/OneDrive/Escritorio/dwes05-te-2526-avillastrigo/vendor/laravel/framework/src/Illuminate/Foundation/Http/Middleware/TrimStrings.php(51): Illuminate/Foundation/Http/Middleware/TransformsRequest->handle(Object(Illuminate/Http/Request), Object(Closure))
#34 C:/Users/aleja/OneDrive/Escritorio/dwes05-te-2526-avillastrigo/vendor/laravel/framework/src/Illuminate/Pipeline/Pipeline.php(219): Illuminate/Foundation/Http/Middleware/TrimStrings->handle(Object(Illuminate/Http/Request), Object(Closure))
#35 C:/Users/aleja/OneDrive/Escritorio/dwes05-te-2526-avillastrigo/vendor/laravel/framework/src/Illuminate/Http/Middleware/ValidatePostSize.php(27): Illuminate/Pipeline/Pipeline->{closure:{closure:Illuminate/Pipeline/Pipeline::carry():194}:195}(Object(Illuminate/Http/Request))
#36 C:/Users/aleja/OneDrive/Escritorio/dwes05-te-2526-avillastrigo/vendor/laravel/framework/src/Illuminate/Pipeline/Pipeline.php(219): Illuminate/Http/Middleware/ValidatePostSize->handle(Object(Illuminate/Http/Request), Object(Closure))
#37 C:/Users/aleja/OneDrive/Escritorio/dwes05-te-2526-avillastrigo/vendor/laravel/framework/src/Illuminate/Foundation/Http/Middleware/PreventRequestsDuringMaintenance.php(109): Illuminate/Pipeline/Pipeline->{closure:{closure:Illuminate/Pipeline/Pipeline::carry():194}:195}(Object(Illuminate/Http/Request))
#38 C:/Users/aleja/OneDrive/Escritorio/dwes05-te-2526-avillastrigo/vendor/laravel/framework/src/Illuminate/Pipeline/Pipeline.php(219): Illuminate/Foundation/Http/Middleware/PreventRequestsDuringMaintenance->handle(Object(Illuminate/Http/Request), Object(Closure))
#39 C:/Users/aleja/OneDrive/Escritorio/dwes05-te-2526-avillastrigo/vendor/laravel/framework/src/Illuminate/Http/Middleware/HandleCors.php(74): Illuminate/Pipeline/Pipeline->{closure:{closure:Illuminate/Pipeline/Pipeline::carry():194}:195}(Object(Illuminate/Http/Request))
#40 C:/Users/aleja/OneDrive/Escritorio/dwes05-te-2526-avillastrigo/vendor/laravel/framework/src/Illuminate/Pipeline/Pipeline.php(219): Illuminate/Http/Middleware/HandleCors->handle(Object(Illuminate/Http/Request), Object(Closure))
#41 C:/Users/aleja/OneDrive/Escritorio/dwes05-te-2526-avillastrigo/vendor/laravel/framework/src/Illuminate/Http/Middleware/TrustProxies.php(58): Illuminate/Pipeline/Pipeline->{closure:{closure:Illuminate/Pipeline/Pipeline::carry():194}:195}(Object(Illuminate/Http/Request))
#42 C:/Users/aleja/OneDrive/Escritorio/dwes05-te-2526-avillastrigo/vendor/laravel/framework/src/Illuminate/Pipeline/Pipeline.php(219): Illuminate/Http/Middleware/TrustProxies->handle(Object(Illuminate/Http/Request), Object(Closure))
#43 C:/Users/aleja/OneDrive/Escritorio/dwes05-te-2526-avillastrigo/vendor/laravel/framework/src/Illuminate/Foundation/Http/Middleware/InvokeDeferredCallbacks.php(22): Illuminate/Pipeline/Pipeline->{closure:{closure:Illuminate/Pipeline/Pipeline::carry():194}:195}(Object(Illuminate/Http/Request))
#44 C:/Users/aleja/OneDrive/Escritorio/dwes05-te-2526-avillastrigo/vendor/laravel/framework/src/Illuminate/Pipeline/Pipeline.php(219): Illuminate/Foundation/Http/Middleware/InvokeDeferredCallbacks->handle(Object(Illuminate/Http/Request), Object(Closure))
#45 C:/Users/aleja/OneDrive/Escritorio/dwes05-te-2526-avillastrigo/vendor/laravel/framework/src/Illuminate/Http/Middleware/ValidatePathEncoding.php(28): Illuminate/Pipeline/Pipeline->{closure:{closure:Illuminate/Pipeline/Pipeline::carry():194}:195}(Object(Illuminate/Http/Request))
#46 C:/Users/aleja/OneDrive/Escritorio/dwes05-te-2526-avillastrigo/vendor/laravel/framework/src/Illuminate/Pipeline/Pipeline.php(219): Illuminate/Http/Middleware/ValidatePathEncoding->handle(Object(Illuminate/Http/Request), Object(Closure))
#47 C:/Users/aleja/OneDrive/Escritorio/dwes05-te-2526-avillastrigo/vendor/laravel/framework/src/Illuminate/Pipeline/Pipeline.php(137): Illuminate/Pipeline/Pipeline->{closure:{closure:Illuminate/Pipeline/Pipeline::carry():194}:195}(Object(Illuminate/Http/Request))
#48 C:/Users/aleja/OneDrive/Escritorio/dwes05-te-2526-avillastrigo/vendor/laravel/framework/src/Illuminate/Foundation/Http/Kernel.php(175): Illuminate/Pipeline/Pipeline->then(Object(Closure))
#49 C:/Users/aleja/OneDrive/Escritorio/dwes05-te-2526-avillastrigo/vendor/laravel/framework/src/Illuminate/Foundation/Http/Kernel.php(144): Illuminate/Foundation/Http/Kernel->sendRequestThroughRouter(Object(Illuminate/Http/Request))
#50 C:/Users/aleja/OneDrive/Escritorio/dwes05-te-2526-avillastrigo/vendor/laravel/framework/src/Illuminate/Foundation/Application.php(1220): Illuminate/Foundation/Http/Kernel->handle(Object(Illuminate/Http/Request))
#51 C:/Users/aleja/OneDrive/Escritorio/dwes05-te-2526-avillastrigo/public/index.php(20): Illuminate/Foundation/Application->handleRequest(Object(Illuminate/Http/Request))
#52 C:/Users/aleja/OneDrive/Escritorio/dwes05-te-2526-avillastrigo/vendor/laravel/framework/src/Illuminate/Foundation/resources/server.php(23): require_once('C://Users//aleja//...')
#53 {main}

[previous exception] [object] (PDOException(code: 23000): SQLSTATE[23000]: Integrity constraint violation: 1452 Cannot add or update a child row: a foreign key constraint fails (`dwes_tarea5`.`reservations`, CONSTRAINT `reservations_gym_class_id_foreign` FOREIGN KEY (`gym_class_id`) REFERENCES `gym_classes` (`id`) ON DELETE CASCADE) at C:/Users/aleja/OneDrive/Escritorio/dwes05-te-2526-avillastrigo/vendor/laravel/framework/src/Illuminate/Database/MySqlConnection.php:53)
[stacktrace]
#0 C:/Users/aleja/OneDrive/Escritorio/dwes05-te-2526-avillastrigo/vendor/laravel/framework/src/Illuminate/Database/MySqlConnection.php(53): PDOStatement->execute()
#1 C:/Users/aleja/OneDrive/Escritorio/dwes05-te-2526-avillastrigo/vendor/laravel/framework/src/Illuminate/Database/Connection.php(830): Illuminate/Database/MySqlConnection->{closure:Illuminate/Database/MySqlConnection::insert():42}('insert into `re...', Array)
#2 C:/Users/aleja/OneDrive/Escritorio/dwes05-te-2526-avillastrigo/vendor/laravel/framework/src/Illuminate/Database/Connection.php(797): Illuminate/Database/Connection->runQueryCallback('insert into `re...', Array, Object(Closure))
#3 C:/Users/aleja/OneDrive/Escritorio/dwes05-te-2526-avillastrigo/vendor/laravel/framework/src/Illuminate/Database/MySqlConnection.php(42): Illuminate/Database/Connection->run('insert into `re...', Array, Object(Closure))
#4 C:/Users/aleja/OneDrive/Escritorio/dwes05-te-2526-avillastrigo/vendor/laravel/framework/src/Illuminate/Database/Query/Processors/MySqlProcessor.php(35): Illuminate/Database/MySqlConnection->insert('insert into `re...', Array, 'id')
#5 C:/Users/aleja/OneDrive/Escritorio/dwes05-te-2526-avillastrigo/vendor/laravel/framework/src/Illuminate/Database/Query/Builder.php(4246): Illuminate/Database/Query/Processors/MySqlProcessor->processInsertGetId(Object(Illuminate/Database/Query/Builder), 'insert into `re...', Array, 'id')
#6 C:/Users/aleja/OneDrive/Escritorio/dwes05-te-2526-avillastrigo/vendor/laravel/framework/src/Illuminate/Database/Eloquent/Builder.php(2242): Illuminate/Database/Query/Builder->insertGetId(Array, 'id')
#7 C:/Users/aleja/OneDrive/Escritorio/dwes05-te-2526-avillastrigo/vendor/laravel/framework/src/Illuminate/Database/Eloquent/Model.php(1580): Illuminate/Database/Eloquent/Builder->__call('insertGetId', Array)
#8 C:/Users/aleja/OneDrive/Escritorio/dwes05-te-2526-avillastrigo/vendor/laravel/framework/src/Illuminate/Database/Eloquent/Model.php(1496): Illuminate/Database/Eloquent/Model->insertAndSetId(Object(Illuminate/Database/Eloquent/Builder), Array)
#9 C:/Users/aleja/OneDrive/Escritorio/dwes05-te-2526-avillastrigo/vendor/laravel/framework/src/Illuminate/Database/Eloquent/Model.php(1300): Illuminate/Database/Eloquent/Model->performInsert(Object(Illuminate/Database/Eloquent/Builder))
#10 C:/Users/aleja/OneDrive/Escritorio/dwes05-te-2526-avillastrigo/vendor/laravel/framework/src/Illuminate/Database/Eloquent/Builder.php(1224): Illuminate/Database/Eloquent/Model->save()
#11 C:/Users/aleja/OneDrive/Escritorio/dwes05-te-2526-avillastrigo/vendor/laravel/framework/src/Illuminate/Support/helpers.php(393): Illuminate/Database/Eloquent/Builder->{closure:Illuminate/Database/Eloquent/Builder::create():1223}(Object(App/Models/Reservation))
#12 C:/Users/aleja/OneDrive/Escritorio/dwes05-te-2526-avillastrigo/vendor/laravel/framework/src/Illuminate/Database/Eloquent/Builder.php(1223): tap(Object(App/Models/Reservation), Object(Closure))
#13 C:/Users/aleja/OneDrive/Escritorio/dwes05-te-2526-avillastrigo/vendor/laravel/framework/src/Illuminate/Support/Traits/ForwardsCalls.php(23): Illuminate/Database/Eloquent/Builder->create(Array)
#14 C:/Users/aleja/OneDrive/Escritorio/dwes05-te-2526-avillastrigo/vendor/laravel/framework/src/Illuminate/Database/Eloquent/Model.php(2723): Illuminate/Database/Eloquent/Model->forwardCallTo(Object(Illuminate/Database/Eloquent/Builder), 'create', Array)
#15 C:/Users/aleja/OneDrive/Escritorio/dwes05-te-2526-avillastrigo/vendor/laravel/framework/src/Illuminate/Database/Eloquent/Model.php(2739): Illuminate/Database/Eloquent/Model->__call('create', Array)
#16 C:/Users/aleja/OneDrive/Escritorio/dwes05-te-2526-avillastrigo/app/Http/Controllers/ReservationController.php(39): Illuminate/Database/Eloquent/Model::__callStatic('create', Array)
#17 C:/Users/aleja/OneDrive/Escritorio/dwes05-te-2526-avillastrigo/vendor/laravel/framework/src/Illuminate/Routing/ControllerDispatcher.php(46): App/Http/Controllers/ReservationController->store(Object(Illuminate/Http/Request))
#18 C:/Users/aleja/OneDrive/Escritorio/dwes05-te-2526-avillastrigo/vendor/laravel/framework/src/Illuminate/Routing/Route.php(269): Illuminate/Routing/ControllerDispatcher->dispatch(Object(Illuminate/Routing/Route), Object(App/Http/Controllers/ReservationController), 'store')
#19 C:/Users/aleja/OneDrive/Escritorio/dwes05-te-2526-avillastrigo/vendor/laravel/framework/src/Illuminate/Routing/Route.php(215): Illuminate/Routing/Route->runController()
#20 C:/Users/aleja/OneDrive/Escritorio/dwes05-te-2526-avillastrigo/vendor/laravel/framework/src/Illuminate/Routing/Router.php(822): Illuminate/Routing/Route->run()
#21 C:/Users/aleja/OneDrive/Escritorio/dwes05-te-2526-avillastrigo/vendor/laravel/framework/src/Illuminate/Pipeline/Pipeline.php(180): Illuminate/Routing/Router->{closure:Illuminate/Routing/Router::runRouteWithinStack():821}(Object(Illuminate/Http/Request))
#22 C:/Users/aleja/OneDrive/Escritorio/dwes05-te-2526-avillastrigo/vendor/laravel/framework/src/Illuminate/Routing/Middleware/SubstituteBindings.php(52): Illuminate/Pipeline/Pipeline->{closure:Illuminate/Pipeline/Pipeline::prepareDestination():178}(Object(Illuminate/Http/Request))
#23 C:/Users/aleja/OneDrive/Escritorio/dwes05-te-2526-avillastrigo/vendor/laravel/framework/src/Illuminate/Pipeline/Pipeline.php(219): Illuminate/Routing/Middleware/SubstituteBindings->handle(Object(Illuminate/Http/Request), Object(Closure))
#24 C:/Users/aleja/OneDrive/Escritorio/dwes05-te-2526-avillastrigo/vendor/laravel/framework/src/Illuminate/Pipeline/Pipeline.php(137): Illuminate/Pipeline/Pipeline->{closure:{closure:Illuminate/Pipeline/Pipeline::carry():194}:195}(Object(Illuminate/Http/Request))
#25 C:/Users/aleja/OneDrive/Escritorio/dwes05-te-2526-avillastrigo/vendor/laravel/framework/src/Illuminate/Routing/Router.php(821): Illuminate/Pipeline/Pipeline->then(Object(Closure))
#26 C:/Users/aleja/OneDrive/Escritorio/dwes05-te-2526-avillastrigo/vendor/laravel/framework/src/Illuminate/Routing/Router.php(800): Illuminate/Routing/Router->runRouteWithinStack(Object(Illuminate/Routing/Route), Object(Illuminate/Http/Request))
#27 C:/Users/aleja/OneDrive/Escritorio/dwes05-te-2526-avillastrigo/vendor/laravel/framework/src/Illuminate/Routing/Router.php(764): Illuminate/Routing/Router->runRoute(Object(Illuminate/Http/Request), Object(Illuminate/Routing/Route))
#28 C:/Users/aleja/OneDrive/Escritorio/dwes05-te-2526-avillastrigo/vendor/laravel/framework/src/Illuminate/Routing/Router.php(753): Illuminate/Routing/Router->dispatchToRoute(Object(Illuminate/Http/Request))
#29 C:/Users/aleja/OneDrive/Escritorio/dwes05-te-2526-avillastrigo/vendor/laravel/framework/src/Illuminate/Foundation/Http/Kernel.php(200): Illuminate/Routing/Router->dispatch(Object(Illuminate/Http/Request))
#30 C:/Users/aleja/OneDrive/Escritorio/dwes05-te-2526-avillastrigo/vendor/laravel/framework/src/Illuminate/Pipeline/Pipeline.php(180): Illuminate/Foundation/Http/Kernel->{closure:Illuminate/Foundation/Http/Kernel::dispatchToRouter():197}(Object(Illuminate/Http/Request))
#31 C:/Users/aleja/OneDrive/Escritorio/dwes05-te-2526-avillastrigo/vendor/laravel/framework/src/Illuminate/Foundation/Http/Middleware/TransformsRequest.php(21): Illuminate/Pipeline/Pipeline->{closure:Illuminate/Pipeline/Pipeline::prepareDestination():178}(Object(Illuminate/Http/Request))
#32 C:/Users/aleja/OneDrive/Escritorio/dwes05-te-2526-avillastrigo/vendor/laravel/framework/src/Illuminate/Foundation/Http/Middleware/ConvertEmptyStringsToNull.php(31): Illuminate/Foundation/Http/Middleware/TransformsRequest->handle(Object(Illuminate/Http/Request), Object(Closure))
#33 C:/Users/aleja/OneDrive/Escritorio/dwes05-te-2526-avillastrigo/vendor/laravel/framework/src/Illuminate/Pipeline/Pipeline.php(219): Illuminate/Foundation/Http/Middleware/ConvertEmptyStringsToNull->handle(Object(Illuminate/Http/Request), Object(Closure))
#34 C:/Users/aleja/OneDrive/Escritorio/dwes05-te-2526-avillastrigo/vendor/laravel/framework/src/Illuminate/Foundation/Http/Middleware/TransformsRequest.php(21): Illuminate/Pipeline/Pipeline->{closure:{closure:Illuminate/Pipeline/Pipeline::carry():194}:195}(Object(Illuminate/Http/Request))
#35 C:/Users/aleja/OneDrive/Escritorio/dwes05-te-2526-avillastrigo/vendor/laravel/framework/src/Illuminate/Foundation/Http/Middleware/TrimStrings.php(51): Illuminate/Foundation/Http/Middleware/TransformsRequest->handle(Object(Illuminate/Http/Request), Object(Closure))
#36 C:/Users/aleja/OneDrive/Escritorio/dwes05-te-2526-avillastrigo/vendor/laravel/framework/src/Illuminate/Pipeline/Pipeline.php(219): Illuminate/Foundation/Http/Middleware/TrimStrings->handle(Object(Illuminate/Http/Request), Object(Closure))
#37 C:/Users/aleja/OneDrive/Escritorio/dwes05-te-2526-avillastrigo/vendor/laravel/framework/src/Illuminate/Http/Middleware/ValidatePostSize.php(27): Illuminate/Pipeline/Pipeline->{closure:{closure:Illuminate/Pipeline/Pipeline::carry():194}:195}(Object(Illuminate/Http/Request))
#38 C:/Users/aleja/OneDrive/Escritorio/dwes05-te-2526-avillastrigo/vendor/laravel/framework/src/Illuminate/Pipeline/Pipeline.php(219): Illuminate/Http/Middleware/ValidatePostSize->handle(Object(Illuminate/Http/Request), Object(Closure))
#39 C:/Users/aleja/OneDrive/Escritorio/dwes05-te-2526-avillastrigo/vendor/laravel/framework/src/Illuminate/Foundation/Http/Middleware/PreventRequestsDuringMaintenance.php(109): Illuminate/Pipeline/Pipeline->{closure:{closure:Illuminate/Pipeline/Pipeline::carry():194}:195}(Object(Illuminate/Http/Request))
#40 C:/Users/aleja/OneDrive/Escritorio/dwes05-te-2526-avillastrigo/vendor/laravel/framework/src/Illuminate/Pipeline/Pipeline.php(219): Illuminate/Foundation/Http/Middleware/PreventRequestsDuringMaintenance->handle(Object(Illuminate/Http/Request), Object(Closure))
#41 C:/Users/aleja/OneDrive/Escritorio/dwes05-te-2526-avillastrigo/vendor/laravel/framework/src/Illuminate/Http/Middleware/HandleCors.php(74): Illuminate/Pipeline/Pipeline->{closure:{closure:Illuminate/Pipeline/Pipeline::carry():194}:195}(Object(Illuminate/Http/Request))
#42 C:/Users/aleja/OneDrive/Escritorio/dwes05-te-2526-avillastrigo/vendor/laravel/framework/src/Illuminate/Pipeline/Pipeline.php(219): Illuminate/Http/Middleware/HandleCors->handle(Object(Illuminate/Http/Request), Object(Closure))
#43 C:/Users/aleja/OneDrive/Escritorio/dwes05-te-2526-avillastrigo/vendor/laravel/framework/src/Illuminate/Http/Middleware/TrustProxies.php(58): Illuminate/Pipeline/Pipeline->{closure:{closure:Illuminate/Pipeline/Pipeline::carry():194}:195}(Object(Illuminate/Http/Request))
#44 C:/Users/aleja/OneDrive/Escritorio/dwes05-te-2526-avillastrigo/vendor/laravel/framework/src/Illuminate/Pipeline/Pipeline.php(219): Illuminate/Http/Middleware/TrustProxies->handle(Object(Illuminate/Http/Request), Object(Closure))
#45 C:/Users/aleja/OneDrive/Escritorio/dwes05-te-2526-avillastrigo/vendor/laravel/framework/src/Illuminate/Foundation/Http/Middleware/InvokeDeferredCallbacks.php(22): Illuminate/Pipeline/Pipeline->{closure:{closure:Illuminate/Pipeline/Pipeline::carry():194}:195}(Object(Illuminate/Http/Request))
#46 C:/Users/aleja/OneDrive/Escritorio/dwes05-te-2526-avillastrigo/vendor/laravel/framework/src/Illuminate/Pipeline/Pipeline.php(219): Illuminate/Foundation/Http/Middleware/InvokeDeferredCallbacks->handle(Object(Illuminate/Http/Request), Object(Closure))
#47 C:/Users/aleja/OneDrive/Escritorio/dwes05-te-2526-avillastrigo/vendor/laravel/framework/src/Illuminate/Http/Middleware/ValidatePathEncoding.php(28): Illuminate/Pipeline/Pipeline->{closure:{closure:Illuminate/Pipeline/Pipeline::carry():194}:195}(Object(Illuminate/Http/Request))
#48 C:/Users/aleja/OneDrive/Escritorio/dwes05-te-2526-avillastrigo/vendor/laravel/framework/src/Illuminate/Pipeline/Pipeline.php(219): Illuminate/Http/Middleware/ValidatePathEncoding->handle(Object(Illuminate/Http/Request), Object(Closure))
#49 C:/Users/aleja/OneDrive/Escritorio/dwes05-te-2526-avillastrigo/vendor/laravel/framework/src/Illuminate/Pipeline/Pipeline.php(137): Illuminate/Pipeline/Pipeline->{closure:{closure:Illuminate/Pipeline/Pipeline::carry():194}:195}(Object(Illuminate/Http/Request))
#50 C:/Users/aleja/OneDrive/Escritorio/dwes05-te-2526-avillastrigo/vendor/laravel/framework/src/Illuminate/Foundation/Http/Kernel.php(175): Illuminate/Pipeline/Pipeline->then(Object(Closure))
#51 C:/Users/aleja/OneDrive/Escritorio/dwes05-te-2526-avillastrigo/vendor/laravel/framework/src/Illuminate/Foundation/Http/Kernel.php(144): Illuminate/Foundation/Http/Kernel->sendRequestThroughRouter(Object(Illuminate/Http/Request))
#52 C:/Users/aleja/OneDrive/Escritorio/dwes05-te-2526-avillastrigo/vendor/laravel/framework/src/Illuminate/Foundation/Application.php(1220): Illuminate/Foundation/Http/Kernel->handle(Object(Illuminate/Http/Request))
#53 C:/Users/aleja/OneDrive/Escritorio/dwes05-te-2526-avillastrigo/public/index.php(20): Illuminate/Foundation/Application->handleRequest(Object(Illuminate/Http/Request))
#54 C:/Users/aleja/OneDrive/Escritorio/dwes05-te-2526-avillastrigo/vendor/laravel/framework/src/Illuminate/Foundation/resources/server.php(23): require_once('C://Users//aleja//...')
#55 {main}
"} 
[2026-03-27 16:37:33] local.ERROR: SQLSTATE[23000]: Integrity constraint violation: 1452 Cannot add or update a child row: a foreign key constraint fails (`dwes_tarea5`.`reservations`, CONSTRAINT `reservations_gym_class_id_foreign` FOREIGN KEY (`gym_class_id`) REFERENCES `gym_classes` (`id`) ON DELETE CASCADE) (Connection: mysql, Host: 127.0.0.1, Port: 3306, Database: dwes_tarea5, SQL: insert into `reservations` (`usuario`, `gym_class_id`, `fecha`, `updated_at`, `created_at`) values (Begoña, 3, 2026-03-31, 2026-03-27 16:37:33, 2026-03-27 16:37:33)) {"exception":"[object] (Illuminate\\Database\\QueryException(code: 23000): SQLSTATE[23000]: Integrity constraint violation: 1452 Cannot add or update a child row: a foreign key constraint fails (`dwes_tarea5`.`reservations`, CONSTRAINT `reservations_gym_class_id_foreign` FOREIGN KEY (`gym_class_id`) REFERENCES `gym_classes` (`id`) ON DELETE CASCADE) (Connection: mysql, Host: 127.0.0.1, Port: 3306, Database: dwes_tarea5, SQL: insert into `reservations` (`usuario`, `gym_class_id`, `fecha`, `updated_at`, `created_at`) values (Begoña, 3, 2026-03-31, 2026-03-27 16:37:33, 2026-03-27 16:37:33)) at C:/Users/aleja/OneDrive/Escritorio/dwes05-te-2526-avillastrigo/vendor/laravel/framework/src/Illuminate/Database/Connection.php:841)
[stacktrace]
#0 C:/Users/aleja/OneDrive/Escritorio/dwes05-te-2526-avillastrigo/vendor/laravel/framework/src/Illuminate/Database/Connection.php(797): Illuminate/Database/Connection->runQueryCallback('insert into `re...', Array, Object(Closure))
#1 C:/Users/aleja/OneDrive/Escritorio/dwes05-te-2526-avillastrigo/vendor/laravel/framework/src/Illuminate/Database/MySqlConnection.php(42): Illuminate/Database/Connection->run('insert into `re...', Array, Object(Closure))
#2 C:/Users/aleja/OneDrive/Escritorio/dwes05-te-2526-avillastrigo/vendor/laravel/framework/src/Illuminate/Database/Query/Processors/MySqlProcessor.php(35): Illuminate/Database/MySqlConnection->insert('insert into `re...', Array, 'id')
#3 C:/Users/aleja/OneDrive/Escritorio/dwes05-te-2526-avillastrigo/vendor/laravel/framework/src/Illuminate/Database/Query/Builder.php(4246): Illuminate/Database/Query/Processors/MySqlProcessor->processInsertGetId(Object(Illuminate/Database/Query/Builder), 'insert into `re...', Array, 'id')
#4 C:/Users/aleja/OneDrive/Escritorio/dwes05-te-2526-avillastrigo/vendor/laravel/framework/src/Illuminate/Database/Eloquent/Builder.php(2242): Illuminate/Database/Query/Builder->insertGetId(Array, 'id')
#5 C:/Users/aleja/OneDrive/Escritorio/dwes05-te-2526-avillastrigo/vendor/laravel/framework/src/Illuminate/Database/Eloquent/Model.php(1580): Illuminate/Database/Eloquent/Builder->__call('insertGetId', Array)
#6 C:/Users/aleja/OneDrive/Escritorio/dwes05-te-2526-avillastrigo/vendor/laravel/framework/src/Illuminate/Database/Eloquent/Model.php(1496): Illuminate/Database/Eloquent/Model->insertAndSetId(Object(Illuminate/Database/Eloquent/Builder), Array)
#7 C:/Users/aleja/OneDrive/Escritorio/dwes05-te-2526-avillastrigo/vendor/laravel/framework/src/Illuminate/Database/Eloquent/Model.php(1300): Illuminate/Database/Eloquent/Model->performInsert(Object(Illuminate/Database/Eloquent/Builder))
#8 C:/Users/aleja/OneDrive/Escritorio/dwes05-te-2526-avillastrigo/vendor/laravel/framework/src/Illuminate/Database/Eloquent/Builder.php(1224): Illuminate/Database/Eloquent/Model->save()
#9 C:/Users/aleja/OneDrive/Escritorio/dwes05-te-2526-avillastrigo/vendor/laravel/framework/src/Illuminate/Support/helpers.php(393): Illuminate/Database/Eloquent/Builder->{closure:Illuminate/Database/Eloquent/Builder::create():1223}(Object(App/Models/Reservation))
#10 C:/Users/aleja/OneDrive/Escritorio/dwes05-te-2526-avillastrigo/vendor/laravel/framework/src/Illuminate/Database/Eloquent/Builder.php(1223): tap(Object(App/Models/Reservation), Object(Closure))
#11 C:/Users/aleja/OneDrive/Escritorio/dwes05-te-2526-avillastrigo/vendor/laravel/framework/src/Illuminate/Support/Traits/ForwardsCalls.php(23): Illuminate/Database/Eloquent/Builder->create(Array)
#12 C:/Users/aleja/OneDrive/Escritorio/dwes05-te-2526-avillastrigo/vendor/laravel/framework/src/Illuminate/Database/Eloquent/Model.php(2723): Illuminate/Database/Eloquent/Model->forwardCallTo(Object(Illuminate/Database/Eloquent/Builder), 'create', Array)
#13 C:/Users/aleja/OneDrive/Escritorio/dwes05-te-2526-avillastrigo/vendor/laravel/framework/src/Illuminate/Database/Eloquent/Model.php(2739): Illuminate/Database/Eloquent/Model->__call('create', Array)
#14 C:/Users/aleja/OneDrive/Escritorio/dwes05-te-2526-avillastrigo/app/Http/Controllers/ReservationController.php(39): Illuminate/Database/Eloquent/Model::__callStatic('create', Array)
#15 C:/Users/aleja/OneDrive/Escritorio/dwes05-te-2526-avillastrigo/vendor/laravel/framework/src/Illuminate/Routing/ControllerDispatcher.php(46): App/Http/Controllers/ReservationController->store(Object(Illuminate/Http/Request))
#16 C:/Users/aleja/OneDrive/Escritorio/dwes05-te-2526-avillastrigo/vendor/laravel/framework/src/Illuminate/Routing/Route.php(269): Illuminate/Routing/ControllerDispatcher->dispatch(Object(Illuminate/Routing/Route), Object(App/Http/Controllers/ReservationController), 'store')
#17 C:/Users/aleja/OneDrive/Escritorio/dwes05-te-2526-avillastrigo/vendor/laravel/framework/src/Illuminate/Routing/Route.php(215): Illuminate/Routing/Route->runController()
#18 C:/Users/aleja/OneDrive/Escritorio/dwes05-te-2526-avillastrigo/vendor/laravel/framework/src/Illuminate/Routing/Router.php(822): Illuminate/Routing/Route->run()
#19 C:/Users/aleja/OneDrive/Escritorio/dwes05-te-2526-avillastrigo/vendor/laravel/framework/src/Illuminate/Pipeline/Pipeline.php(180): Illuminate/Routing/Router->{closure:Illuminate/Routing/Router::runRouteWithinStack():821}(Object(Illuminate/Http/Request))
#20 C:/Users/aleja/OneDrive/Escritorio/dwes05-te-2526-avillastrigo/vendor/laravel/framework/src/Illuminate/Routing/Middleware/SubstituteBindings.php(52): Illuminate/Pipeline/Pipeline->{closure:Illuminate/Pipeline/Pipeline::prepareDestination():178}(Object(Illuminate/Http/Request))
#21 C:/Users/aleja/OneDrive/Escritorio/dwes05-te-2526-avillastrigo/vendor/laravel/framework/src/Illuminate/Pipeline/Pipeline.php(219): Illuminate/Routing/Middleware/SubstituteBindings->handle(Object(Illuminate/Http/Request), Object(Closure))
#22 C:/Users/aleja/OneDrive/Escritorio/dwes05-te-2526-avillastrigo/vendor/laravel/framework/src/Illuminate/Pipeline/Pipeline.php(137): Illuminate/Pipeline/Pipeline->{closure:{closure:Illuminate/Pipeline/Pipeline::carry():194}:195}(Object(Illuminate/Http/Request))
#23 C:/Users/aleja/OneDrive/Escritorio/dwes05-te-2526-avillastrigo/vendor/laravel/framework/src/Illuminate/Routing/Router.php(821): Illuminate/Pipeline/Pipeline->then(Object(Closure))
#24 C:/Users/aleja/OneDrive/Escritorio/dwes05-te-2526-avillastrigo/vendor/laravel/framework/src/Illuminate/Routing/Router.php(800): Illuminate/Routing/Router->runRouteWithinStack(Object(Illuminate/Routing/Route), Object(Illuminate/Http/Request))
#25 C:/Users/aleja/OneDrive/Escritorio/dwes05-te-2526-avillastrigo/vendor/laravel/framework/src/Illuminate/Routing/Router.php(764): Illuminate/Routing/Router->runRoute(Object(Illuminate/Http/Request), Object(Illuminate/Routing/Route))
#26 C:/Users/aleja/OneDrive/Escritorio/dwes05-te-2526-avillastrigo/vendor/laravel/framework/src/Illuminate/Routing/Router.php(753): Illuminate/Routing/Router->dispatchToRoute(Object(Illuminate/Http/Request))
#27 C:/Users/aleja/OneDrive/Escritorio/dwes05-te-2526-avillastrigo/vendor/laravel/framework/src/Illuminate/Foundation/Http/Kernel.php(200): Illuminate/Routing/Router->dispatch(Object(Illuminate/Http/Request))
#28 C:/Users/aleja/OneDrive/Escritorio/dwes05-te-2526-avillastrigo/vendor/laravel/framework/src/Illuminate/Pipeline/Pipeline.php(180): Illuminate/Foundation/Http/Kernel->{closure:Illuminate/Foundation/Http/Kernel::dispatchToRouter():197}(Object(Illuminate/Http/Request))
#29 C:/Users/aleja/OneDrive/Escritorio/dwes05-te-2526-avillastrigo/vendor/laravel/framework/src/Illuminate/Foundation/Http/Middleware/TransformsRequest.php(21): Illuminate/Pipeline/Pipeline->{closure:Illuminate/Pipeline/Pipeline::prepareDestination():178}(Object(Illuminate/Http/Request))
#30 C:/Users/aleja/OneDrive/Escritorio/dwes05-te-2526-avillastrigo/vendor/laravel/framework/src/Illuminate/Foundation/Http/Middleware/ConvertEmptyStringsToNull.php(31): Illuminate/Foundation/Http/Middleware/TransformsRequest->handle(Object(Illuminate/Http/Request), Object(Closure))
#31 C:/Users/aleja/OneDrive/Escritorio/dwes05-te-2526-avillastrigo/vendor/laravel/framework/src/Illuminate/Pipeline/Pipeline.php(219): Illuminate/Foundation/Http/Middleware/ConvertEmptyStringsToNull->handle(Object(Illuminate/Http/Request), Object(Closure))
#32 C:/Users/aleja/OneDrive/Escritorio/dwes05-te-2526-avillastrigo/vendor/laravel/framework/src/Illuminate/Foundation/Http/Middleware/TransformsRequest.php(21): Illuminate/Pipeline/Pipeline->{closure:{closure:Illuminate/Pipeline/Pipeline::carry():194}:195}(Object(Illuminate/Http/Request))
#33 C:/Users/aleja/OneDrive/Escritorio/dwes05-te-2526-avillastrigo/vendor/laravel/framework/src/Illuminate/Foundation/Http/Middleware/TrimStrings.php(51): Illuminate/Foundation/Http/Middleware/TransformsRequest->handle(Object(Illuminate/Http/Request), Object(Closure))
#34 C:/Users/aleja/OneDrive/Escritorio/dwes05-te-2526-avillastrigo/vendor/laravel/framework/src/Illuminate/Pipeline/Pipeline.php(219): Illuminate/Foundation/Http/Middleware/TrimStrings->handle(Object(Illuminate/Http/Request), Object(Closure))
#35 C:/Users/aleja/OneDrive/Escritorio/dwes05-te-2526-avillastrigo/vendor/laravel/framework/src/Illuminate/Http/Middleware/ValidatePostSize.php(27): Illuminate/Pipeline/Pipeline->{closure:{closure:Illuminate/Pipeline/Pipeline::carry():194}:195}(Object(Illuminate/Http/Request))
#36 C:/Users/aleja/OneDrive/Escritorio/dwes05-te-2526-avillastrigo/vendor/laravel/framework/src/Illuminate/Pipeline/Pipeline.php(219): Illuminate/Http/Middleware/ValidatePostSize->handle(Object(Illuminate/Http/Request), Object(Closure))
#37 C:/Users/aleja/OneDrive/Escritorio/dwes05-te-2526-avillastrigo/vendor/laravel/framework/src/Illuminate/Foundation/Http/Middleware/PreventRequestsDuringMaintenance.php(109): Illuminate/Pipeline/Pipeline->{closure:{closure:Illuminate/Pipeline/Pipeline::carry():194}:195}(Object(Illuminate/Http/Request))
#38 C:/Users/aleja/OneDrive/Escritorio/dwes05-te-2526-avillastrigo/vendor/laravel/framework/src/Illuminate/Pipeline/Pipeline.php(219): Illuminate/Foundation/Http/Middleware/PreventRequestsDuringMaintenance->handle(Object(Illuminate/Http/Request), Object(Closure))
#39 C:/Users/aleja/OneDrive/Escritorio/dwes05-te-2526-avillastrigo/vendor/laravel/framework/src/Illuminate/Http/Middleware/HandleCors.php(74): Illuminate/Pipeline/Pipeline->{closure:{closure:Illuminate/Pipeline/Pipeline::carry():194}:195}(Object(Illuminate/Http/Request))
#40 C:/Users/aleja/OneDrive/Escritorio/dwes05-te-2526-avillastrigo/vendor/laravel/framework/src/Illuminate/Pipeline/Pipeline.php(219): Illuminate/Http/Middleware/HandleCors->handle(Object(Illuminate/Http/Request), Object(Closure))
#41 C:/Users/aleja/OneDrive/Escritorio/dwes05-te-2526-avillastrigo/vendor/laravel/framework/src/Illuminate/Http/Middleware/TrustProxies.php(58): Illuminate/Pipeline/Pipeline->{closure:{closure:Illuminate/Pipeline/Pipeline::carry():194}:195}(Object(Illuminate/Http/Request))
#42 C:/Users/aleja/OneDrive/Escritorio/dwes05-te-2526-avillastrigo/vendor/laravel/framework/src/Illuminate/Pipeline/Pipeline.php(219): Illuminate/Http/Middleware/TrustProxies->handle(Object(Illuminate/Http/Request), Object(Closure))
#43 C:/Users/aleja/OneDrive/Escritorio/dwes05-te-2526-avillastrigo/vendor/laravel/framework/src/Illuminate/Foundation/Http/Middleware/InvokeDeferredCallbacks.php(22): Illuminate/Pipeline/Pipeline->{closure:{closure:Illuminate/Pipeline/Pipeline::carry():194}:195}(Object(Illuminate/Http/Request))
#44 C:/Users/aleja/OneDrive/Escritorio/dwes05-te-2526-avillastrigo/vendor/laravel/framework/src/Illuminate/Pipeline/Pipeline.php(219): Illuminate/Foundation/Http/Middleware/InvokeDeferredCallbacks->handle(Object(Illuminate/Http/Request), Object(Closure))
#45 C:/Users/aleja/OneDrive/Escritorio/dwes05-te-2526-avillastrigo/vendor/laravel/framework/src/Illuminate/Http/Middleware/ValidatePathEncoding.php(28): Illuminate/Pipeline/Pipeline->{closure:{closure:Illuminate/Pipeline/Pipeline::carry():194}:195}(Object(Illuminate/Http/Request))
#46 C:/Users/aleja/OneDrive/Escritorio/dwes05-te-2526-avillastrigo/vendor/laravel/framework/src/Illuminate/Pipeline/Pipeline.php(219): Illuminate/Http/Middleware/ValidatePathEncoding->handle(Object(Illuminate/Http/Request), Object(Closure))
#47 C:/Users/aleja/OneDrive/Escritorio/dwes05-te-2526-avillastrigo/vendor/laravel/framework/src/Illuminate/Pipeline/Pipeline.php(137): Illuminate/Pipeline/Pipeline->{closure:{closure:Illuminate/Pipeline/Pipeline::carry():194}:195}(Object(Illuminate/Http/Request))
#48 C:/Users/aleja/OneDrive/Escritorio/dwes05-te-2526-avillastrigo/vendor/laravel/framework/src/Illuminate/Foundation/Http/Kernel.php(175): Illuminate/Pipeline/Pipeline->then(Object(Closure))
#49 C:/Users/aleja/OneDrive/Escritorio/dwes05-te-2526-avillastrigo/vendor/laravel/framework/src/Illuminate/Foundation/Http/Kernel.php(144): Illuminate/Foundation/Http/Kernel->sendRequestThroughRouter(Object(Illuminate/Http/Request))
#50 C:/Users/aleja/OneDrive/Escritorio/dwes05-te-2526-avillastrigo/vendor/laravel/framework/src/Illuminate/Foundation/Application.php(1220): Illuminate/Foundation/Http/Kernel->handle(Object(Illuminate/Http/Request))
#51 C:/Users/aleja/OneDrive/Escritorio/dwes05-te-2526-avillastrigo/public/index.php(20): Illuminate/Foundation/Application->handleRequest(Object(Illuminate/Http/Request))
#52 C:/Users/aleja/OneDrive/Escritorio/dwes05-te-2526-avillastrigo/vendor/laravel/framework/src/Illuminate/Foundation/resources/server.php(23): require_once('C://Users//aleja//...')
#53 {main}

[previous exception] [object] (PDOException(code: 23000): SQLSTATE[23000]: Integrity constraint violation: 1452 Cannot add or update a child row: a foreign key constraint fails (`dwes_tarea5`.`reservations`, CONSTRAINT `reservations_gym_class_id_foreign` FOREIGN KEY (`gym_class_id`) REFERENCES `gym_classes` (`id`) ON DELETE CASCADE) at C:/Users/aleja/OneDrive/Escritorio/dwes05-te-2526-avillastrigo/vendor/laravel/framework/src/Illuminate/Database/MySqlConnection.php:53)
[stacktrace]
#0 C:/Users/aleja/OneDrive/Escritorio/dwes05-te-2526-avillastrigo/vendor/laravel/framework/src/Illuminate/Database/MySqlConnection.php(53): PDOStatement->execute()
#1 C:/Users/aleja/OneDrive/Escritorio/dwes05-te-2526-avillastrigo/vendor/laravel/framework/src/Illuminate/Database/Connection.php(830): Illuminate/Database/MySqlConnection->{closure:Illuminate/Database/MySqlConnection::insert():42}('insert into `re...', Array)
#2 C:/Users/aleja/OneDrive/Escritorio/dwes05-te-2526-avillastrigo/vendor/laravel/framework/src/Illuminate/Database/Connection.php(797): Illuminate/Database/Connection->runQueryCallback('insert into `re...', Array, Object(Closure))
#3 C:/Users/aleja/OneDrive/Escritorio/dwes05-te-2526-avillastrigo/vendor/laravel/framework/src/Illuminate/Database/MySqlConnection.php(42): Illuminate/Database/Connection->run('insert into `re...', Array, Object(Closure))
#4 C:/Users/aleja/OneDrive/Escritorio/dwes05-te-2526-avillastrigo/vendor/laravel/framework/src/Illuminate/Database/Query/Processors/MySqlProcessor.php(35): Illuminate/Database/MySqlConnection->insert('insert into `re...', Array, 'id')
#5 C:/Users/aleja/OneDrive/Escritorio/dwes05-te-2526-avillastrigo/vendor/laravel/framework/src/Illuminate/Database/Query/Builder.php(4246): Illuminate/Database/Query/Processors/MySqlProcessor->processInsertGetId(Object(Illuminate/Database/Query/Builder), 'insert into `re...', Array, 'id')
#6 C:/Users/aleja/OneDrive/Escritorio/dwes05-te-2526-avillastrigo/vendor/laravel/framework/src/Illuminate/Database/Eloquent/Builder.php(2242): Illuminate/Database/Query/Builder->insertGetId(Array, 'id')
#7 C:/Users/aleja/OneDrive/Escritorio/dwes05-te-2526-avillastrigo/vendor/laravel/framework/src/Illuminate/Database/Eloquent/Model.php(1580): Illuminate/Database/Eloquent/Builder->__call('insertGetId', Array)
#8 C:/Users/aleja/OneDrive/Escritorio/dwes05-te-2526-avillastrigo/vendor/laravel/framework/src/Illuminate/Database/Eloquent/Model.php(1496): Illuminate/Database/Eloquent/Model->insertAndSetId(Object(Illuminate/Database/Eloquent/Builder), Array)
#9 C:/Users/aleja/OneDrive/Escritorio/dwes05-te-2526-avillastrigo/vendor/laravel/framework/src/Illuminate/Database/Eloquent/Model.php(1300): Illuminate/Database/Eloquent/Model->performInsert(Object(Illuminate/Database/Eloquent/Builder))
#10 C:/Users/aleja/OneDrive/Escritorio/dwes05-te-2526-avillastrigo/vendor/laravel/framework/src/Illuminate/Database/Eloquent/Builder.php(1224): Illuminate/Database/Eloquent/Model->save()
#11 C:/Users/aleja/OneDrive/Escritorio/dwes05-te-2526-avillastrigo/vendor/laravel/framework/src/Illuminate/Support/helpers.php(393): Illuminate/Database/Eloquent/Builder->{closure:Illuminate/Database/Eloquent/Builder::create():1223}(Object(App/Models/Reservation))
#12 C:/Users/aleja/OneDrive/Escritorio/dwes05-te-2526-avillastrigo/vendor/laravel/framework/src/Illuminate/Database/Eloquent/Builder.php(1223): tap(Object(App/Models/Reservation), Object(Closure))
#13 C:/Users/aleja/OneDrive/Escritorio/dwes05-te-2526-avillastrigo/vendor/laravel/framework/src/Illuminate/Support/Traits/ForwardsCalls.php(23): Illuminate/Database/Eloquent/Builder->create(Array)
#14 C:/Users/aleja/OneDrive/Escritorio/dwes05-te-2526-avillastrigo/vendor/laravel/framework/src/Illuminate/Database/Eloquent/Model.php(2723): Illuminate/Database/Eloquent/Model->forwardCallTo(Object(Illuminate/Database/Eloquent/Builder), 'create', Array)
#15 C:/Users/aleja/OneDrive/Escritorio/dwes05-te-2526-avillastrigo/vendor/laravel/framework/src/Illuminate/Database/Eloquent/Model.php(2739): Illuminate/Database/Eloquent/Model->__call('create', Array)
#16 C:/Users/aleja/OneDrive/Escritorio/dwes05-te-2526-avillastrigo/app/Http/Controllers/ReservationController.php(39): Illuminate/Database/Eloquent/Model::__callStatic('create', Array)
#17 C:/Users/aleja/OneDrive/Escritorio/dwes05-te-2526-avillastrigo/vendor/laravel/framework/src/Illuminate/Routing/ControllerDispatcher.php(46): App/Http/Controllers/ReservationController->store(Object(Illuminate/Http/Request))
#18 C:/Users/aleja/OneDrive/Escritorio/dwes05-te-2526-avillastrigo/vendor/laravel/framework/src/Illuminate/Routing/Route.php(269): Illuminate/Routing/ControllerDispatcher->dispatch(Object(Illuminate/Routing/Route), Object(App/Http/Controllers/ReservationController), 'store')
#19 C:/Users/aleja/OneDrive/Escritorio/dwes05-te-2526-avillastrigo/vendor/laravel/framework/src/Illuminate/Routing/Route.php(215): Illuminate/Routing/Route->runController()
#20 C:/Users/aleja/OneDrive/Escritorio/dwes05-te-2526-avillastrigo/vendor/laravel/framework/src/Illuminate/Routing/Router.php(822): Illuminate/Routing/Route->run()
#21 C:/Users/aleja/OneDrive/Escritorio/dwes05-te-2526-avillastrigo/vendor/laravel/framework/src/Illuminate/Pipeline/Pipeline.php(180): Illuminate/Routing/Router->{closure:Illuminate/Routing/Router::runRouteWithinStack():821}(Object(Illuminate/Http/Request))
#22 C:/Users/aleja/OneDrive/Escritorio/dwes05-te-2526-avillastrigo/vendor/laravel/framework/src/Illuminate/Routing/Middleware/SubstituteBindings.php(52): Illuminate/Pipeline/Pipeline->{closure:Illuminate/Pipeline/Pipeline::prepareDestination():178}(Object(Illuminate/Http/Request))
#23 C:/Users/aleja/OneDrive/Escritorio/dwes05-te-2526-avillastrigo/vendor/laravel/framework/src/Illuminate/Pipeline/Pipeline.php(219): Illuminate/Routing/Middleware/SubstituteBindings->handle(Object(Illuminate/Http/Request), Object(Closure))
#24 C:/Users/aleja/OneDrive/Escritorio/dwes05-te-2526-avillastrigo/vendor/laravel/framework/src/Illuminate/Pipeline/Pipeline.php(137): Illuminate/Pipeline/Pipeline->{closure:{closure:Illuminate/Pipeline/Pipeline::carry():194}:195}(Object(Illuminate/Http/Request))
#25 C:/Users/aleja/OneDrive/Escritorio/dwes05-te-2526-avillastrigo/vendor/laravel/framework/src/Illuminate/Routing/Router.php(821): Illuminate/Pipeline/Pipeline->then(Object(Closure))
#26 C:/Users/aleja/OneDrive/Escritorio/dwes05-te-2526-avillastrigo/vendor/laravel/framework/src/Illuminate/Routing/Router.php(800): Illuminate/Routing/Router->runRouteWithinStack(Object(Illuminate/Routing/Route), Object(Illuminate/Http/Request))
#27 C:/Users/aleja/OneDrive/Escritorio/dwes05-te-2526-avillastrigo/vendor/laravel/framework/src/Illuminate/Routing/Router.php(764): Illuminate/Routing/Router->runRoute(Object(Illuminate/Http/Request), Object(Illuminate/Routing/Route))
#28 C:/Users/aleja/OneDrive/Escritorio/dwes05-te-2526-avillastrigo/vendor/laravel/framework/src/Illuminate/Routing/Router.php(753): Illuminate/Routing/Router->dispatchToRoute(Object(Illuminate/Http/Request))
#29 C:/Users/aleja/OneDrive/Escritorio/dwes05-te-2526-avillastrigo/vendor/laravel/framework/src/Illuminate/Foundation/Http/Kernel.php(200): Illuminate/Routing/Router->dispatch(Object(Illuminate/Http/Request))
#30 C:/Users/aleja/OneDrive/Escritorio/dwes05-te-2526-avillastrigo/vendor/laravel/framework/src/Illuminate/Pipeline/Pipeline.php(180): Illuminate/Foundation/Http/Kernel->{closure:Illuminate/Foundation/Http/Kernel::dispatchToRouter():197}(Object(Illuminate/Http/Request))
#31 C:/Users/aleja/OneDrive/Escritorio/dwes05-te-2526-avillastrigo/vendor/laravel/framework/src/Illuminate/Foundation/Http/Middleware/TransformsRequest.php(21): Illuminate/Pipeline/Pipeline->{closure:Illuminate/Pipeline/Pipeline::prepareDestination():178}(Object(Illuminate/Http/Request))
#32 C:/Users/aleja/OneDrive/Escritorio/dwes05-te-2526-avillastrigo/vendor/laravel/framework/src/Illuminate/Foundation/Http/Middleware/ConvertEmptyStringsToNull.php(31): Illuminate/Foundation/Http/Middleware/TransformsRequest->handle(Object(Illuminate/Http/Request), Object(Closure))
#33 C:/Users/aleja/OneDrive/Escritorio/dwes05-te-2526-avillastrigo/vendor/laravel/framework/src/Illuminate/Pipeline/Pipeline.php(219): Illuminate/Foundation/Http/Middleware/ConvertEmptyStringsToNull->handle(Object(Illuminate/Http/Request), Object(Closure))
#34 C:/Users/aleja/OneDrive/Escritorio/dwes05-te-2526-avillastrigo/vendor/laravel/framework/src/Illuminate/Foundation/Http/Middleware/TransformsRequest.php(21): Illuminate/Pipeline/Pipeline->{closure:{closure:Illuminate/Pipeline/Pipeline::carry():194}:195}(Object(Illuminate/Http/Request))
#35 C:/Users/aleja/OneDrive/Escritorio/dwes05-te-2526-avillastrigo/vendor/laravel/framework/src/Illuminate/Foundation/Http/Middleware/TrimStrings.php(51): Illuminate/Foundation/Http/Middleware/TransformsRequest->handle(Object(Illuminate/Http/Request), Object(Closure))
#36 C:/Users/aleja/OneDrive/Escritorio/dwes05-te-2526-avillastrigo/vendor/laravel/framework/src/Illuminate/Pipeline/Pipeline.php(219): Illuminate/Foundation/Http/Middleware/TrimStrings->handle(Object(Illuminate/Http/Request), Object(Closure))
#37 C:/Users/aleja/OneDrive/Escritorio/dwes05-te-2526-avillastrigo/vendor/laravel/framework/src/Illuminate/Http/Middleware/ValidatePostSize.php(27): Illuminate/Pipeline/Pipeline->{closure:{closure:Illuminate/Pipeline/Pipeline::carry():194}:195}(Object(Illuminate/Http/Request))
#38 C:/Users/aleja/OneDrive/Escritorio/dwes05-te-2526-avillastrigo/vendor/laravel/framework/src/Illuminate/Pipeline/Pipeline.php(219): Illuminate/Http/Middleware/ValidatePostSize->handle(Object(Illuminate/Http/Request), Object(Closure))
#39 C:/Users/aleja/OneDrive/Escritorio/dwes05-te-2526-avillastrigo/vendor/laravel/framework/src/Illuminate/Foundation/Http/Middleware/PreventRequestsDuringMaintenance.php(109): Illuminate/Pipeline/Pipeline->{closure:{closure:Illuminate/Pipeline/Pipeline::carry():194}:195}(Object(Illuminate/Http/Request))
#40 C:/Users/aleja/OneDrive/Escritorio/dwes05-te-2526-avillastrigo/vendor/laravel/framework/src/Illuminate/Pipeline/Pipeline.php(219): Illuminate/Foundation/Http/Middleware/PreventRequestsDuringMaintenance->handle(Object(Illuminate/Http/Request), Object(Closure))
#41 C:/Users/aleja/OneDrive/Escritorio/dwes05-te-2526-avillastrigo/vendor/laravel/framework/src/Illuminate/Http/Middleware/HandleCors.php(74): Illuminate/Pipeline/Pipeline->{closure:{closure:Illuminate/Pipeline/Pipeline::carry():194}:195}(Object(Illuminate/Http/Request))
#42 C:/Users/aleja/OneDrive/Escritorio/dwes05-te-2526-avillastrigo/vendor/laravel/framework/src/Illuminate/Pipeline/Pipeline.php(219): Illuminate/Http/Middleware/HandleCors->handle(Object(Illuminate/Http/Request), Object(Closure))
#43 C:/Users/aleja/OneDrive/Escritorio/dwes05-te-2526-avillastrigo/vendor/laravel/framework/src/Illuminate/Http/Middleware/TrustProxies.php(58): Illuminate/Pipeline/Pipeline->{closure:{closure:Illuminate/Pipeline/Pipeline::carry():194}:195}(Object(Illuminate/Http/Request))
#44 C:/Users/aleja/OneDrive/Escritorio/dwes05-te-2526-avillastrigo/vendor/laravel/framework/src/Illuminate/Pipeline/Pipeline.php(219): Illuminate/Http/Middleware/TrustProxies->handle(Object(Illuminate/Http/Request), Object(Closure))
#45 C:/Users/aleja/OneDrive/Escritorio/dwes05-te-2526-avillastrigo/vendor/laravel/framework/src/Illuminate/Foundation/Http/Middleware/InvokeDeferredCallbacks.php(22): Illuminate/Pipeline/Pipeline->{closure:{closure:Illuminate/Pipeline/Pipeline::carry():194}:195}(Object(Illuminate/Http/Request))
#46 C:/Users/aleja/OneDrive/Escritorio/dwes05-te-2526-avillastrigo/vendor/laravel/framework/src/Illuminate/Pipeline/Pipeline.php(219): Illuminate/Foundation/Http/Middleware/InvokeDeferredCallbacks->handle(Object(Illuminate/Http/Request), Object(Closure))
#47 C:/Users/aleja/OneDrive/Escritorio/dwes05-te-2526-avillastrigo/vendor/laravel/framework/src/Illuminate/Http/Middleware/ValidatePathEncoding.php(28): Illuminate/Pipeline/Pipeline->{closure:{closure:Illuminate/Pipeline/Pipeline::carry():194}:195}(Object(Illuminate/Http/Request))
#48 C:/Users/aleja/OneDrive/Escritorio/dwes05-te-2526-avillastrigo/vendor/laravel/framework/src/Illuminate/Pipeline/Pipeline.php(219): Illuminate/Http/Middleware/ValidatePathEncoding->handle(Object(Illuminate/Http/Request), Object(Closure))
#49 C:/Users/aleja/OneDrive/Escritorio/dwes05-te-2526-avillastrigo/vendor/laravel/framework/src/Illuminate/Pipeline/Pipeline.php(137): Illuminate/Pipeline/Pipeline->{closure:{closure:Illuminate/Pipeline/Pipeline::carry():194}:195}(Object(Illuminate/Http/Request))
#50 C:/Users/aleja/OneDrive/Escritorio/dwes05-te-2526-avillastrigo/vendor/laravel/framework/src/Illuminate/Foundation/Http/Kernel.php(175): Illuminate/Pipeline/Pipeline->then(Object(Closure))
#51 C:/Users/aleja/OneDrive/Escritorio/dwes05-te-2526-avillastrigo/vendor/laravel/framework/src/Illuminate/Foundation/Http/Kernel.php(144): Illuminate/Foundation/Http/Kernel->sendRequestThroughRouter(Object(Illuminate/Http/Request))
#52 C:/Users/aleja/OneDrive/Escritorio/dwes05-te-2526-avillastrigo/vendor/laravel/framework/src/Illuminate/Foundation/Application.php(1220): Illuminate/Foundation/Http/Kernel->handle(Object(Illuminate/Http/Request))
#53 C:/Users/aleja/OneDrive/Escritorio/dwes05-te-2526-avillastrigo/public/index.php(20): Illuminate/Foundation/Application->handleRequest(Object(Illuminate/Http/Request))
#54 C:/Users/aleja/OneDrive/Escritorio/dwes05-te-2526-avillastrigo/vendor/laravel/framework/src/Illuminate/Foundation/resources/server.php(23): require_once('C://Users//aleja//...')
#55 {main}
"} 
[2026-03-27 16:40:49] local.ERROR: SQLSTATE[23000]: Integrity constraint violation: 1452 Cannot add or update a child row: a foreign key constraint fails (`dwes_tarea5`.`reservations`, CONSTRAINT `reservations_gym_class_id_foreign` FOREIGN KEY (`gym_class_id`) REFERENCES `gym_classes` (`id`) ON DELETE CASCADE) (Connection: mysql, Host: 127.0.0.1, Port: 3306, Database: dwes_tarea5, SQL: insert into `reservations` (`usuario`, `gym_class_id`, `fecha`, `updated_at`, `created_at`) values (Error, 999, 2026-03-27, 2026-03-27 16:40:49, 2026-03-27 16:40:49)) {"exception":"[object] (Illuminate\\Database\\QueryException(code: 23000): SQLSTATE[23000]: Integrity constraint violation: 1452 Cannot add or update a child row: a foreign key constraint fails (`dwes_tarea5`.`reservations`, CONSTRAINT `reservations_gym_class_id_foreign` FOREIGN KEY (`gym_class_id`) REFERENCES `gym_classes` (`id`) ON DELETE CASCADE) (Connection: mysql, Host: 127.0.0.1, Port: 3306, Database: dwes_tarea5, SQL: insert into `reservations` (`usuario`, `gym_class_id`, `fecha`, `updated_at`, `created_at`) values (Error, 999, 2026-03-27, 2026-03-27 16:40:49, 2026-03-27 16:40:49)) at C:/Users/aleja/OneDrive/Escritorio/dwes05-te-2526-avillastrigo/vendor/laravel/framework/src/Illuminate/Database/Connection.php:841)
[stacktrace]
#0 C:/Users/aleja/OneDrive/Escritorio/dwes05-te-2526-avillastrigo/vendor/laravel/framework/src/Illuminate/Database/Connection.php(797): Illuminate/Database/Connection->runQueryCallback('insert into `re...', Array, Object(Closure))
#1 C:/Users/aleja/OneDrive/Escritorio/dwes05-te-2526-avillastrigo/vendor/laravel/framework/src/Illuminate/Database/MySqlConnection.php(42): Illuminate/Database/Connection->run('insert into `re...', Array, Object(Closure))
#2 C:/Users/aleja/OneDrive/Escritorio/dwes05-te-2526-avillastrigo/vendor/laravel/framework/src/Illuminate/Database/Query/Processors/MySqlProcessor.php(35): Illuminate/Database/MySqlConnection->insert('insert into `re...', Array, 'id')
#3 C:/Users/aleja/OneDrive/Escritorio/dwes05-te-2526-avillastrigo/vendor/laravel/framework/src/Illuminate/Database/Query/Builder.php(4246): Illuminate/Database/Query/Processors/MySqlProcessor->processInsertGetId(Object(Illuminate/Database/Query/Builder), 'insert into `re...', Array, 'id')
#4 C:/Users/aleja/OneDrive/Escritorio/dwes05-te-2526-avillastrigo/vendor/laravel/framework/src/Illuminate/Database/Eloquent/Builder.php(2242): Illuminate/Database/Query/Builder->insertGetId(Array, 'id')
#5 C:/Users/aleja/OneDrive/Escritorio/dwes05-te-2526-avillastrigo/vendor/laravel/framework/src/Illuminate/Database/Eloquent/Model.php(1580): Illuminate/Database/Eloquent/Builder->__call('insertGetId', Array)
#6 C:/Users/aleja/OneDrive/Escritorio/dwes05-te-2526-avillastrigo/vendor/laravel/framework/src/Illuminate/Database/Eloquent/Model.php(1496): Illuminate/Database/Eloquent/Model->insertAndSetId(Object(Illuminate/Database/Eloquent/Builder), Array)
#7 C:/Users/aleja/OneDrive/Escritorio/dwes05-te-2526-avillastrigo/vendor/laravel/framework/src/Illuminate/Database/Eloquent/Model.php(1300): Illuminate/Database/Eloquent/Model->performInsert(Object(Illuminate/Database/Eloquent/Builder))
#8 C:/Users/aleja/OneDrive/Escritorio/dwes05-te-2526-avillastrigo/vendor/laravel/framework/src/Illuminate/Database/Eloquent/Builder.php(1224): Illuminate/Database/Eloquent/Model->save()
#9 C:/Users/aleja/OneDrive/Escritorio/dwes05-te-2526-avillastrigo/vendor/laravel/framework/src/Illuminate/Support/helpers.php(393): Illuminate/Database/Eloquent/Builder->{closure:Illuminate/Database/Eloquent/Builder::create():1223}(Object(App/Models/Reservation))
#10 C:/Users/aleja/OneDrive/Escritorio/dwes05-te-2526-avillastrigo/vendor/laravel/framework/src/Illuminate/Database/Eloquent/Builder.php(1223): tap(Object(App/Models/Reservation), Object(Closure))
#11 C:/Users/aleja/OneDrive/Escritorio/dwes05-te-2526-avillastrigo/vendor/laravel/framework/src/Illuminate/Support/Traits/ForwardsCalls.php(23): Illuminate/Database/Eloquent/Builder->create(Array)
#12 C:/Users/aleja/OneDrive/Escritorio/dwes05-te-2526-avillastrigo/vendor/laravel/framework/src/Illuminate/Database/Eloquent/Model.php(2723): Illuminate/Database/Eloquent/Model->forwardCallTo(Object(Illuminate/Database/Eloquent/Builder), 'create', Array)
#13 C:/Users/aleja/OneDrive/Escritorio/dwes05-te-2526-avillastrigo/vendor/laravel/framework/src/Illuminate/Database/Eloquent/Model.php(2739): Illuminate/Database/Eloquent/Model->__call('create', Array)
#14 C:/Users/aleja/OneDrive/Escritorio/dwes05-te-2526-avillastrigo/app/Http/Controllers/ReservationController.php(39): Illuminate/Database/Eloquent/Model::__callStatic('create', Array)
#15 C:/Users/aleja/OneDrive/Escritorio/dwes05-te-2526-avillastrigo/vendor/laravel/framework/src/Illuminate/Routing/ControllerDispatcher.php(46): App/Http/Controllers/ReservationController->store(Object(Illuminate/Http/Request))
#16 C:/Users/aleja/OneDrive/Escritorio/dwes05-te-2526-avillastrigo/vendor/laravel/framework/src/Illuminate/Routing/Route.php(269): Illuminate/Routing/ControllerDispatcher->dispatch(Object(Illuminate/Routing/Route), Object(App/Http/Controllers/ReservationController), 'store')
#17 C:/Users/aleja/OneDrive/Escritorio/dwes05-te-2526-avillastrigo/vendor/laravel/framework/src/Illuminate/Routing/Route.php(215): Illuminate/Routing/Route->runController()
#18 C:/Users/aleja/OneDrive/Escritorio/dwes05-te-2526-avillastrigo/vendor/laravel/framework/src/Illuminate/Routing/Router.php(822): Illuminate/Routing/Route->run()
#19 C:/Users/aleja/OneDrive/Escritorio/dwes05-te-2526-avillastrigo/vendor/laravel/framework/src/Illuminate/Pipeline/Pipeline.php(180): Illuminate/Routing/Router->{closure:Illuminate/Routing/Router::runRouteWithinStack():821}(Object(Illuminate/Http/Request))
#20 C:/Users/aleja/OneDrive/Escritorio/dwes05-te-2526-avillastrigo/vendor/laravel/framework/src/Illuminate/Routing/Middleware/SubstituteBindings.php(52): Illuminate/Pipeline/Pipeline->{closure:Illuminate/Pipeline/Pipeline::prepareDestination():178}(Object(Illuminate/Http/Request))
#21 C:/Users/aleja/OneDrive/Escritorio/dwes05-te-2526-avillastrigo/vendor/laravel/framework/src/Illuminate/Pipeline/Pipeline.php(219): Illuminate/Routing/Middleware/SubstituteBindings->handle(Object(Illuminate/Http/Request), Object(Closure))
#22 C:/Users/aleja/OneDrive/Escritorio/dwes05-te-2526-avillastrigo/vendor/laravel/framework/src/Illuminate/Pipeline/Pipeline.php(137): Illuminate/Pipeline/Pipeline->{closure:{closure:Illuminate/Pipeline/Pipeline::carry():194}:195}(Object(Illuminate/Http/Request))
#23 C:/Users/aleja/OneDrive/Escritorio/dwes05-te-2526-avillastrigo/vendor/laravel/framework/src/Illuminate/Routing/Router.php(821): Illuminate/Pipeline/Pipeline->then(Object(Closure))
#24 C:/Users/aleja/OneDrive/Escritorio/dwes05-te-2526-avillastrigo/vendor/laravel/framework/src/Illuminate/Routing/Router.php(800): Illuminate/Routing/Router->runRouteWithinStack(Object(Illuminate/Routing/Route), Object(Illuminate/Http/Request))
#25 C:/Users/aleja/OneDrive/Escritorio/dwes05-te-2526-avillastrigo/vendor/laravel/framework/src/Illuminate/Routing/Router.php(764): Illuminate/Routing/Router->runRoute(Object(Illuminate/Http/Request), Object(Illuminate/Routing/Route))
#26 C:/Users/aleja/OneDrive/Escritorio/dwes05-te-2526-avillastrigo/vendor/laravel/framework/src/Illuminate/Routing/Router.php(753): Illuminate/Routing/Router->dispatchToRoute(Object(Illuminate/Http/Request))
#27 C:/Users/aleja/OneDrive/Escritorio/dwes05-te-2526-avillastrigo/vendor/laravel/framework/src/Illuminate/Foundation/Http/Kernel.php(200): Illuminate/Routing/Router->dispatch(Object(Illuminate/Http/Request))
#28 C:/Users/aleja/OneDrive/Escritorio/dwes05-te-2526-avillastrigo/vendor/laravel/framework/src/Illuminate/Pipeline/Pipeline.php(180): Illuminate/Foundation/Http/Kernel->{closure:Illuminate/Foundation/Http/Kernel::dispatchToRouter():197}(Object(Illuminate/Http/Request))
#29 C:/Users/aleja/OneDrive/Escritorio/dwes05-te-2526-avillastrigo/vendor/laravel/framework/src/Illuminate/Foundation/Http/Middleware/TransformsRequest.php(21): Illuminate/Pipeline/Pipeline->{closure:Illuminate/Pipeline/Pipeline::prepareDestination():178}(Object(Illuminate/Http/Request))
#30 C:/Users/aleja/OneDrive/Escritorio/dwes05-te-2526-avillastrigo/vendor/laravel/framework/src/Illuminate/Foundation/Http/Middleware/ConvertEmptyStringsToNull.php(31): Illuminate/Foundation/Http/Middleware/TransformsRequest->handle(Object(Illuminate/Http/Request), Object(Closure))
#31 C:/Users/aleja/OneDrive/Escritorio/dwes05-te-2526-avillastrigo/vendor/laravel/framework/src/Illuminate/Pipeline/Pipeline.php(219): Illuminate/Foundation/Http/Middleware/ConvertEmptyStringsToNull->handle(Object(Illuminate/Http/Request), Object(Closure))
#32 C:/Users/aleja/OneDrive/Escritorio/dwes05-te-2526-avillastrigo/vendor/laravel/framework/src/Illuminate/Foundation/Http/Middleware/TransformsRequest.php(21): Illuminate/Pipeline/Pipeline->{closure:{closure:Illuminate/Pipeline/Pipeline::carry():194}:195}(Object(Illuminate/Http/Request))
#33 C:/Users/aleja/OneDrive/Escritorio/dwes05-te-2526-avillastrigo/vendor/laravel/framework/src/Illuminate/Foundation/Http/Middleware/TrimStrings.php(51): Illuminate/Foundation/Http/Middleware/TransformsRequest->handle(Object(Illuminate/Http/Request), Object(Closure))
#34 C:/Users/aleja/OneDrive/Escritorio/dwes05-te-2526-avillastrigo/vendor/laravel/framework/src/Illuminate/Pipeline/Pipeline.php(219): Illuminate/Foundation/Http/Middleware/TrimStrings->handle(Object(Illuminate/Http/Request), Object(Closure))
#35 C:/Users/aleja/OneDrive/Escritorio/dwes05-te-2526-avillastrigo/vendor/laravel/framework/src/Illuminate/Http/Middleware/ValidatePostSize.php(27): Illuminate/Pipeline/Pipeline->{closure:{closure:Illuminate/Pipeline/Pipeline::carry():194}:195}(Object(Illuminate/Http/Request))
#36 C:/Users/aleja/OneDrive/Escritorio/dwes05-te-2526-avillastrigo/vendor/laravel/framework/src/Illuminate/Pipeline/Pipeline.php(219): Illuminate/Http/Middleware/ValidatePostSize->handle(Object(Illuminate/Http/Request), Object(Closure))
#37 C:/Users/aleja/OneDrive/Escritorio/dwes05-te-2526-avillastrigo/vendor/laravel/framework/src/Illuminate/Foundation/Http/Middleware/PreventRequestsDuringMaintenance.php(109): Illuminate/Pipeline/Pipeline->{closure:{closure:Illuminate/Pipeline/Pipeline::carry():194}:195}(Object(Illuminate/Http/Request))
#38 C:/Users/aleja/OneDrive/Escritorio/dwes05-te-2526-avillastrigo/vendor/laravel/framework/src/Illuminate/Pipeline/Pipeline.php(219): Illuminate/Foundation/Http/Middleware/PreventRequestsDuringMaintenance->handle(Object(Illuminate/Http/Request), Object(Closure))
#39 C:/Users/aleja/OneDrive/Escritorio/dwes05-te-2526-avillastrigo/vendor/laravel/framework/src/Illuminate/Http/Middleware/HandleCors.php(74): Illuminate/Pipeline/Pipeline->{closure:{closure:Illuminate/Pipeline/Pipeline::carry():194}:195}(Object(Illuminate/Http/Request))
#40 C:/Users/aleja/OneDrive/Escritorio/dwes05-te-2526-avillastrigo/vendor/laravel/framework/src/Illuminate/Pipeline/Pipeline.php(219): Illuminate/Http/Middleware/HandleCors->handle(Object(Illuminate/Http/Request), Object(Closure))
#41 C:/Users/aleja/OneDrive/Escritorio/dwes05-te-2526-avillastrigo/vendor/laravel/framework/src/Illuminate/Http/Middleware/TrustProxies.php(58): Illuminate/Pipeline/Pipeline->{closure:{closure:Illuminate/Pipeline/Pipeline::carry():194}:195}(Object(Illuminate/Http/Request))
#42 C:/Users/aleja/OneDrive/Escritorio/dwes05-te-2526-avillastrigo/vendor/laravel/framework/src/Illuminate/Pipeline/Pipeline.php(219): Illuminate/Http/Middleware/TrustProxies->handle(Object(Illuminate/Http/Request), Object(Closure))
#43 C:/Users/aleja/OneDrive/Escritorio/dwes05-te-2526-avillastrigo/vendor/laravel/framework/src/Illuminate/Foundation/Http/Middleware/InvokeDeferredCallbacks.php(22): Illuminate/Pipeline/Pipeline->{closure:{closure:Illuminate/Pipeline/Pipeline::carry():194}:195}(Object(Illuminate/Http/Request))
#44 C:/Users/aleja/OneDrive/Escritorio/dwes05-te-2526-avillastrigo/vendor/laravel/framework/src/Illuminate/Pipeline/Pipeline.php(219): Illuminate/Foundation/Http/Middleware/InvokeDeferredCallbacks->handle(Object(Illuminate/Http/Request), Object(Closure))
#45 C:/Users/aleja/OneDrive/Escritorio/dwes05-te-2526-avillastrigo/vendor/laravel/framework/src/Illuminate/Http/Middleware/ValidatePathEncoding.php(28): Illuminate/Pipeline/Pipeline->{closure:{closure:Illuminate/Pipeline/Pipeline::carry():194}:195}(Object(Illuminate/Http/Request))
#46 C:/Users/aleja/OneDrive/Escritorio/dwes05-te-2526-avillastrigo/vendor/laravel/framework/src/Illuminate/Pipeline/Pipeline.php(219): Illuminate/Http/Middleware/ValidatePathEncoding->handle(Object(Illuminate/Http/Request), Object(Closure))
#47 C:/Users/aleja/OneDrive/Escritorio/dwes05-te-2526-avillastrigo/vendor/laravel/framework/src/Illuminate/Pipeline/Pipeline.php(137): Illuminate/Pipeline/Pipeline->{closure:{closure:Illuminate/Pipeline/Pipeline::carry():194}:195}(Object(Illuminate/Http/Request))
#48 C:/Users/aleja/OneDrive/Escritorio/dwes05-te-2526-avillastrigo/vendor/laravel/framework/src/Illuminate/Foundation/Http/Kernel.php(175): Illuminate/Pipeline/Pipeline->then(Object(Closure))
#49 C:/Users/aleja/OneDrive/Escritorio/dwes05-te-2526-avillastrigo/vendor/laravel/framework/src/Illuminate/Foundation/Http/Kernel.php(144): Illuminate/Foundation/Http/Kernel->sendRequestThroughRouter(Object(Illuminate/Http/Request))
#50 C:/Users/aleja/OneDrive/Escritorio/dwes05-te-2526-avillastrigo/vendor/laravel/framework/src/Illuminate/Foundation/Application.php(1220): Illuminate/Foundation/Http/Kernel->handle(Object(Illuminate/Http/Request))
#51 C:/Users/aleja/OneDrive/Escritorio/dwes05-te-2526-avillastrigo/public/index.php(20): Illuminate/Foundation/Application->handleRequest(Object(Illuminate/Http/Request))
#52 C:/Users/aleja/OneDrive/Escritorio/dwes05-te-2526-avillastrigo/vendor/laravel/framework/src/Illuminate/Foundation/resources/server.php(23): require_once('C://Users//aleja//...')
#53 {main}

[previous exception] [object] (PDOException(code: 23000): SQLSTATE[23000]: Integrity constraint violation: 1452 Cannot add or update a child row: a foreign key constraint fails (`dwes_tarea5`.`reservations`, CONSTRAINT `reservations_gym_class_id_foreign` FOREIGN KEY (`gym_class_id`) REFERENCES `gym_classes` (`id`) ON DELETE CASCADE) at C:/Users/aleja/OneDrive/Escritorio/dwes05-te-2526-avillastrigo/vendor/laravel/framework/src/Illuminate/Database/MySqlConnection.php:53)
[stacktrace]
#0 C:/Users/aleja/OneDrive/Escritorio/dwes05-te-2526-avillastrigo/vendor/laravel/framework/src/Illuminate/Database/MySqlConnection.php(53): PDOStatement->execute()
#1 C:/Users/aleja/OneDrive/Escritorio/dwes05-te-2526-avillastrigo/vendor/laravel/framework/src/Illuminate/Database/Connection.php(830): Illuminate/Database/MySqlConnection->{closure:Illuminate/Database/MySqlConnection::insert():42}('insert into `re...', Array)
#2 C:/Users/aleja/OneDrive/Escritorio/dwes05-te-2526-avillastrigo/vendor/laravel/framework/src/Illuminate/Database/Connection.php(797): Illuminate/Database/Connection->runQueryCallback('insert into `re...', Array, Object(Closure))
#3 C:/Users/aleja/OneDrive/Escritorio/dwes05-te-2526-avillastrigo/vendor/laravel/framework/src/Illuminate/Database/MySqlConnection.php(42): Illuminate/Database/Connection->run('insert into `re...', Array, Object(Closure))
#4 C:/Users/aleja/OneDrive/Escritorio/dwes05-te-2526-avillastrigo/vendor/laravel/framework/src/Illuminate/Database/Query/Processors/MySqlProcessor.php(35): Illuminate/Database/MySqlConnection->insert('insert into `re...', Array, 'id')
#5 C:/Users/aleja/OneDrive/Escritorio/dwes05-te-2526-avillastrigo/vendor/laravel/framework/src/Illuminate/Database/Query/Builder.php(4246): Illuminate/Database/Query/Processors/MySqlProcessor->processInsertGetId(Object(Illuminate/Database/Query/Builder), 'insert into `re...', Array, 'id')
#6 C:/Users/aleja/OneDrive/Escritorio/dwes05-te-2526-avillastrigo/vendor/laravel/framework/src/Illuminate/Database/Eloquent/Builder.php(2242): Illuminate/Database/Query/Builder->insertGetId(Array, 'id')
#7 C:/Users/aleja/OneDrive/Escritorio/dwes05-te-2526-avillastrigo/vendor/laravel/framework/src/Illuminate/Database/Eloquent/Model.php(1580): Illuminate/Database/Eloquent/Builder->__call('insertGetId', Array)
#8 C:/Users/aleja/OneDrive/Escritorio/dwes05-te-2526-avillastrigo/vendor/laravel/framework/src/Illuminate/Database/Eloquent/Model.php(1496): Illuminate/Database/Eloquent/Model->insertAndSetId(Object(Illuminate/Database/Eloquent/Builder), Array)
#9 C:/Users/aleja/OneDrive/Escritorio/dwes05-te-2526-avillastrigo/vendor/laravel/framework/src/Illuminate/Database/Eloquent/Model.php(1300): Illuminate/Database/Eloquent/Model->performInsert(Object(Illuminate/Database/Eloquent/Builder))
#10 C:/Users/aleja/OneDrive/Escritorio/dwes05-te-2526-avillastrigo/vendor/laravel/framework/src/Illuminate/Database/Eloquent/Builder.php(1224): Illuminate/Database/Eloquent/Model->save()
#11 C:/Users/aleja/OneDrive/Escritorio/dwes05-te-2526-avillastrigo/vendor/laravel/framework/src/Illuminate/Support/helpers.php(393): Illuminate/Database/Eloquent/Builder->{closure:Illuminate/Database/Eloquent/Builder::create():1223}(Object(App/Models/Reservation))
#12 C:/Users/aleja/OneDrive/Escritorio/dwes05-te-2526-avillastrigo/vendor/laravel/framework/src/Illuminate/Database/Eloquent/Builder.php(1223): tap(Object(App/Models/Reservation), Object(Closure))
#13 C:/Users/aleja/OneDrive/Escritorio/dwes05-te-2526-avillastrigo/vendor/laravel/framework/src/Illuminate/Support/Traits/ForwardsCalls.php(23): Illuminate/Database/Eloquent/Builder->create(Array)
#14 C:/Users/aleja/OneDrive/Escritorio/dwes05-te-2526-avillastrigo/vendor/laravel/framework/src/Illuminate/Database/Eloquent/Model.php(2723): Illuminate/Database/Eloquent/Model->forwardCallTo(Object(Illuminate/Database/Eloquent/Builder), 'create', Array)
#15 C:/Users/aleja/OneDrive/Escritorio/dwes05-te-2526-avillastrigo/vendor/laravel/framework/src/Illuminate/Database/Eloquent/Model.php(2739): Illuminate/Database/Eloquent/Model->__call('create', Array)
#16 C:/Users/aleja/OneDrive/Escritorio/dwes05-te-2526-avillastrigo/app/Http/Controllers/ReservationController.php(39): Illuminate/Database/Eloquent/Model::__callStatic('create', Array)
#17 C:/Users/aleja/OneDrive/Escritorio/dwes05-te-2526-avillastrigo/vendor/laravel/framework/src/Illuminate/Routing/ControllerDispatcher.php(46): App/Http/Controllers/ReservationController->store(Object(Illuminate/Http/Request))
#18 C:/Users/aleja/OneDrive/Escritorio/dwes05-te-2526-avillastrigo/vendor/laravel/framework/src/Illuminate/Routing/Route.php(269): Illuminate/Routing/ControllerDispatcher->dispatch(Object(Illuminate/Routing/Route), Object(App/Http/Controllers/ReservationController), 'store')
#19 C:/Users/aleja/OneDrive/Escritorio/dwes05-te-2526-avillastrigo/vendor/laravel/framework/src/Illuminate/Routing/Route.php(215): Illuminate/Routing/Route->runController()
#20 C:/Users/aleja/OneDrive/Escritorio/dwes05-te-2526-avillastrigo/vendor/laravel/framework/src/Illuminate/Routing/Router.php(822): Illuminate/Routing/Route->run()
#21 C:/Users/aleja/OneDrive/Escritorio/dwes05-te-2526-avillastrigo/vendor/laravel/framework/src/Illuminate/Pipeline/Pipeline.php(180): Illuminate/Routing/Router->{closure:Illuminate/Routing/Router::runRouteWithinStack():821}(Object(Illuminate/Http/Request))
#22 C:/Users/aleja/OneDrive/Escritorio/dwes05-te-2526-avillastrigo/vendor/laravel/framework/src/Illuminate/Routing/Middleware/SubstituteBindings.php(52): Illuminate/Pipeline/Pipeline->{closure:Illuminate/Pipeline/Pipeline::prepareDestination():178}(Object(Illuminate/Http/Request))
#23 C:/Users/aleja/OneDrive/Escritorio/dwes05-te-2526-avillastrigo/vendor/laravel/framework/src/Illuminate/Pipeline/Pipeline.php(219): Illuminate/Routing/Middleware/SubstituteBindings->handle(Object(Illuminate/Http/Request), Object(Closure))
#24 C:/Users/aleja/OneDrive/Escritorio/dwes05-te-2526-avillastrigo/vendor/laravel/framework/src/Illuminate/Pipeline/Pipeline.php(137): Illuminate/Pipeline/Pipeline->{closure:{closure:Illuminate/Pipeline/Pipeline::carry():194}:195}(Object(Illuminate/Http/Request))
#25 C:/Users/aleja/OneDrive/Escritorio/dwes05-te-2526-avillastrigo/vendor/laravel/framework/src/Illuminate/Routing/Router.php(821): Illuminate/Pipeline/Pipeline->then(Object(Closure))
#26 C:/Users/aleja/OneDrive/Escritorio/dwes05-te-2526-avillastrigo/vendor/laravel/framework/src/Illuminate/Routing/Router.php(800): Illuminate/Routing/Router->runRouteWithinStack(Object(Illuminate/Routing/Route), Object(Illuminate/Http/Request))
#27 C:/Users/aleja/OneDrive/Escritorio/dwes05-te-2526-avillastrigo/vendor/laravel/framework/src/Illuminate/Routing/Router.php(764): Illuminate/Routing/Router->runRoute(Object(Illuminate/Http/Request), Object(Illuminate/Routing/Route))
#28 C:/Users/aleja/OneDrive/Escritorio/dwes05-te-2526-avillastrigo/vendor/laravel/framework/src/Illuminate/Routing/Router.php(753): Illuminate/Routing/Router->dispatchToRoute(Object(Illuminate/Http/Request))
#29 C:/Users/aleja/OneDrive/Escritorio/dwes05-te-2526-avillastrigo/vendor/laravel/framework/src/Illuminate/Foundation/Http/Kernel.php(200): Illuminate/Routing/Router->dispatch(Object(Illuminate/Http/Request))
#30 C:/Users/aleja/OneDrive/Escritorio/dwes05-te-2526-avillastrigo/vendor/laravel/framework/src/Illuminate/Pipeline/Pipeline.php(180): Illuminate/Foundation/Http/Kernel->{closure:Illuminate/Foundation/Http/Kernel::dispatchToRouter():197}(Object(Illuminate/Http/Request))
#31 C:/Users/aleja/OneDrive/Escritorio/dwes05-te-2526-avillastrigo/vendor/laravel/framework/src/Illuminate/Foundation/Http/Middleware/TransformsRequest.php(21): Illuminate/Pipeline/Pipeline->{closure:Illuminate/Pipeline/Pipeline::prepareDestination():178}(Object(Illuminate/Http/Request))
#32 C:/Users/aleja/OneDrive/Escritorio/dwes05-te-2526-avillastrigo/vendor/laravel/framework/src/Illuminate/Foundation/Http/Middleware/ConvertEmptyStringsToNull.php(31): Illuminate/Foundation/Http/Middleware/TransformsRequest->handle(Object(Illuminate/Http/Request), Object(Closure))
#33 C:/Users/aleja/OneDrive/Escritorio/dwes05-te-2526-avillastrigo/vendor/laravel/framework/src/Illuminate/Pipeline/Pipeline.php(219): Illuminate/Foundation/Http/Middleware/ConvertEmptyStringsToNull->handle(Object(Illuminate/Http/Request), Object(Closure))
#34 C:/Users/aleja/OneDrive/Escritorio/dwes05-te-2526-avillastrigo/vendor/laravel/framework/src/Illuminate/Foundation/Http/Middleware/TransformsRequest.php(21): Illuminate/Pipeline/Pipeline->{closure:{closure:Illuminate/Pipeline/Pipeline::carry():194}:195}(Object(Illuminate/Http/Request))
#35 C:/Users/aleja/OneDrive/Escritorio/dwes05-te-2526-avillastrigo/vendor/laravel/framework/src/Illuminate/Foundation/Http/Middleware/TrimStrings.php(51): Illuminate/Foundation/Http/Middleware/TransformsRequest->handle(Object(Illuminate/Http/Request), Object(Closure))
#36 C:/Users/aleja/OneDrive/Escritorio/dwes05-te-2526-avillastrigo/vendor/laravel/framework/src/Illuminate/Pipeline/Pipeline.php(219): Illuminate/Foundation/Http/Middleware/TrimStrings->handle(Object(Illuminate/Http/Request), Object(Closure))
#37 C:/Users/aleja/OneDrive/Escritorio/dwes05-te-2526-avillastrigo/vendor/laravel/framework/src/Illuminate/Http/Middleware/ValidatePostSize.php(27): Illuminate/Pipeline/Pipeline->{closure:{closure:Illuminate/Pipeline/Pipeline::carry():194}:195}(Object(Illuminate/Http/Request))
#38 C:/Users/aleja/OneDrive/Escritorio/dwes05-te-2526-avillastrigo/vendor/laravel/framework/src/Illuminate/Pipeline/Pipeline.php(219): Illuminate/Http/Middleware/ValidatePostSize->handle(Object(Illuminate/Http/Request), Object(Closure))
#39 C:/Users/aleja/OneDrive/Escritorio/dwes05-te-2526-avillastrigo/vendor/laravel/framework/src/Illuminate/Foundation/Http/Middleware/PreventRequestsDuringMaintenance.php(109): Illuminate/Pipeline/Pipeline->{closure:{closure:Illuminate/Pipeline/Pipeline::carry():194}:195}(Object(Illuminate/Http/Request))
#40 C:/Users/aleja/OneDrive/Escritorio/dwes05-te-2526-avillastrigo/vendor/laravel/framework/src/Illuminate/Pipeline/Pipeline.php(219): Illuminate/Foundation/Http/Middleware/PreventRequestsDuringMaintenance->handle(Object(Illuminate/Http/Request), Object(Closure))
#41 C:/Users/aleja/OneDrive/Escritorio/dwes05-te-2526-avillastrigo/vendor/laravel/framework/src/Illuminate/Http/Middleware/HandleCors.php(74): Illuminate/Pipeline/Pipeline->{closure:{closure:Illuminate/Pipeline/Pipeline::carry():194}:195}(Object(Illuminate/Http/Request))
#42 C:/Users/aleja/OneDrive/Escritorio/dwes05-te-2526-avillastrigo/vendor/laravel/framework/src/Illuminate/Pipeline/Pipeline.php(219): Illuminate/Http/Middleware/HandleCors->handle(Object(Illuminate/Http/Request), Object(Closure))
#43 C:/Users/aleja/OneDrive/Escritorio/dwes05-te-2526-avillastrigo/vendor/laravel/framework/src/Illuminate/Http/Middleware/TrustProxies.php(58): Illuminate/Pipeline/Pipeline->{closure:{closure:Illuminate/Pipeline/Pipeline::carry():194}:195}(Object(Illuminate/Http/Request))
#44 C:/Users/aleja/OneDrive/Escritorio/dwes05-te-2526-avillastrigo/vendor/laravel/framework/src/Illuminate/Pipeline/Pipeline.php(219): Illuminate/Http/Middleware/TrustProxies->handle(Object(Illuminate/Http/Request), Object(Closure))
#45 C:/Users/aleja/OneDrive/Escritorio/dwes05-te-2526-avillastrigo/vendor/laravel/framework/src/Illuminate/Foundation/Http/Middleware/InvokeDeferredCallbacks.php(22): Illuminate/Pipeline/Pipeline->{closure:{closure:Illuminate/Pipeline/Pipeline::carry():194}:195}(Object(Illuminate/Http/Request))
#46 C:/Users/aleja/OneDrive/Escritorio/dwes05-te-2526-avillastrigo/vendor/laravel/framework/src/Illuminate/Pipeline/Pipeline.php(219): Illuminate/Foundation/Http/Middleware/InvokeDeferredCallbacks->handle(Object(Illuminate/Http/Request), Object(Closure))
#47 C:/Users/aleja/OneDrive/Escritorio/dwes05-te-2526-avillastrigo/vendor/laravel/framework/src/Illuminate/Http/Middleware/ValidatePathEncoding.php(28): Illuminate/Pipeline/Pipeline->{closure:{closure:Illuminate/Pipeline/Pipeline::carry():194}:195}(Object(Illuminate/Http/Request))
#48 C:/Users/aleja/OneDrive/Escritorio/dwes05-te-2526-avillastrigo/vendor/laravel/framework/src/Illuminate/Pipeline/Pipeline.php(219): Illuminate/Http/Middleware/ValidatePathEncoding->handle(Object(Illuminate/Http/Request), Object(Closure))
#49 C:/Users/aleja/OneDrive/Escritorio/dwes05-te-2526-avillastrigo/vendor/laravel/framework/src/Illuminate/Pipeline/Pipeline.php(137): Illuminate/Pipeline/Pipeline->{closure:{closure:Illuminate/Pipeline/Pipeline::carry():194}:195}(Object(Illuminate/Http/Request))
#50 C:/Users/aleja/OneDrive/Escritorio/dwes05-te-2526-avillastrigo/vendor/laravel/framework/src/Illuminate/Foundation/Http/Kernel.php(175): Illuminate/Pipeline/Pipeline->then(Object(Closure))
#51 C:/Users/aleja/OneDrive/Escritorio/dwes05-te-2526-avillastrigo/vendor/laravel/framework/src/Illuminate/Foundation/Http/Kernel.php(144): Illuminate/Foundation/Http/Kernel->sendRequestThroughRouter(Object(Illuminate/Http/Request))
#52 C:/Users/aleja/OneDrive/Escritorio/dwes05-te-2526-avillastrigo/vendor/laravel/framework/src/Illuminate/Foundation/Application.php(1220): Illuminate/Foundation/Http/Kernel->handle(Object(Illuminate/Http/Request))
#53 C:/Users/aleja/OneDrive/Escritorio/dwes05-te-2526-avillastrigo/public/index.php(20): Illuminate/Foundation/Application->handleRequest(Object(Illuminate/Http/Request))
#54 C:/Users/aleja/OneDrive/Escritorio/dwes05-te-2526-avillastrigo/vendor/laravel/framework/src/Illuminate/Foundation/resources/server.php(23): require_once('C://Users//aleja//...')
#55 {main}
"} 
